id,text,tokens,ner_tags,entities,source_type
train-00000,The documentary follows expeditions to Mount Kenya and later to Broad Peak.,"[""The"", ""documentary"", ""follows"", ""expeditions"", ""to"", ""Mount"", ""Kenya"", ""and"", ""later"", ""to"", ""Broad"", ""Peak"", "".""]","[""O"", ""O"", ""O"", ""O"", ""O"", ""B-MOUNTAIN"", ""I-MOUNTAIN"", ""O"", ""O"", ""O"", ""B-MOUNTAIN"", ""I-MOUNTAIN"", ""O""]","[{""start"": 39, ""end"": 50, ""label"": ""MOUNTAIN"", ""text"": ""Mount Kenya""}, {""start"": 64, ""end"": 74, ""label"": ""MOUNTAIN"", ""text"": ""Broad Peak""}]",synthetic_positive_multi
train-00001,A helicopter circled above Grand Teton during the rescue.,"[""A"", ""helicopter"", ""circled"", ""above"", ""Grand"", ""Teton"", ""during"", ""the"", ""rescue"", "".""]","[""O"", ""O"", ""O"", ""O"", ""B-MOUNTAIN"", ""I-MOUNTAIN"", ""O"", ""O"", ""O"", ""O""]","[{""start"": 27, ""end"": 38, ""label"": ""MOUNTAIN"", ""text"": ""Grand Teton""}]",synthetic_positive_single
train-00002,The travel company approved the algorithm during the conference.,"[""The"", ""travel"", ""company"", ""approved"", ""the"", ""algorithm"", ""during"", ""the"", ""conference"", "".""]","[""O"", ""O"", ""O"", ""O"", ""O"", ""O"", ""O"", ""O"", ""O"", ""O""]",[],synthetic_negative
train-00003,They began their ascent of Mount Vesuvius at dawn.,"[""They"", ""began"", ""their"", ""ascent"", ""of"", ""Mount"", ""Vesuvius"", ""at"", ""dawn"", "".""]","[""O"", ""O"", ""O"", ""O"", ""O"", ""B-MOUNTAIN"", ""I-MOUNTAIN"", ""O"", ""O"", ""O""]","[{""start"": 27, ""end"": 41, ""label"": ""MOUNTAIN"", ""text"": ""Mount Vesuvius""}]",synthetic_positive_single
train-00004,A documentary crew filmed near Mount Mitchell.,"[""A"", ""documentary"", ""crew"", ""filmed"", ""near"", ""Mount"", ""Mitchell"", "".""]","[""O"", ""O"", ""O"", ""O"", ""O"", ""B-MOUNTAIN"", ""I-MOUNTAIN"", ""O""]","[{""start"": 31, ""end"": 45, ""label"": ""MOUNTAIN"", ""text"": ""Mount Mitchell""}]",synthetic_positive_single
train-00005,The tourist group updated the weather forecast during the conference.,"[""The"", ""tourist"", ""group"", ""updated"", ""the"", ""weather"", ""forecast"", ""during"", ""the"", ""conference"", "".""]","[""O"", ""O"", ""O"", ""O"", ""O"", ""O"", ""O"", ""O"", ""O"", ""O"", ""O""]",[],synthetic_negative
train-00006,"She has photographed Mount Tongariro, Jebel Toubkal, and several nearby peaks.","[""She"", ""has"", ""photographed"", ""Mount"", ""Tongariro"", "","", ""Jebel"", ""Toubkal"", "","", ""and"", ""several"", ""nearby"", ""peaks"", "".""]","[""O"", ""O"", ""O"", ""B-MOUNTAIN"", ""I-MOUNTAIN"", ""O"", ""B-MOUNTAIN"", ""I-MOUNTAIN"", ""O"", ""O"", ""O"", ""O"", ""O"", ""O""]","[{""start"": 21, ""end"": 36, ""label"": ""MOUNTAIN"", ""text"": ""Mount Tongariro""}, {""start"": 38, ""end"": 51, ""label"": ""MOUNTAIN"", ""text"": ""Jebel Toubkal""}]",synthetic_positive_multi
train-00007,The expedition reached the summit of Mount Sanford before noon.,"[""The"", ""expedition"", ""reached"", ""the"", ""summit"", ""of"", ""Mount"", ""Sanford"", ""before"", ""noon"", "".""]","[""O"", ""O"", ""O"", ""O"", ""O"", ""O"", ""B-MOUNTAIN"", ""I-MOUNTAIN"", ""O"", ""O"", ""O""]","[{""start"": 37, ""end"": 50, ""label"": ""MOUNTAIN"", ""text"": ""Mount Sanford""}]",synthetic_positive_single
train-00008,She hopes to climb Mount Mitchell next year.,"[""She"", ""hopes"", ""to"", ""climb"", ""Mount"", ""Mitchell"", ""next"", ""year"", "".""]","[""O"", ""O"", ""O"", ""O"", ""B-MOUNTAIN"", ""I-MOUNTAIN"", ""O"", ""O"", ""O""]","[{""start"": 19, ""end"": 33, ""label"": ""MOUNTAIN"", ""text"": ""Mount Mitchell""}]",synthetic_positive_single
train-00009,Photos of Table Mountain were displayed in the museum.,"[""Photos"", ""of"", ""Table"", ""Mountain"", ""were"", ""displayed"", ""in"", ""the"", ""museum"", "".""]","[""O"", ""O"", ""B-MOUNTAIN"", ""I-MOUNTAIN"", ""O"", ""O"", ""O"", ""O"", ""O"", ""O""]","[{""start"": 10, ""end"": 24, ""label"": ""MOUNTAIN"", ""text"": ""Table Mountain""}]",synthetic_positive_single
train-00010,"From the eastern ridge, we watched the sun rise behind Sajama.","[""From"", ""the"", ""eastern"", ""ridge"", "","", ""we"", ""watched"", ""the"", ""sun"", ""rise"", ""behind"", ""Sajama"", "".""]","[""O"", ""O"", ""O"", ""O"", ""O"", ""O"", ""O"", ""O"", ""O"", ""O"", ""O"", ""B-MOUNTAIN"", ""O""]","[{""start"": 55, ""end"": 61, ""label"": ""MOUNTAIN"", ""text"": ""Sajama""}]",synthetic_positive_single
train-00011,"During the spring survey, scientists visited Ol Doinyo Lengai.","[""During"", ""the"", ""spring"", ""survey"", "","", ""scientists"", ""visited"", ""Ol"", ""Doinyo"", ""Lengai"", "".""]","[""O"", ""O"", ""O"", ""O"", ""O"", ""O"", ""O"", ""B-MOUNTAIN"", ""I-MOUNTAIN"", ""I-MOUNTAIN"", ""O""]","[{""start"": 45, ""end"": 61, ""label"": ""MOUNTAIN"", ""text"": ""Ol Doinyo Lengai""}]",synthetic_positive_single
train-00012,Researchers installed weather sensors on Nanga Parbat.,"[""Researchers"", ""installed"", ""weather"", ""sensors"", ""on"", ""Nanga"", ""Parbat"", "".""]","[""O"", ""O"", ""O"", ""O"", ""O"", ""B-MOUNTAIN"", ""I-MOUNTAIN"", ""O""]","[{""start"": 41, ""end"": 53, ""label"": ""MOUNTAIN"", ""text"": ""Nanga Parbat""}]",synthetic_positive_single
train-00013,"By late afternoon, shadows had covered the slopes of Kongur Tagh.","[""By"", ""late"", ""afternoon"", "","", ""shadows"", ""had"", ""covered"", ""the"", ""slopes"", ""of"", ""Kongur"", ""Tagh"", "".""]","[""O"", ""O"", ""O"", ""O"", ""O"", ""O"", ""O"", ""O"", ""O"", ""O"", ""B-MOUNTAIN"", ""I-MOUNTAIN"", ""O""]","[{""start"": 53, ""end"": 64, ""label"": ""MOUNTAIN"", ""text"": ""Kongur Tagh""}]",synthetic_positive_single
train-00014,The weather service printed the schedule before lunch.,"[""The"", ""weather"", ""service"", ""printed"", ""the"", ""schedule"", ""before"", ""lunch"", "".""]","[""O"", ""O"", ""O"", ""O"", ""O"", ""O"", ""O"", ""O"", ""O""]",[],synthetic_negative
train-00015,Photos of Mount Aspiring were displayed in the museum.,"[""Photos"", ""of"", ""Mount"", ""Aspiring"", ""were"", ""displayed"", ""in"", ""the"", ""museum"", "".""]","[""O"", ""O"", ""B-MOUNTAIN"", ""I-MOUNTAIN"", ""O"", ""O"", ""O"", ""O"", ""O"", ""O""]","[{""start"": 10, ""end"": 24, ""label"": ""MOUNTAIN"", ""text"": ""Mount Aspiring""}]",synthetic_positive_single
train-00016,The weather service shared the route after the presentation.,"[""The"", ""weather"", ""service"", ""shared"", ""the"", ""route"", ""after"", ""the"", ""presentation"", "".""]","[""O"", ""O"", ""O"", ""O"", ""O"", ""O"", ""O"", ""O"", ""O"", ""O""]",[],synthetic_negative
train-00017,"After weeks of preparation, the group departed for Cerro Torre.","[""After"", ""weeks"", ""of"", ""preparation"", "","", ""the"", ""group"", ""departed"", ""for"", ""Cerro"", ""Torre"", "".""]","[""O"", ""O"", ""O"", ""O"", ""O"", ""O"", ""O"", ""O"", ""O"", ""B-MOUNTAIN"", ""I-MOUNTAIN"", ""O""]","[{""start"": 51, ""end"": 62, ""label"": ""MOUNTAIN"", ""text"": ""Cerro Torre""}]",synthetic_positive_single
train-00018,They began their ascent of Mount Elie de Beaumont at dawn.,"[""They"", ""began"", ""their"", ""ascent"", ""of"", ""Mount"", ""Elie"", ""de"", ""Beaumont"", ""at"", ""dawn"", "".""]","[""O"", ""O"", ""O"", ""O"", ""O"", ""B-MOUNTAIN"", ""I-MOUNTAIN"", ""I-MOUNTAIN"", ""I-MOUNTAIN"", ""O"", ""O"", ""O""]","[{""start"": 27, ""end"": 49, ""label"": ""MOUNTAIN"", ""text"": ""Mount Elie de Beaumont""}]",synthetic_positive_single
train-00019,The climbers postponed their attempt on Puncak Jaya.,"[""The"", ""climbers"", ""postponed"", ""their"", ""attempt"", ""on"", ""Puncak"", ""Jaya"", "".""]","[""O"", ""O"", ""O"", ""O"", ""O"", ""O"", ""B-MOUNTAIN"", ""I-MOUNTAIN"", ""O""]","[{""start"": 40, ""end"": 51, ""label"": ""MOUNTAIN"", ""text"": ""Puncak Jaya""}]",synthetic_positive_single
train-00020,The tourist group translated the hotel booking before the deadline.,"[""The"", ""tourist"", ""group"", ""translated"", ""the"", ""hotel"", ""booking"", ""before"", ""the"", ""deadline"", "".""]","[""O"", ""O"", ""O"", ""O"", ""O"", ""O"", ""O"", ""O"", ""O"", ""O"", ""O""]",[],synthetic_negative
train-00021,The museum curator printed the research report at the office.,"[""The"", ""museum"", ""curator"", ""printed"", ""the"", ""research"", ""report"", ""at"", ""the"", ""office"", "".""]","[""O"", ""O"", ""O"", ""O"", ""O"", ""O"", ""O"", ""O"", ""O"", ""O"", ""O""]",[],synthetic_negative
train-00022,The film crew checked the schedule during the meeting.,"[""The"", ""film"", ""crew"", ""checked"", ""the"", ""schedule"", ""during"", ""the"", ""meeting"", "".""]","[""O"", ""O"", ""O"", ""O"", ""O"", ""O"", ""O"", ""O"", ""O"", ""O""]",[],synthetic_negative
train-00023,The university department updated the cliff photograph before the deadline.,"[""The"", ""university"", ""department"", ""updated"", ""the"", ""cliff"", ""photograph"", ""before"", ""the"", ""deadline"", "".""]","[""O"", ""O"", ""O"", ""O"", ""O"", ""O"", ""O"", ""O"", ""O"", ""O"", ""O""]",[],synthetic_negative
train-00024,The museum curator reviewed the ridge map in the laboratory.,"[""The"", ""museum"", ""curator"", ""reviewed"", ""the"", ""ridge"", ""map"", ""in"", ""the"", ""laboratory"", "".""]","[""O"", ""O"", ""O"", ""O"", ""O"", ""O"", ""O"", ""O"", ""O"", ""O"", ""O""]",[],synthetic_negative
train-00025,The travel company translated the summit plan at the airport.,"[""The"", ""travel"", ""company"", ""translated"", ""the"", ""summit"", ""plan"", ""at"", ""the"", ""airport"", "".""]","[""O"", ""O"", ""O"", ""O"", ""O"", ""O"", ""O"", ""O"", ""O"", ""O"", ""O""]",[],synthetic_negative
train-00026,Mount Meru and Mount Etna were both visible from the aircraft.,"[""Mount"", ""Meru"", ""and"", ""Mount"", ""Etna"", ""were"", ""both"", ""visible"", ""from"", ""the"", ""aircraft"", "".""]","[""B-MOUNTAIN"", ""I-MOUNTAIN"", ""O"", ""B-MOUNTAIN"", ""I-MOUNTAIN"", ""O"", ""O"", ""O"", ""O"", ""O"", ""O"", ""O""]","[{""start"": 0, ""end"": 10, ""label"": ""MOUNTAIN"", ""text"": ""Mount Meru""}, {""start"": 15, ""end"": 25, ""label"": ""MOUNTAIN"", ""text"": ""Mount Etna""}]",synthetic_positive_multi
train-00027,Our route passes near Mount Mitchell before turning toward Mount Foraker.,"[""Our"", ""route"", ""passes"", ""near"", ""Mount"", ""Mitchell"", ""before"", ""turning"", ""toward"", ""Mount"", ""Foraker"", "".""]","[""O"", ""O"", ""O"", ""O"", ""B-MOUNTAIN"", ""I-MOUNTAIN"", ""O"", ""O"", ""O"", ""B-MOUNTAIN"", ""I-MOUNTAIN"", ""O""]","[{""start"": 22, ""end"": 36, ""label"": ""MOUNTAIN"", ""text"": ""Mount Mitchell""}, {""start"": 59, ""end"": 72, ""label"": ""MOUNTAIN"", ""text"": ""Mount Foraker""}]",synthetic_positive_multi
train-00028,The museum curator translated the budget during the meeting.,"[""The"", ""museum"", ""curator"", ""translated"", ""the"", ""budget"", ""during"", ""the"", ""meeting"", "".""]","[""O"", ""O"", ""O"", ""O"", ""O"", ""O"", ""O"", ""O"", ""O"", ""O""]",[],synthetic_negative
train-00029,Photos of Jebel Toubkal were displayed in the museum.,"[""Photos"", ""of"", ""Jebel"", ""Toubkal"", ""were"", ""displayed"", ""in"", ""the"", ""museum"", "".""]","[""O"", ""O"", ""B-MOUNTAIN"", ""I-MOUNTAIN"", ""O"", ""O"", ""O"", ""O"", ""O"", ""O""]","[{""start"": 10, ""end"": 23, ""label"": ""MOUNTAIN"", ""text"": ""Jebel Toubkal""}]",synthetic_positive_single
train-00030,Snow remained on the upper slopes of Mount Kinabalu.,"[""Snow"", ""remained"", ""on"", ""the"", ""upper"", ""slopes"", ""of"", ""Mount"", ""Kinabalu"", "".""]","[""O"", ""O"", ""O"", ""O"", ""O"", ""O"", ""O"", ""B-MOUNTAIN"", ""I-MOUNTAIN"", ""O""]","[{""start"": 37, ""end"": 51, ""label"": ""MOUNTAIN"", ""text"": ""Mount Kinabalu""}]",synthetic_positive_single
train-00031,Images of Mount Saint Elias were placed beside photographs of Mount Kenya.,"[""Images"", ""of"", ""Mount"", ""Saint"", ""Elias"", ""were"", ""placed"", ""beside"", ""photographs"", ""of"", ""Mount"", ""Kenya"", "".""]","[""O"", ""O"", ""B-MOUNTAIN"", ""I-MOUNTAIN"", ""I-MOUNTAIN"", ""O"", ""O"", ""O"", ""O"", ""O"", ""B-MOUNTAIN"", ""I-MOUNTAIN"", ""O""]","[{""start"": 10, ""end"": 27, ""label"": ""MOUNTAIN"", ""text"": ""Mount Saint Elias""}, {""start"": 62, ""end"": 73, ""label"": ""MOUNTAIN"", ""text"": ""Mount Kenya""}]",synthetic_positive_multi
train-00032,The local council compared the ridge map after the presentation.,"[""The"", ""local"", ""council"", ""compared"", ""the"", ""ridge"", ""map"", ""after"", ""the"", ""presentation"", "".""]","[""O"", ""O"", ""O"", ""O"", ""O"", ""O"", ""O"", ""O"", ""O"", ""O"", ""O""]",[],synthetic_negative
train-00033,The map labels both Mount Murchison and Ben Nevis.,"[""The"", ""map"", ""labels"", ""both"", ""Mount"", ""Murchison"", ""and"", ""Ben"", ""Nevis"", "".""]","[""O"", ""O"", ""O"", ""O"", ""B-MOUNTAIN"", ""I-MOUNTAIN"", ""O"", ""B-MOUNTAIN"", ""I-MOUNTAIN"", ""O""]","[{""start"": 20, ""end"": 35, ""label"": ""MOUNTAIN"", ""text"": ""Mount Murchison""}, {""start"": 40, ""end"": 49, ""label"": ""MOUNTAIN"", ""text"": ""Ben Nevis""}]",synthetic_positive_multi
train-00034,A helicopter circled above Machapuchare during the rescue.,"[""A"", ""helicopter"", ""circled"", ""above"", ""Machapuchare"", ""during"", ""the"", ""rescue"", "".""]","[""O"", ""O"", ""O"", ""O"", ""B-MOUNTAIN"", ""O"", ""O"", ""O"", ""O""]","[{""start"": 27, ""end"": 39, ""label"": ""MOUNTAIN"", ""text"": ""Machapuchare""}]",synthetic_positive_single
train-00035,"For safety reasons, access to Mount Hunter was temporarily restricted.","[""For"", ""safety"", ""reasons"", "","", ""access"", ""to"", ""Mount"", ""Hunter"", ""was"", ""temporarily"", ""restricted"", "".""]","[""O"", ""O"", ""O"", ""O"", ""O"", ""O"", ""B-MOUNTAIN"", ""I-MOUNTAIN"", ""O"", ""O"", ""O"", ""O""]","[{""start"": 30, ""end"": 42, ""label"": ""MOUNTAIN"", ""text"": ""Mount Hunter""}]",synthetic_positive_single
train-00036,The team measured snow depth on Mount Sanford.,"[""The"", ""team"", ""measured"", ""snow"", ""depth"", ""on"", ""Mount"", ""Sanford"", "".""]","[""O"", ""O"", ""O"", ""O"", ""O"", ""O"", ""B-MOUNTAIN"", ""I-MOUNTAIN"", ""O""]","[{""start"": 32, ""end"": 45, ""label"": ""MOUNTAIN"", ""text"": ""Mount Sanford""}]",synthetic_positive_single
train-00037,The tourist group printed the summit plan at the airport.,"[""The"", ""tourist"", ""group"", ""printed"", ""the"", ""summit"", ""plan"", ""at"", ""the"", ""airport"", "".""]","[""O"", ""O"", ""O"", ""O"", ""O"", ""O"", ""O"", ""O"", ""O"", ""O"", ""O""]",[],synthetic_negative
train-00038,The museum curator translated the satellite image in the final report.,"[""The"", ""museum"", ""curator"", ""translated"", ""the"", ""satellite"", ""image"", ""in"", ""the"", ""final"", ""report"", "".""]","[""O"", ""O"", ""O"", ""O"", ""O"", ""O"", ""O"", ""O"", ""O"", ""O"", ""O"", ""O""]",[],synthetic_negative
train-00039,Several routes lead toward the summit of Huayna Potosi.,"[""Several"", ""routes"", ""lead"", ""toward"", ""the"", ""summit"", ""of"", ""Huayna"", ""Potosi"", "".""]","[""O"", ""O"", ""O"", ""O"", ""O"", ""O"", ""O"", ""B-MOUNTAIN"", ""I-MOUNTAIN"", ""O""]","[{""start"": 41, ""end"": 54, ""label"": ""MOUNTAIN"", ""text"": ""Huayna Potosi""}]",synthetic_positive_single
train-00040,"Unlike Mount Saint Elias, Mount Rinjani was hidden by clouds.","[""Unlike"", ""Mount"", ""Saint"", ""Elias"", "","", ""Mount"", ""Rinjani"", ""was"", ""hidden"", ""by"", ""clouds"", "".""]","[""O"", ""B-MOUNTAIN"", ""I-MOUNTAIN"", ""I-MOUNTAIN"", ""O"", ""B-MOUNTAIN"", ""I-MOUNTAIN"", ""O"", ""O"", ""O"", ""O"", ""O""]","[{""start"": 7, ""end"": 24, ""label"": ""MOUNTAIN"", ""text"": ""Mount Saint Elias""}, {""start"": 26, ""end"": 39, ""label"": ""MOUNTAIN"", ""text"": ""Mount Rinjani""}]",synthetic_positive_multi
train-00041,The team measured snow depth on Huayna Potosi.,"[""The"", ""team"", ""measured"", ""snow"", ""depth"", ""on"", ""Huayna"", ""Potosi"", "".""]","[""O"", ""O"", ""O"", ""O"", ""O"", ""O"", ""B-MOUNTAIN"", ""I-MOUNTAIN"", ""O""]","[{""start"": 32, ""end"": 45, ""label"": ""MOUNTAIN"", ""text"": ""Huayna Potosi""}]",synthetic_positive_single
train-00042,The rescue unit archived the expedition permit on Monday.,"[""The"", ""rescue"", ""unit"", ""archived"", ""the"", ""expedition"", ""permit"", ""on"", ""Monday"", "".""]","[""O"", ""O"", ""O"", ""O"", ""O"", ""O"", ""O"", ""O"", ""O"", ""O""]",[],synthetic_negative
train-00043,The route to Alpamayo was closed after the storm.,"[""The"", ""route"", ""to"", ""Alpamayo"", ""was"", ""closed"", ""after"", ""the"", ""storm"", "".""]","[""O"", ""O"", ""O"", ""B-MOUNTAIN"", ""O"", ""O"", ""O"", ""O"", ""O"", ""O""]","[{""start"": 13, ""end"": 21, ""label"": ""MOUNTAIN"", ""text"": ""Alpamayo""}]",synthetic_positive_single
train-00044,He plans to study glaciers on Mount Erebus and Mount Vancouver.,"[""He"", ""plans"", ""to"", ""study"", ""glaciers"", ""on"", ""Mount"", ""Erebus"", ""and"", ""Mount"", ""Vancouver"", "".""]","[""O"", ""O"", ""O"", ""O"", ""O"", ""O"", ""B-MOUNTAIN"", ""I-MOUNTAIN"", ""O"", ""B-MOUNTAIN"", ""I-MOUNTAIN"", ""O""]","[{""start"": 30, ""end"": 42, ""label"": ""MOUNTAIN"", ""text"": ""Mount Erebus""}, {""start"": 47, ""end"": 62, ""label"": ""MOUNTAIN"", ""text"": ""Mount Vancouver""}]",synthetic_positive_multi
train-00045,Weather stations near Mount Tasman and Mount Logan recorded strong winds.,"[""Weather"", ""stations"", ""near"", ""Mount"", ""Tasman"", ""and"", ""Mount"", ""Logan"", ""recorded"", ""strong"", ""winds"", "".""]","[""O"", ""O"", ""O"", ""B-MOUNTAIN"", ""I-MOUNTAIN"", ""O"", ""B-MOUNTAIN"", ""I-MOUNTAIN"", ""O"", ""O"", ""O"", ""O""]","[{""start"": 22, ""end"": 34, ""label"": ""MOUNTAIN"", ""text"": ""Mount Tasman""}, {""start"": 39, ""end"": 50, ""label"": ""MOUNTAIN"", ""text"": ""Mount Logan""}]",synthetic_positive_multi
train-00046,"In the final chapter, the author describes an ascent of Mount Ngauruhoe.","[""In"", ""the"", ""final"", ""chapter"", "","", ""the"", ""author"", ""describes"", ""an"", ""ascent"", ""of"", ""Mount"", ""Ngauruhoe"", "".""]","[""O"", ""O"", ""O"", ""O"", ""O"", ""O"", ""O"", ""O"", ""O"", ""O"", ""O"", ""B-MOUNTAIN"", ""I-MOUNTAIN"", ""O""]","[{""start"": 56, ""end"": 71, ""label"": ""MOUNTAIN"", ""text"": ""Mount Ngauruhoe""}]",synthetic_positive_single
train-00047,"By late afternoon, shadows had covered the slopes of Mount Wilhelm.","[""By"", ""late"", ""afternoon"", "","", ""shadows"", ""had"", ""covered"", ""the"", ""slopes"", ""of"", ""Mount"", ""Wilhelm"", "".""]","[""O"", ""O"", ""O"", ""O"", ""O"", ""O"", ""O"", ""O"", ""O"", ""O"", ""B-MOUNTAIN"", ""I-MOUNTAIN"", ""O""]","[{""start"": 53, ""end"": 66, ""label"": ""MOUNTAIN"", ""text"": ""Mount Wilhelm""}]",synthetic_positive_single
train-00048,Our map marks Puncak Jaya with a red triangle.,"[""Our"", ""map"", ""marks"", ""Puncak"", ""Jaya"", ""with"", ""a"", ""red"", ""triangle"", "".""]","[""O"", ""O"", ""O"", ""B-MOUNTAIN"", ""I-MOUNTAIN"", ""O"", ""O"", ""O"", ""O"", ""O""]","[{""start"": 14, ""end"": 25, ""label"": ""MOUNTAIN"", ""text"": ""Puncak Jaya""}]",synthetic_positive_single
train-00049,We could clearly see Chimborazo from the valley.,"[""We"", ""could"", ""clearly"", ""see"", ""Chimborazo"", ""from"", ""the"", ""valley"", "".""]","[""O"", ""O"", ""O"", ""O"", ""B-MOUNTAIN"", ""O"", ""O"", ""O"", ""O""]","[{""start"": 21, ""end"": 31, ""label"": ""MOUNTAIN"", ""text"": ""Chimborazo""}]",synthetic_positive_single
train-00050,They began their ascent of Denali at dawn.,"[""They"", ""began"", ""their"", ""ascent"", ""of"", ""Denali"", ""at"", ""dawn"", "".""]","[""O"", ""O"", ""O"", ""O"", ""O"", ""B-MOUNTAIN"", ""O"", ""O"", ""O""]","[{""start"": 27, ""end"": 33, ""label"": ""MOUNTAIN"", ""text"": ""Denali""}]",synthetic_positive_single
train-00051,The rescue team returned safely from Mont Blanc.,"[""The"", ""rescue"", ""team"", ""returned"", ""safely"", ""from"", ""Mont"", ""Blanc"", "".""]","[""O"", ""O"", ""O"", ""O"", ""O"", ""O"", ""B-MOUNTAIN"", ""I-MOUNTAIN"", ""O""]","[{""start"": 37, ""end"": 47, ""label"": ""MOUNTAIN"", ""text"": ""Mont Blanc""}]",synthetic_positive_single
train-00052,The research team printed the weather forecast in the final report.,"[""The"", ""research"", ""team"", ""printed"", ""the"", ""weather"", ""forecast"", ""in"", ""the"", ""final"", ""report"", "".""]","[""O"", ""O"", ""O"", ""O"", ""O"", ""O"", ""O"", ""O"", ""O"", ""O"", ""O"", ""O""]",[],synthetic_negative
train-00053,The local council reviewed the dataset in the final report.,"[""The"", ""local"", ""council"", ""reviewed"", ""the"", ""dataset"", ""in"", ""the"", ""final"", ""report"", "".""]","[""O"", ""O"", ""O"", ""O"", ""O"", ""O"", ""O"", ""O"", ""O"", ""O"", ""O""]",[],synthetic_negative
train-00054,Heavy clouds covered Mount Dampier throughout the morning.,"[""Heavy"", ""clouds"", ""covered"", ""Mount"", ""Dampier"", ""throughout"", ""the"", ""morning"", "".""]","[""O"", ""O"", ""O"", ""B-MOUNTAIN"", ""I-MOUNTAIN"", ""O"", ""O"", ""O"", ""O""]","[{""start"": 21, ""end"": 34, ""label"": ""MOUNTAIN"", ""text"": ""Mount Dampier""}]",synthetic_positive_single
train-00055,The rescue unit translated the training notebook during the meeting.,"[""The"", ""rescue"", ""unit"", ""translated"", ""the"", ""training"", ""notebook"", ""during"", ""the"", ""meeting"", "".""]","[""O"", ""O"", ""O"", ""O"", ""O"", ""O"", ""O"", ""O"", ""O"", ""O"", ""O""]",[],synthetic_negative
train-00056,Snow remained on the upper slopes of Aconcagua.,"[""Snow"", ""remained"", ""on"", ""the"", ""upper"", ""slopes"", ""of"", ""Aconcagua"", "".""]","[""O"", ""O"", ""O"", ""O"", ""O"", ""O"", ""O"", ""B-MOUNTAIN"", ""O""]","[{""start"": 37, ""end"": 46, ""label"": ""MOUNTAIN"", ""text"": ""Aconcagua""}]",synthetic_positive_single
train-00057,The expedition leader checked the sales peak in the laboratory.,"[""The"", ""expedition"", ""leader"", ""checked"", ""the"", ""sales"", ""peak"", ""in"", ""the"", ""laboratory"", "".""]","[""O"", ""O"", ""O"", ""O"", ""O"", ""O"", ""O"", ""O"", ""O"", ""O"", ""O""]",[],synthetic_negative
train-00058,She hopes to climb Shishapangma next year.,"[""She"", ""hopes"", ""to"", ""climb"", ""Shishapangma"", ""next"", ""year"", "".""]","[""O"", ""O"", ""O"", ""O"", ""B-MOUNTAIN"", ""O"", ""O"", ""O""]","[{""start"": 19, ""end"": 31, ""label"": ""MOUNTAIN"", ""text"": ""Shishapangma""}]",synthetic_positive_single
train-00059,Tourists gathered at a viewpoint facing Mount Haku.,"[""Tourists"", ""gathered"", ""at"", ""a"", ""viewpoint"", ""facing"", ""Mount"", ""Haku"", "".""]","[""O"", ""O"", ""O"", ""O"", ""O"", ""O"", ""B-MOUNTAIN"", ""I-MOUNTAIN"", ""O""]","[{""start"": 40, ""end"": 50, ""label"": ""MOUNTAIN"", ""text"": ""Mount Haku""}]",synthetic_positive_single
train-00060,Mount Mitchell attracts climbers from around the world.,"[""Mount"", ""Mitchell"", ""attracts"", ""climbers"", ""from"", ""around"", ""the"", ""world"", "".""]","[""B-MOUNTAIN"", ""I-MOUNTAIN"", ""O"", ""O"", ""O"", ""O"", ""O"", ""O"", ""O""]","[{""start"": 0, ""end"": 14, ""label"": ""MOUNTAIN"", ""text"": ""Mount Mitchell""}]",synthetic_positive_single
train-00061,The tourist group updated the expedition permit during the meeting.,"[""The"", ""tourist"", ""group"", ""updated"", ""the"", ""expedition"", ""permit"", ""during"", ""the"", ""meeting"", "".""]","[""O"", ""O"", ""O"", ""O"", ""O"", ""O"", ""O"", ""O"", ""O"", ""O"", ""O""]",[],synthetic_negative
train-00062,The glacier on Mount Lucania has retreated in recent decades.,"[""The"", ""glacier"", ""on"", ""Mount"", ""Lucania"", ""has"", ""retreated"", ""in"", ""recent"", ""decades"", "".""]","[""O"", ""O"", ""O"", ""B-MOUNTAIN"", ""I-MOUNTAIN"", ""O"", ""O"", ""O"", ""O"", ""O"", ""O""]","[{""start"": 15, ""end"": 28, ""label"": ""MOUNTAIN"", ""text"": ""Mount Lucania""}]",synthetic_positive_single
train-00063,Several routes lead toward the summit of Mount Kosciuszko.,"[""Several"", ""routes"", ""lead"", ""toward"", ""the"", ""summit"", ""of"", ""Mount"", ""Kosciuszko"", "".""]","[""O"", ""O"", ""O"", ""O"", ""O"", ""O"", ""O"", ""B-MOUNTAIN"", ""I-MOUNTAIN"", ""O""]","[{""start"": 41, ""end"": 57, ""label"": ""MOUNTAIN"", ""text"": ""Mount Kosciuszko""}]",synthetic_positive_single
train-00064,Have you ever seen Mount Aspiring in winter?,"[""Have"", ""you"", ""ever"", ""seen"", ""Mount"", ""Aspiring"", ""in"", ""winter"", ""?""]","[""O"", ""O"", ""O"", ""O"", ""B-MOUNTAIN"", ""I-MOUNTAIN"", ""O"", ""O"", ""O""]","[{""start"": 19, ""end"": 33, ""label"": ""MOUNTAIN"", ""text"": ""Mount Aspiring""}]",synthetic_positive_single
train-00065,The weather service printed the summit plan before the deadline.,"[""The"", ""weather"", ""service"", ""printed"", ""the"", ""summit"", ""plan"", ""before"", ""the"", ""deadline"", "".""]","[""O"", ""O"", ""O"", ""O"", ""O"", ""O"", ""O"", ""O"", ""O"", ""O"", ""O""]",[],synthetic_negative
train-00066,The lecture included a case study about Mount Damavand.,"[""The"", ""lecture"", ""included"", ""a"", ""case"", ""study"", ""about"", ""Mount"", ""Damavand"", "".""]","[""O"", ""O"", ""O"", ""O"", ""O"", ""O"", ""O"", ""B-MOUNTAIN"", ""I-MOUNTAIN"", ""O""]","[{""start"": 40, ""end"": 54, ""label"": ""MOUNTAIN"", ""text"": ""Mount Damavand""}]",synthetic_positive_single
train-00067,Have you ever seen Jungfrau in winter?,"[""Have"", ""you"", ""ever"", ""seen"", ""Jungfrau"", ""in"", ""winter"", ""?""]","[""O"", ""O"", ""O"", ""O"", ""B-MOUNTAIN"", ""O"", ""O"", ""O""]","[{""start"": 19, ""end"": 27, ""label"": ""MOUNTAIN"", ""text"": ""Jungfrau""}]",synthetic_positive_single
train-00068,"Unlike Lhotse, Ol Doinyo Lengai was hidden by clouds.","[""Unlike"", ""Lhotse"", "","", ""Ol"", ""Doinyo"", ""Lengai"", ""was"", ""hidden"", ""by"", ""clouds"", "".""]","[""O"", ""B-MOUNTAIN"", ""O"", ""B-MOUNTAIN"", ""I-MOUNTAIN"", ""I-MOUNTAIN"", ""O"", ""O"", ""O"", ""O"", ""O""]","[{""start"": 7, ""end"": 13, ""label"": ""MOUNTAIN"", ""text"": ""Lhotse""}, {""start"": 15, ""end"": 31, ""label"": ""MOUNTAIN"", ""text"": ""Ol Doinyo Lengai""}]",synthetic_positive_multi
train-00069,A new trail provides access to Mount Fairweather.,"[""A"", ""new"", ""trail"", ""provides"", ""access"", ""to"", ""Mount"", ""Fairweather"", "".""]","[""O"", ""O"", ""O"", ""O"", ""O"", ""O"", ""B-MOUNTAIN"", ""I-MOUNTAIN"", ""O""]","[{""start"": 31, ""end"": 48, ""label"": ""MOUNTAIN"", ""text"": ""Mount Fairweather""}]",synthetic_positive_single
train-00070,The climbing club printed the research report before lunch.,"[""The"", ""climbing"", ""club"", ""printed"", ""the"", ""research"", ""report"", ""before"", ""lunch"", "".""]","[""O"", ""O"", ""O"", ""O"", ""O"", ""O"", ""O"", ""O"", ""O"", ""O""]",[],synthetic_negative
train-00071,The mapping agency translated the budget before the deadline.,"[""The"", ""mapping"", ""agency"", ""translated"", ""the"", ""budget"", ""before"", ""the"", ""deadline"", "".""]","[""O"", ""O"", ""O"", ""O"", ""O"", ""O"", ""O"", ""O"", ""O"", ""O""]",[],synthetic_negative
train-00072,The expedition leader reviewed the budget at the airport.,"[""The"", ""expedition"", ""leader"", ""reviewed"", ""the"", ""budget"", ""at"", ""the"", ""airport"", "".""]","[""O"", ""O"", ""O"", ""O"", ""O"", ""O"", ""O"", ""O"", ""O"", ""O""]",[],synthetic_negative
train-00073,The travel company translated the camera during the conference.,"[""The"", ""travel"", ""company"", ""translated"", ""the"", ""camera"", ""during"", ""the"", ""conference"", "".""]","[""O"", ""O"", ""O"", ""O"", ""O"", ""O"", ""O"", ""O"", ""O"", ""O""]",[],synthetic_negative
train-00074,The team measured snow depth on Mount Meru.,"[""The"", ""team"", ""measured"", ""snow"", ""depth"", ""on"", ""Mount"", ""Meru"", "".""]","[""O"", ""O"", ""O"", ""O"", ""O"", ""O"", ""B-MOUNTAIN"", ""I-MOUNTAIN"", ""O""]","[{""start"": 32, ""end"": 42, ""label"": ""MOUNTAIN"", ""text"": ""Mount Meru""}]",synthetic_positive_single
train-00075,The weather service published the aircraft before lunch.,"[""The"", ""weather"", ""service"", ""published"", ""the"", ""aircraft"", ""before"", ""lunch"", "".""]","[""O"", ""O"", ""O"", ""O"", ""O"", ""O"", ""O"", ""O"", ""O""]",[],synthetic_negative
train-00076,The travel company compared the research report at the office.,"[""The"", ""travel"", ""company"", ""compared"", ""the"", ""research"", ""report"", ""at"", ""the"", ""office"", "".""]","[""O"", ""O"", ""O"", ""O"", ""O"", ""O"", ""O"", ""O"", ""O"", ""O"", ""O""]",[],synthetic_negative
train-00077,The research team archived the schedule before lunch.,"[""The"", ""research"", ""team"", ""archived"", ""the"", ""schedule"", ""before"", ""lunch"", "".""]","[""O"", ""O"", ""O"", ""O"", ""O"", ""O"", ""O"", ""O"", ""O""]",[],synthetic_negative
train-00078,The team discussed whether to attempt Mount Tate or Fansipan.,"[""The"", ""team"", ""discussed"", ""whether"", ""to"", ""attempt"", ""Mount"", ""Tate"", ""or"", ""Fansipan"", "".""]","[""O"", ""O"", ""O"", ""O"", ""O"", ""O"", ""B-MOUNTAIN"", ""I-MOUNTAIN"", ""O"", ""B-MOUNTAIN"", ""O""]","[{""start"": 38, ""end"": 48, ""label"": ""MOUNTAIN"", ""text"": ""Mount Tate""}, {""start"": 52, ""end"": 60, ""label"": ""MOUNTAIN"", ""text"": ""Fansipan""}]",synthetic_positive_multi
train-00079,The research team archived the weather forecast on Monday.,"[""The"", ""research"", ""team"", ""archived"", ""the"", ""weather"", ""forecast"", ""on"", ""Monday"", "".""]","[""O"", ""O"", ""O"", ""O"", ""O"", ""O"", ""O"", ""O"", ""O"", ""O""]",[],synthetic_negative
train-00080,She hopes to climb Mount Damavand next year.,"[""She"", ""hopes"", ""to"", ""climb"", ""Mount"", ""Damavand"", ""next"", ""year"", "".""]","[""O"", ""O"", ""O"", ""O"", ""B-MOUNTAIN"", ""I-MOUNTAIN"", ""O"", ""O"", ""O""]","[{""start"": 19, ""end"": 33, ""label"": ""MOUNTAIN"", ""text"": ""Mount Damavand""}]",synthetic_positive_single
train-00081,We could clearly see Mount Steele from the valley.,"[""We"", ""could"", ""clearly"", ""see"", ""Mount"", ""Steele"", ""from"", ""the"", ""valley"", "".""]","[""O"", ""O"", ""O"", ""O"", ""B-MOUNTAIN"", ""I-MOUNTAIN"", ""O"", ""O"", ""O"", ""O""]","[{""start"": 21, ""end"": 33, ""label"": ""MOUNTAIN"", ""text"": ""Mount Steele""}]",synthetic_positive_single
train-00082,Tourists gathered at a viewpoint facing Mount Elbrus.,"[""Tourists"", ""gathered"", ""at"", ""a"", ""viewpoint"", ""facing"", ""Mount"", ""Elbrus"", "".""]","[""O"", ""O"", ""O"", ""O"", ""O"", ""O"", ""B-MOUNTAIN"", ""I-MOUNTAIN"", ""O""]","[{""start"": 40, ""end"": 52, ""label"": ""MOUNTAIN"", ""text"": ""Mount Elbrus""}]",synthetic_positive_single
train-00083,Researchers installed weather sensors on Mount Etna.,"[""Researchers"", ""installed"", ""weather"", ""sensors"", ""on"", ""Mount"", ""Etna"", "".""]","[""O"", ""O"", ""O"", ""O"", ""O"", ""B-MOUNTAIN"", ""I-MOUNTAIN"", ""O""]","[{""start"": 41, ""end"": 51, ""label"": ""MOUNTAIN"", ""text"": ""Mount Etna""}]",synthetic_positive_single
train-00084,The base camp below Mount Alverstone was moved to safer ground.,"[""The"", ""base"", ""camp"", ""below"", ""Mount"", ""Alverstone"", ""was"", ""moved"", ""to"", ""safer"", ""ground"", "".""]","[""O"", ""O"", ""O"", ""O"", ""B-MOUNTAIN"", ""I-MOUNTAIN"", ""O"", ""O"", ""O"", ""O"", ""O"", ""O""]","[{""start"": 20, ""end"": 36, ""label"": ""MOUNTAIN"", ""text"": ""Mount Alverstone""}]",synthetic_positive_single
train-00085,The weather service reviewed the research report before the deadline.,"[""The"", ""weather"", ""service"", ""reviewed"", ""the"", ""research"", ""report"", ""before"", ""the"", ""deadline"", "".""]","[""O"", ""O"", ""O"", ""O"", ""O"", ""O"", ""O"", ""O"", ""O"", ""O"", ""O""]",[],synthetic_negative
train-00086,A new trail provides access to Petros.,"[""A"", ""new"", ""trail"", ""provides"", ""access"", ""to"", ""Petros"", "".""]","[""O"", ""O"", ""O"", ""O"", ""O"", ""O"", ""B-MOUNTAIN"", ""O""]","[{""start"": 31, ""end"": 37, ""label"": ""MOUNTAIN"", ""text"": ""Petros""}]",synthetic_positive_single
train-00087,Tourists gathered at a viewpoint facing Mount Aspiring.,"[""Tourists"", ""gathered"", ""at"", ""a"", ""viewpoint"", ""facing"", ""Mount"", ""Aspiring"", "".""]","[""O"", ""O"", ""O"", ""O"", ""O"", ""O"", ""B-MOUNTAIN"", ""I-MOUNTAIN"", ""O""]","[{""start"": 40, ""end"": 54, ""label"": ""MOUNTAIN"", ""text"": ""Mount Aspiring""}]",synthetic_positive_single
train-00088,The team measured snow depth on Mount Agung.,"[""The"", ""team"", ""measured"", ""snow"", ""depth"", ""on"", ""Mount"", ""Agung"", "".""]","[""O"", ""O"", ""O"", ""O"", ""O"", ""O"", ""B-MOUNTAIN"", ""I-MOUNTAIN"", ""O""]","[{""start"": 32, ""end"": 43, ""label"": ""MOUNTAIN"", ""text"": ""Mount Agung""}]",synthetic_positive_single
train-00089,The weather changed quickly as they approached Broad Peak.,"[""The"", ""weather"", ""changed"", ""quickly"", ""as"", ""they"", ""approached"", ""Broad"", ""Peak"", "".""]","[""O"", ""O"", ""O"", ""O"", ""O"", ""O"", ""O"", ""B-MOUNTAIN"", ""I-MOUNTAIN"", ""O""]","[{""start"": 47, ""end"": 57, ""label"": ""MOUNTAIN"", ""text"": ""Broad Peak""}]",synthetic_positive_single
train-00090,A documentary crew filmed near Mount Wilhelm.,"[""A"", ""documentary"", ""crew"", ""filmed"", ""near"", ""Mount"", ""Wilhelm"", "".""]","[""O"", ""O"", ""O"", ""O"", ""O"", ""B-MOUNTAIN"", ""I-MOUNTAIN"", ""O""]","[{""start"": 31, ""end"": 44, ""label"": ""MOUNTAIN"", ""text"": ""Mount Wilhelm""}]",synthetic_positive_single
train-00091,The expedition reached the summit of Table Mountain before noon.,"[""The"", ""expedition"", ""reached"", ""the"", ""summit"", ""of"", ""Table"", ""Mountain"", ""before"", ""noon"", "".""]","[""O"", ""O"", ""O"", ""O"", ""O"", ""O"", ""B-MOUNTAIN"", ""I-MOUNTAIN"", ""O"", ""O"", ""O""]","[{""start"": 37, ""end"": 51, ""label"": ""MOUNTAIN"", ""text"": ""Table Mountain""}]",synthetic_positive_single
train-00092,The climbing club translated the forest trail at the office.,"[""The"", ""climbing"", ""club"", ""translated"", ""the"", ""forest"", ""trail"", ""at"", ""the"", ""office"", "".""]","[""O"", ""O"", ""O"", ""O"", ""O"", ""O"", ""O"", ""O"", ""O"", ""O"", ""O""]",[],synthetic_negative
train-00093,"Unlike Mount Rainier, Ol Doinyo Lengai was hidden by clouds.","[""Unlike"", ""Mount"", ""Rainier"", "","", ""Ol"", ""Doinyo"", ""Lengai"", ""was"", ""hidden"", ""by"", ""clouds"", "".""]","[""O"", ""B-MOUNTAIN"", ""I-MOUNTAIN"", ""O"", ""B-MOUNTAIN"", ""I-MOUNTAIN"", ""I-MOUNTAIN"", ""O"", ""O"", ""O"", ""O"", ""O""]","[{""start"": 7, ""end"": 20, ""label"": ""MOUNTAIN"", ""text"": ""Mount Rainier""}, {""start"": 22, ""end"": 38, ""label"": ""MOUNTAIN"", ""text"": ""Ol Doinyo Lengai""}]",synthetic_positive_multi
train-00094,They began their ascent of Gasherbrum II at dawn.,"[""They"", ""began"", ""their"", ""ascent"", ""of"", ""Gasherbrum"", ""II"", ""at"", ""dawn"", "".""]","[""O"", ""O"", ""O"", ""O"", ""O"", ""B-MOUNTAIN"", ""I-MOUNTAIN"", ""O"", ""O"", ""O""]","[{""start"": 27, ""end"": 40, ""label"": ""MOUNTAIN"", ""text"": ""Gasherbrum II""}]",synthetic_positive_single
train-00095,The film crew archived the budget at the airport.,"[""The"", ""film"", ""crew"", ""archived"", ""the"", ""budget"", ""at"", ""the"", ""airport"", "".""]","[""O"", ""O"", ""O"", ""O"", ""O"", ""O"", ""O"", ""O"", ""O"", ""O""]",[],synthetic_negative
train-00096,The film crew reviewed the schedule before the deadline.,"[""The"", ""film"", ""crew"", ""reviewed"", ""the"", ""schedule"", ""before"", ""the"", ""deadline"", "".""]","[""O"", ""O"", ""O"", ""O"", ""O"", ""O"", ""O"", ""O"", ""O"", ""O""]",[],synthetic_negative
train-00097,The route to Mount Aso was closed after the storm.,"[""The"", ""route"", ""to"", ""Mount"", ""Aso"", ""was"", ""closed"", ""after"", ""the"", ""storm"", "".""]","[""O"", ""O"", ""O"", ""B-MOUNTAIN"", ""I-MOUNTAIN"", ""O"", ""O"", ""O"", ""O"", ""O"", ""O""]","[{""start"": 13, ""end"": 22, ""label"": ""MOUNTAIN"", ""text"": ""Mount Aso""}]",synthetic_positive_single
train-00098,The university department approved the validation result in the final report.,"[""The"", ""university"", ""department"", ""approved"", ""the"", ""validation"", ""result"", ""in"", ""the"", ""final"", ""report"", "".""]","[""O"", ""O"", ""O"", ""O"", ""O"", ""O"", ""O"", ""O"", ""O"", ""O"", ""O"", ""O""]",[],synthetic_negative
train-00099,A small village lies below Mount Nyiragongo.,"[""A"", ""small"", ""village"", ""lies"", ""below"", ""Mount"", ""Nyiragongo"", "".""]","[""O"", ""O"", ""O"", ""O"", ""O"", ""B-MOUNTAIN"", ""I-MOUNTAIN"", ""O""]","[{""start"": 27, ""end"": 43, ""label"": ""MOUNTAIN"", ""text"": ""Mount Nyiragongo""}]",synthetic_positive_single
train-00100,"For safety reasons, access to Mount Elie de Beaumont was temporarily restricted.","[""For"", ""safety"", ""reasons"", "","", ""access"", ""to"", ""Mount"", ""Elie"", ""de"", ""Beaumont"", ""was"", ""temporarily"", ""restricted"", "".""]","[""O"", ""O"", ""O"", ""O"", ""O"", ""O"", ""B-MOUNTAIN"", ""I-MOUNTAIN"", ""I-MOUNTAIN"", ""I-MOUNTAIN"", ""O"", ""O"", ""O"", ""O""]","[{""start"": 30, ""end"": 52, ""label"": ""MOUNTAIN"", ""text"": ""Mount Elie de Beaumont""}]",synthetic_positive_single
train-00101,The climbing club updated the conference program before lunch.,"[""The"", ""climbing"", ""club"", ""updated"", ""the"", ""conference"", ""program"", ""before"", ""lunch"", "".""]","[""O"", ""O"", ""O"", ""O"", ""O"", ""O"", ""O"", ""O"", ""O"", ""O""]",[],synthetic_negative
train-00102,"According to the itinerary, Mount Whitney is the main destination.","[""According"", ""to"", ""the"", ""itinerary"", "","", ""Mount"", ""Whitney"", ""is"", ""the"", ""main"", ""destination"", "".""]","[""O"", ""O"", ""O"", ""O"", ""O"", ""B-MOUNTAIN"", ""I-MOUNTAIN"", ""O"", ""O"", ""O"", ""O"", ""O""]","[{""start"": 28, ""end"": 41, ""label"": ""MOUNTAIN"", ""text"": ""Mount Whitney""}]",synthetic_positive_single
train-00103,The expedition leader checked the aircraft during the conference.,"[""The"", ""expedition"", ""leader"", ""checked"", ""the"", ""aircraft"", ""during"", ""the"", ""conference"", "".""]","[""O"", ""O"", ""O"", ""O"", ""O"", ""O"", ""O"", ""O"", ""O"", ""O""]",[],synthetic_negative
train-00104,The university department published the conference program in the final report.,"[""The"", ""university"", ""department"", ""published"", ""the"", ""conference"", ""program"", ""in"", ""the"", ""final"", ""report"", "".""]","[""O"", ""O"", ""O"", ""O"", ""O"", ""O"", ""O"", ""O"", ""O"", ""O"", ""O"", ""O""]",[],synthetic_negative
train-00105,The team discussed whether to attempt Mount Bear or Mount Rainier.,"[""The"", ""team"", ""discussed"", ""whether"", ""to"", ""attempt"", ""Mount"", ""Bear"", ""or"", ""Mount"", ""Rainier"", "".""]","[""O"", ""O"", ""O"", ""O"", ""O"", ""O"", ""B-MOUNTAIN"", ""I-MOUNTAIN"", ""O"", ""B-MOUNTAIN"", ""I-MOUNTAIN"", ""O""]","[{""start"": 38, ""end"": 48, ""label"": ""MOUNTAIN"", ""text"": ""Mount Bear""}, {""start"": 52, ""end"": 65, ""label"": ""MOUNTAIN"", ""text"": ""Mount Rainier""}]",synthetic_positive_multi
train-00106,The film crew archived the summit plan during the conference.,"[""The"", ""film"", ""crew"", ""archived"", ""the"", ""summit"", ""plan"", ""during"", ""the"", ""conference"", "".""]","[""O"", ""O"", ""O"", ""O"", ""O"", ""O"", ""O"", ""O"", ""O"", ""O"", ""O""]",[],synthetic_negative
train-00107,The rescue unit rejected the ridge map at the office.,"[""The"", ""rescue"", ""unit"", ""rejected"", ""the"", ""ridge"", ""map"", ""at"", ""the"", ""office"", "".""]","[""O"", ""O"", ""O"", ""O"", ""O"", ""O"", ""O"", ""O"", ""O"", ""O"", ""O""]",[],synthetic_negative
train-00108,Tourists gathered at a viewpoint facing Mount Sanford.,"[""Tourists"", ""gathered"", ""at"", ""a"", ""viewpoint"", ""facing"", ""Mount"", ""Sanford"", "".""]","[""O"", ""O"", ""O"", ""O"", ""O"", ""O"", ""B-MOUNTAIN"", ""I-MOUNTAIN"", ""O""]","[{""start"": 40, ""end"": 53, ""label"": ""MOUNTAIN"", ""text"": ""Mount Sanford""}]",synthetic_positive_single
train-00109,A new trail provides access to Mount Hicks.,"[""A"", ""new"", ""trail"", ""provides"", ""access"", ""to"", ""Mount"", ""Hicks"", "".""]","[""O"", ""O"", ""O"", ""O"", ""O"", ""O"", ""B-MOUNTAIN"", ""I-MOUNTAIN"", ""O""]","[{""start"": 31, ""end"": 42, ""label"": ""MOUNTAIN"", ""text"": ""Mount Hicks""}]",synthetic_positive_single
train-00110,Mount Rinjani and Kongur Tagh were both visible from the aircraft.,"[""Mount"", ""Rinjani"", ""and"", ""Kongur"", ""Tagh"", ""were"", ""both"", ""visible"", ""from"", ""the"", ""aircraft"", "".""]","[""B-MOUNTAIN"", ""I-MOUNTAIN"", ""O"", ""B-MOUNTAIN"", ""I-MOUNTAIN"", ""O"", ""O"", ""O"", ""O"", ""O"", ""O"", ""O""]","[{""start"": 0, ""end"": 13, ""label"": ""MOUNTAIN"", ""text"": ""Mount Rinjani""}, {""start"": 18, ""end"": 29, ""label"": ""MOUNTAIN"", ""text"": ""Kongur Tagh""}]",synthetic_positive_multi
train-00111,"Unlike Mount Aspiring, Ama Dablam was hidden by clouds.","[""Unlike"", ""Mount"", ""Aspiring"", "","", ""Ama"", ""Dablam"", ""was"", ""hidden"", ""by"", ""clouds"", "".""]","[""O"", ""B-MOUNTAIN"", ""I-MOUNTAIN"", ""O"", ""B-MOUNTAIN"", ""I-MOUNTAIN"", ""O"", ""O"", ""O"", ""O"", ""O""]","[{""start"": 7, ""end"": 21, ""label"": ""MOUNTAIN"", ""text"": ""Mount Aspiring""}, {""start"": 23, ""end"": 33, ""label"": ""MOUNTAIN"", ""text"": ""Ama Dablam""}]",synthetic_positive_multi
train-00112,"During the spring survey, scientists visited Chimborazo.","[""During"", ""the"", ""spring"", ""survey"", "","", ""scientists"", ""visited"", ""Chimborazo"", "".""]","[""O"", ""O"", ""O"", ""O"", ""O"", ""O"", ""O"", ""B-MOUNTAIN"", ""O""]","[{""start"": 45, ""end"": 55, ""label"": ""MOUNTAIN"", ""text"": ""Chimborazo""}]",synthetic_positive_single
train-00113,Our map marks Mount Haidinger with a red triangle.,"[""Our"", ""map"", ""marks"", ""Mount"", ""Haidinger"", ""with"", ""a"", ""red"", ""triangle"", "".""]","[""O"", ""O"", ""O"", ""B-MOUNTAIN"", ""I-MOUNTAIN"", ""O"", ""O"", ""O"", ""O"", ""O""]","[{""start"": 14, ""end"": 29, ""label"": ""MOUNTAIN"", ""text"": ""Mount Haidinger""}]",synthetic_positive_single
train-00114,"She has photographed Huayna Potosi, Manaslu, and several nearby peaks.","[""She"", ""has"", ""photographed"", ""Huayna"", ""Potosi"", "","", ""Manaslu"", "","", ""and"", ""several"", ""nearby"", ""peaks"", "".""]","[""O"", ""O"", ""O"", ""B-MOUNTAIN"", ""I-MOUNTAIN"", ""O"", ""B-MOUNTAIN"", ""O"", ""O"", ""O"", ""O"", ""O"", ""O""]","[{""start"": 21, ""end"": 34, ""label"": ""MOUNTAIN"", ""text"": ""Huayna Potosi""}, {""start"": 36, ""end"": 43, ""label"": ""MOUNTAIN"", ""text"": ""Manaslu""}]",synthetic_positive_multi
train-00115,The photograph shows Mount Rinjani at sunrise.,"[""The"", ""photograph"", ""shows"", ""Mount"", ""Rinjani"", ""at"", ""sunrise"", "".""]","[""O"", ""O"", ""O"", ""B-MOUNTAIN"", ""I-MOUNTAIN"", ""O"", ""O"", ""O""]","[{""start"": 21, ""end"": 34, ""label"": ""MOUNTAIN"", ""text"": ""Mount Rinjani""}]",synthetic_positive_single
train-00116,The northern face of Mount Jefferson looked almost vertical.,"[""The"", ""northern"", ""face"", ""of"", ""Mount"", ""Jefferson"", ""looked"", ""almost"", ""vertical"", "".""]","[""O"", ""O"", ""O"", ""O"", ""B-MOUNTAIN"", ""I-MOUNTAIN"", ""O"", ""O"", ""O"", ""O""]","[{""start"": 21, ""end"": 36, ""label"": ""MOUNTAIN"", ""text"": ""Mount Jefferson""}]",synthetic_positive_single
train-00117,Heavy clouds covered Mount Augusta throughout the morning.,"[""Heavy"", ""clouds"", ""covered"", ""Mount"", ""Augusta"", ""throughout"", ""the"", ""morning"", "".""]","[""O"", ""O"", ""O"", ""B-MOUNTAIN"", ""I-MOUNTAIN"", ""O"", ""O"", ""O"", ""O""]","[{""start"": 21, ""end"": 34, ""label"": ""MOUNTAIN"", ""text"": ""Mount Augusta""}]",synthetic_positive_single
train-00118,Have you ever seen Mount Vancouver in winter?,"[""Have"", ""you"", ""ever"", ""seen"", ""Mount"", ""Vancouver"", ""in"", ""winter"", ""?""]","[""O"", ""O"", ""O"", ""O"", ""B-MOUNTAIN"", ""I-MOUNTAIN"", ""O"", ""O"", ""O""]","[{""start"": 19, ""end"": 34, ""label"": ""MOUNTAIN"", ""text"": ""Mount Vancouver""}]",synthetic_positive_single
train-00119,"In the final chapter, the author describes an ascent of Mount Tasman.","[""In"", ""the"", ""final"", ""chapter"", "","", ""the"", ""author"", ""describes"", ""an"", ""ascent"", ""of"", ""Mount"", ""Tasman"", "".""]","[""O"", ""O"", ""O"", ""O"", ""O"", ""O"", ""O"", ""O"", ""O"", ""O"", ""O"", ""B-MOUNTAIN"", ""I-MOUNTAIN"", ""O""]","[{""start"": 56, ""end"": 68, ""label"": ""MOUNTAIN"", ""text"": ""Mount Tasman""}]",synthetic_positive_single
train-00120,The tourist group shared the ridge map at the airport.,"[""The"", ""tourist"", ""group"", ""shared"", ""the"", ""ridge"", ""map"", ""at"", ""the"", ""airport"", "".""]","[""O"", ""O"", ""O"", ""O"", ""O"", ""O"", ""O"", ""O"", ""O"", ""O"", ""O""]",[],synthetic_negative
train-00121,The documentary follows expeditions to Hoverla and later to Kangchenjunga.,"[""The"", ""documentary"", ""follows"", ""expeditions"", ""to"", ""Hoverla"", ""and"", ""later"", ""to"", ""Kangchenjunga"", "".""]","[""O"", ""O"", ""O"", ""O"", ""O"", ""B-MOUNTAIN"", ""O"", ""O"", ""O"", ""B-MOUNTAIN"", ""O""]","[{""start"": 39, ""end"": 46, ""label"": ""MOUNTAIN"", ""text"": ""Hoverla""}, {""start"": 60, ""end"": 73, ""label"": ""MOUNTAIN"", ""text"": ""Kangchenjunga""}]",synthetic_positive_multi
train-00122,The travel company translated the validation result before the deadline.,"[""The"", ""travel"", ""company"", ""translated"", ""the"", ""validation"", ""result"", ""before"", ""the"", ""deadline"", "".""]","[""O"", ""O"", ""O"", ""O"", ""O"", ""O"", ""O"", ""O"", ""O"", ""O"", ""O""]",[],synthetic_negative
train-00123,The rescue unit translated the forest trail before lunch.,"[""The"", ""rescue"", ""unit"", ""translated"", ""the"", ""forest"", ""trail"", ""before"", ""lunch"", "".""]","[""O"", ""O"", ""O"", ""O"", ""O"", ""O"", ""O"", ""O"", ""O"", ""O""]",[],synthetic_negative
train-00124,"For safety reasons, access to Mount Washington was temporarily restricted.","[""For"", ""safety"", ""reasons"", "","", ""access"", ""to"", ""Mount"", ""Washington"", ""was"", ""temporarily"", ""restricted"", "".""]","[""O"", ""O"", ""O"", ""O"", ""O"", ""O"", ""B-MOUNTAIN"", ""I-MOUNTAIN"", ""O"", ""O"", ""O"", ""O""]","[{""start"": 30, ""end"": 46, ""label"": ""MOUNTAIN"", ""text"": ""Mount Washington""}]",synthetic_positive_single
train-00125,The tourist group checked the route at the airport.,"[""The"", ""tourist"", ""group"", ""checked"", ""the"", ""route"", ""at"", ""the"", ""airport"", "".""]","[""O"", ""O"", ""O"", ""O"", ""O"", ""O"", ""O"", ""O"", ""O"", ""O""]",[],synthetic_negative
train-00126,"She has photographed Mount Churchill, Mount Blackburn, and several nearby peaks.","[""She"", ""has"", ""photographed"", ""Mount"", ""Churchill"", "","", ""Mount"", ""Blackburn"", "","", ""and"", ""several"", ""nearby"", ""peaks"", "".""]","[""O"", ""O"", ""O"", ""B-MOUNTAIN"", ""I-MOUNTAIN"", ""O"", ""B-MOUNTAIN"", ""I-MOUNTAIN"", ""O"", ""O"", ""O"", ""O"", ""O"", ""O""]","[{""start"": 21, ""end"": 36, ""label"": ""MOUNTAIN"", ""text"": ""Mount Churchill""}, {""start"": 38, ""end"": 53, ""label"": ""MOUNTAIN"", ""text"": ""Mount Blackburn""}]",synthetic_positive_multi
train-00127,The expedition leader compared the ridge map at the office.,"[""The"", ""expedition"", ""leader"", ""compared"", ""the"", ""ridge"", ""map"", ""at"", ""the"", ""office"", "".""]","[""O"", ""O"", ""O"", ""O"", ""O"", ""O"", ""O"", ""O"", ""O"", ""O"", ""O""]",[],synthetic_negative
train-00128,The local council shared the conference program in the final report.,"[""The"", ""local"", ""council"", ""shared"", ""the"", ""conference"", ""program"", ""in"", ""the"", ""final"", ""report"", "".""]","[""O"", ""O"", ""O"", ""O"", ""O"", ""O"", ""O"", ""O"", ""O"", ""O"", ""O"", ""O""]",[],synthetic_negative
train-00129,Our map marks Mount Saint Elias with a red triangle.,"[""Our"", ""map"", ""marks"", ""Mount"", ""Saint"", ""Elias"", ""with"", ""a"", ""red"", ""triangle"", "".""]","[""O"", ""O"", ""O"", ""B-MOUNTAIN"", ""I-MOUNTAIN"", ""I-MOUNTAIN"", ""O"", ""O"", ""O"", ""O"", ""O""]","[{""start"": 14, ""end"": 31, ""label"": ""MOUNTAIN"", ""text"": ""Mount Saint Elias""}]",synthetic_positive_single
train-00130,"By late afternoon, shadows had covered the slopes of Haleakala.","[""By"", ""late"", ""afternoon"", "","", ""shadows"", ""had"", ""covered"", ""the"", ""slopes"", ""of"", ""Haleakala"", "".""]","[""O"", ""O"", ""O"", ""O"", ""O"", ""O"", ""O"", ""O"", ""O"", ""O"", ""B-MOUNTAIN"", ""O""]","[{""start"": 53, ""end"": 62, ""label"": ""MOUNTAIN"", ""text"": ""Haleakala""}]",synthetic_positive_single
train-00131,The climbers postponed their attempt on Broad Peak.,"[""The"", ""climbers"", ""postponed"", ""their"", ""attempt"", ""on"", ""Broad"", ""Peak"", "".""]","[""O"", ""O"", ""O"", ""O"", ""O"", ""O"", ""B-MOUNTAIN"", ""I-MOUNTAIN"", ""O""]","[{""start"": 40, ""end"": 50, ""label"": ""MOUNTAIN"", ""text"": ""Broad Peak""}]",synthetic_positive_single
train-00132,They began their ascent of Mount Blackburn at dawn.,"[""They"", ""began"", ""their"", ""ascent"", ""of"", ""Mount"", ""Blackburn"", ""at"", ""dawn"", "".""]","[""O"", ""O"", ""O"", ""O"", ""O"", ""B-MOUNTAIN"", ""I-MOUNTAIN"", ""O"", ""O"", ""O""]","[{""start"": 27, ""end"": 42, ""label"": ""MOUNTAIN"", ""text"": ""Mount Blackburn""}]",synthetic_positive_single
train-00133,The expedition leader reviewed the sensor reading in the final report.,"[""The"", ""expedition"", ""leader"", ""reviewed"", ""the"", ""sensor"", ""reading"", ""in"", ""the"", ""final"", ""report"", "".""]","[""O"", ""O"", ""O"", ""O"", ""O"", ""O"", ""O"", ""O"", ""O"", ""O"", ""O"", ""O""]",[],synthetic_negative
train-00134,The documentary follows expeditions to Snowdon and later to Mount Ararat.,"[""The"", ""documentary"", ""follows"", ""expeditions"", ""to"", ""Snowdon"", ""and"", ""later"", ""to"", ""Mount"", ""Ararat"", "".""]","[""O"", ""O"", ""O"", ""O"", ""O"", ""B-MOUNTAIN"", ""O"", ""O"", ""O"", ""B-MOUNTAIN"", ""I-MOUNTAIN"", ""O""]","[{""start"": 39, ""end"": 46, ""label"": ""MOUNTAIN"", ""text"": ""Snowdon""}, {""start"": 60, ""end"": 72, ""label"": ""MOUNTAIN"", ""text"": ""Mount Ararat""}]",synthetic_positive_multi
train-00135,They began their ascent of Mount Assiniboine at dawn.,"[""They"", ""began"", ""their"", ""ascent"", ""of"", ""Mount"", ""Assiniboine"", ""at"", ""dawn"", "".""]","[""O"", ""O"", ""O"", ""O"", ""O"", ""B-MOUNTAIN"", ""I-MOUNTAIN"", ""O"", ""O"", ""O""]","[{""start"": 27, ""end"": 44, ""label"": ""MOUNTAIN"", ""text"": ""Mount Assiniboine""}]",synthetic_positive_single
train-00136,The university department shared the algorithm in the final report.,"[""The"", ""university"", ""department"", ""shared"", ""the"", ""algorithm"", ""in"", ""the"", ""final"", ""report"", "".""]","[""O"", ""O"", ""O"", ""O"", ""O"", ""O"", ""O"", ""O"", ""O"", ""O"", ""O""]",[],synthetic_negative
train-00137,Our route passes near Snowdon before turning toward Pip Ivan.,"[""Our"", ""route"", ""passes"", ""near"", ""Snowdon"", ""before"", ""turning"", ""toward"", ""Pip"", ""Ivan"", "".""]","[""O"", ""O"", ""O"", ""O"", ""B-MOUNTAIN"", ""O"", ""O"", ""O"", ""B-MOUNTAIN"", ""I-MOUNTAIN"", ""O""]","[{""start"": 22, ""end"": 29, ""label"": ""MOUNTAIN"", ""text"": ""Snowdon""}, {""start"": 52, ""end"": 60, ""label"": ""MOUNTAIN"", ""text"": ""Pip Ivan""}]",synthetic_positive_multi
train-00138,A documentary crew filmed near Mount Saint Elias.,"[""A"", ""documentary"", ""crew"", ""filmed"", ""near"", ""Mount"", ""Saint"", ""Elias"", "".""]","[""O"", ""O"", ""O"", ""O"", ""O"", ""B-MOUNTAIN"", ""I-MOUNTAIN"", ""I-MOUNTAIN"", ""O""]","[{""start"": 31, ""end"": 48, ""label"": ""MOUNTAIN"", ""text"": ""Mount Saint Elias""}]",synthetic_positive_single
train-00139,Our route passes near Cotopaxi before turning toward Snowdon.,"[""Our"", ""route"", ""passes"", ""near"", ""Cotopaxi"", ""before"", ""turning"", ""toward"", ""Snowdon"", "".""]","[""O"", ""O"", ""O"", ""O"", ""B-MOUNTAIN"", ""O"", ""O"", ""O"", ""B-MOUNTAIN"", ""O""]","[{""start"": 22, ""end"": 30, ""label"": ""MOUNTAIN"", ""text"": ""Cotopaxi""}, {""start"": 53, ""end"": 60, ""label"": ""MOUNTAIN"", ""text"": ""Snowdon""}]",synthetic_positive_multi
train-00140,The lecture included a case study about Vinson Massif.,"[""The"", ""lecture"", ""included"", ""a"", ""case"", ""study"", ""about"", ""Vinson"", ""Massif"", "".""]","[""O"", ""O"", ""O"", ""O"", ""O"", ""O"", ""O"", ""B-MOUNTAIN"", ""I-MOUNTAIN"", ""O""]","[{""start"": 40, ""end"": 53, ""label"": ""MOUNTAIN"", ""text"": ""Vinson Massif""}]",synthetic_positive_single
train-00141,"In the final chapter, the author describes an ascent of Mount Agung.","[""In"", ""the"", ""final"", ""chapter"", "","", ""the"", ""author"", ""describes"", ""an"", ""ascent"", ""of"", ""Mount"", ""Agung"", "".""]","[""O"", ""O"", ""O"", ""O"", ""O"", ""O"", ""O"", ""O"", ""O"", ""O"", ""O"", ""B-MOUNTAIN"", ""I-MOUNTAIN"", ""O""]","[{""start"": 56, ""end"": 67, ""label"": ""MOUNTAIN"", ""text"": ""Mount Agung""}]",synthetic_positive_single
train-00142,The weather changed quickly as they approached Mount Shasta.,"[""The"", ""weather"", ""changed"", ""quickly"", ""as"", ""they"", ""approached"", ""Mount"", ""Shasta"", "".""]","[""O"", ""O"", ""O"", ""O"", ""O"", ""O"", ""O"", ""B-MOUNTAIN"", ""I-MOUNTAIN"", ""O""]","[{""start"": 47, ""end"": 59, ""label"": ""MOUNTAIN"", ""text"": ""Mount Shasta""}]",synthetic_positive_single
train-00143,We could clearly see Cotopaxi from the valley.,"[""We"", ""could"", ""clearly"", ""see"", ""Cotopaxi"", ""from"", ""the"", ""valley"", "".""]","[""O"", ""O"", ""O"", ""O"", ""B-MOUNTAIN"", ""O"", ""O"", ""O"", ""O""]","[{""start"": 21, ""end"": 29, ""label"": ""MOUNTAIN"", ""text"": ""Cotopaxi""}]",synthetic_positive_single
train-00144,The university department printed the cliff photograph at the airport.,"[""The"", ""university"", ""department"", ""printed"", ""the"", ""cliff"", ""photograph"", ""at"", ""the"", ""airport"", "".""]","[""O"", ""O"", ""O"", ""O"", ""O"", ""O"", ""O"", ""O"", ""O"", ""O"", ""O""]",[],synthetic_negative
train-00145,The rescue team returned safely from Mount Mitchell.,"[""The"", ""rescue"", ""team"", ""returned"", ""safely"", ""from"", ""Mount"", ""Mitchell"", "".""]","[""O"", ""O"", ""O"", ""O"", ""O"", ""O"", ""B-MOUNTAIN"", ""I-MOUNTAIN"", ""O""]","[{""start"": 37, ""end"": 51, ""label"": ""MOUNTAIN"", ""text"": ""Mount Mitchell""}]",synthetic_positive_single
train-00146,The weather service discussed the dataset after the presentation.,"[""The"", ""weather"", ""service"", ""discussed"", ""the"", ""dataset"", ""after"", ""the"", ""presentation"", "".""]","[""O"", ""O"", ""O"", ""O"", ""O"", ""O"", ""O"", ""O"", ""O"", ""O""]",[],synthetic_negative
train-00147,Images of Sajama were placed beside photographs of Mount Cook.,"[""Images"", ""of"", ""Sajama"", ""were"", ""placed"", ""beside"", ""photographs"", ""of"", ""Mount"", ""Cook"", "".""]","[""O"", ""O"", ""B-MOUNTAIN"", ""O"", ""O"", ""O"", ""O"", ""O"", ""B-MOUNTAIN"", ""I-MOUNTAIN"", ""O""]","[{""start"": 10, ""end"": 16, ""label"": ""MOUNTAIN"", ""text"": ""Sajama""}, {""start"": 51, ""end"": 61, ""label"": ""MOUNTAIN"", ""text"": ""Mount Cook""}]",synthetic_positive_multi
train-00148,A helicopter circled above Muztagh Ata during the rescue.,"[""A"", ""helicopter"", ""circled"", ""above"", ""Muztagh"", ""Ata"", ""during"", ""the"", ""rescue"", "".""]","[""O"", ""O"", ""O"", ""O"", ""B-MOUNTAIN"", ""I-MOUNTAIN"", ""O"", ""O"", ""O"", ""O""]","[{""start"": 27, ""end"": 38, ""label"": ""MOUNTAIN"", ""text"": ""Muztagh Ata""}]",synthetic_positive_single
train-00149,Cotopaxi and Mount Haku were both visible from the aircraft.,"[""Cotopaxi"", ""and"", ""Mount"", ""Haku"", ""were"", ""both"", ""visible"", ""from"", ""the"", ""aircraft"", "".""]","[""B-MOUNTAIN"", ""O"", ""B-MOUNTAIN"", ""I-MOUNTAIN"", ""O"", ""O"", ""O"", ""O"", ""O"", ""O"", ""O""]","[{""start"": 0, ""end"": 8, ""label"": ""MOUNTAIN"", ""text"": ""Cotopaxi""}, {""start"": 13, ""end"": 23, ""label"": ""MOUNTAIN"", ""text"": ""Mount Haku""}]",synthetic_positive_multi
train-00150,The team measured snow depth on Mount Olympus.,"[""The"", ""team"", ""measured"", ""snow"", ""depth"", ""on"", ""Mount"", ""Olympus"", "".""]","[""O"", ""O"", ""O"", ""O"", ""O"", ""O"", ""B-MOUNTAIN"", ""I-MOUNTAIN"", ""O""]","[{""start"": 32, ""end"": 45, ""label"": ""MOUNTAIN"", ""text"": ""Mount Olympus""}]",synthetic_positive_single
train-00151,The northern face of Mount Washington looked almost vertical.,"[""The"", ""northern"", ""face"", ""of"", ""Mount"", ""Washington"", ""looked"", ""almost"", ""vertical"", "".""]","[""O"", ""O"", ""O"", ""O"", ""B-MOUNTAIN"", ""I-MOUNTAIN"", ""O"", ""O"", ""O"", ""O""]","[{""start"": 21, ""end"": 37, ""label"": ""MOUNTAIN"", ""text"": ""Mount Washington""}]",synthetic_positive_single
train-00152,"For safety reasons, access to Mauna Loa was temporarily restricted.","[""For"", ""safety"", ""reasons"", "","", ""access"", ""to"", ""Mauna"", ""Loa"", ""was"", ""temporarily"", ""restricted"", "".""]","[""O"", ""O"", ""O"", ""O"", ""O"", ""O"", ""B-MOUNTAIN"", ""I-MOUNTAIN"", ""O"", ""O"", ""O"", ""O""]","[{""start"": 30, ""end"": 39, ""label"": ""MOUNTAIN"", ""text"": ""Mauna Loa""}]",synthetic_positive_single
train-00153,An avalanche warning was issued for the area around Mount Nyiragongo.,"[""An"", ""avalanche"", ""warning"", ""was"", ""issued"", ""for"", ""the"", ""area"", ""around"", ""Mount"", ""Nyiragongo"", "".""]","[""O"", ""O"", ""O"", ""O"", ""O"", ""O"", ""O"", ""O"", ""O"", ""B-MOUNTAIN"", ""I-MOUNTAIN"", ""O""]","[{""start"": 52, ""end"": 68, ""label"": ""MOUNTAIN"", ""text"": ""Mount Nyiragongo""}]",synthetic_positive_single
train-00154,They began their ascent of Mount Mitchell at dawn.,"[""They"", ""began"", ""their"", ""ascent"", ""of"", ""Mount"", ""Mitchell"", ""at"", ""dawn"", "".""]","[""O"", ""O"", ""O"", ""O"", ""O"", ""B-MOUNTAIN"", ""I-MOUNTAIN"", ""O"", ""O"", ""O""]","[{""start"": 27, ""end"": 41, ""label"": ""MOUNTAIN"", ""text"": ""Mount Mitchell""}]",synthetic_positive_single
train-00155,Kongur Tagh attracts climbers from around the world.,"[""Kongur"", ""Tagh"", ""attracts"", ""climbers"", ""from"", ""around"", ""the"", ""world"", "".""]","[""B-MOUNTAIN"", ""I-MOUNTAIN"", ""O"", ""O"", ""O"", ""O"", ""O"", ""O"", ""O""]","[{""start"": 0, ""end"": 11, ""label"": ""MOUNTAIN"", ""text"": ""Kongur Tagh""}]",synthetic_positive_single
train-00156,The local council shared the valley at the office.,"[""The"", ""local"", ""council"", ""shared"", ""the"", ""valley"", ""at"", ""the"", ""office"", "".""]","[""O"", ""O"", ""O"", ""O"", ""O"", ""O"", ""O"", ""O"", ""O"", ""O""]",[],synthetic_negative
train-00157,Images of Manaslu were placed beside photographs of Mount Erebus.,"[""Images"", ""of"", ""Manaslu"", ""were"", ""placed"", ""beside"", ""photographs"", ""of"", ""Mount"", ""Erebus"", "".""]","[""O"", ""O"", ""B-MOUNTAIN"", ""O"", ""O"", ""O"", ""O"", ""O"", ""B-MOUNTAIN"", ""I-MOUNTAIN"", ""O""]","[{""start"": 10, ""end"": 17, ""label"": ""MOUNTAIN"", ""text"": ""Manaslu""}, {""start"": 52, ""end"": 64, ""label"": ""MOUNTAIN"", ""text"": ""Mount Erebus""}]",synthetic_positive_multi
train-00158,Local guides described conditions on Puncak Jaya as difficult.,"[""Local"", ""guides"", ""described"", ""conditions"", ""on"", ""Puncak"", ""Jaya"", ""as"", ""difficult"", "".""]","[""O"", ""O"", ""O"", ""O"", ""O"", ""B-MOUNTAIN"", ""I-MOUNTAIN"", ""O"", ""O"", ""O""]","[{""start"": 37, ""end"": 48, ""label"": ""MOUNTAIN"", ""text"": ""Puncak Jaya""}]",synthetic_positive_single
train-00159,Photos of Jungfrau were displayed in the museum.,"[""Photos"", ""of"", ""Jungfrau"", ""were"", ""displayed"", ""in"", ""the"", ""museum"", "".""]","[""O"", ""O"", ""B-MOUNTAIN"", ""O"", ""O"", ""O"", ""O"", ""O"", ""O""]","[{""start"": 10, ""end"": 18, ""label"": ""MOUNTAIN"", ""text"": ""Jungfrau""}]",synthetic_positive_single
train-00160,The map labels both Mount Elbrus and Dhaulagiri.,"[""The"", ""map"", ""labels"", ""both"", ""Mount"", ""Elbrus"", ""and"", ""Dhaulagiri"", "".""]","[""O"", ""O"", ""O"", ""O"", ""B-MOUNTAIN"", ""I-MOUNTAIN"", ""O"", ""B-MOUNTAIN"", ""O""]","[{""start"": 20, ""end"": 32, ""label"": ""MOUNTAIN"", ""text"": ""Mount Elbrus""}, {""start"": 37, ""end"": 47, ""label"": ""MOUNTAIN"", ""text"": ""Dhaulagiri""}]",synthetic_positive_multi
train-00161,The photograph shows Mount Taranaki at sunrise.,"[""The"", ""photograph"", ""shows"", ""Mount"", ""Taranaki"", ""at"", ""sunrise"", "".""]","[""O"", ""O"", ""O"", ""B-MOUNTAIN"", ""I-MOUNTAIN"", ""O"", ""O"", ""O""]","[{""start"": 21, ""end"": 35, ""label"": ""MOUNTAIN"", ""text"": ""Mount Taranaki""}]",synthetic_positive_single
train-00162,"From the eastern ridge, we watched the sun rise behind Ojos del Salado.","[""From"", ""the"", ""eastern"", ""ridge"", "","", ""we"", ""watched"", ""the"", ""sun"", ""rise"", ""behind"", ""Ojos"", ""del"", ""Salado"", "".""]","[""O"", ""O"", ""O"", ""O"", ""O"", ""O"", ""O"", ""O"", ""O"", ""O"", ""O"", ""B-MOUNTAIN"", ""I-MOUNTAIN"", ""I-MOUNTAIN"", ""O""]","[{""start"": 55, ""end"": 70, ""label"": ""MOUNTAIN"", ""text"": ""Ojos del Salado""}]",synthetic_positive_single
train-00163,Images of Mount Saint Elias were placed beside photographs of Vinson Massif.,"[""Images"", ""of"", ""Mount"", ""Saint"", ""Elias"", ""were"", ""placed"", ""beside"", ""photographs"", ""of"", ""Vinson"", ""Massif"", "".""]","[""O"", ""O"", ""B-MOUNTAIN"", ""I-MOUNTAIN"", ""I-MOUNTAIN"", ""O"", ""O"", ""O"", ""O"", ""O"", ""B-MOUNTAIN"", ""I-MOUNTAIN"", ""O""]","[{""start"": 10, ""end"": 27, ""label"": ""MOUNTAIN"", ""text"": ""Mount Saint Elias""}, {""start"": 62, ""end"": 75, ""label"": ""MOUNTAIN"", ""text"": ""Vinson Massif""}]",synthetic_positive_multi
train-00164,The base camp below Machapuchare was moved to safer ground.,"[""The"", ""base"", ""camp"", ""below"", ""Machapuchare"", ""was"", ""moved"", ""to"", ""safer"", ""ground"", "".""]","[""O"", ""O"", ""O"", ""O"", ""B-MOUNTAIN"", ""O"", ""O"", ""O"", ""O"", ""O"", ""O""]","[{""start"": 20, ""end"": 32, ""label"": ""MOUNTAIN"", ""text"": ""Machapuchare""}]",synthetic_positive_single
train-00165,Local guides described conditions on Mauna Loa as difficult.,"[""Local"", ""guides"", ""described"", ""conditions"", ""on"", ""Mauna"", ""Loa"", ""as"", ""difficult"", "".""]","[""O"", ""O"", ""O"", ""O"", ""O"", ""B-MOUNTAIN"", ""I-MOUNTAIN"", ""O"", ""O"", ""O""]","[{""start"": 37, ""end"": 46, ""label"": ""MOUNTAIN"", ""text"": ""Mauna Loa""}]",synthetic_positive_single
train-00166,"Yesterday, Mount Washington was barely visible through the mist.","[""Yesterday"", "","", ""Mount"", ""Washington"", ""was"", ""barely"", ""visible"", ""through"", ""the"", ""mist"", "".""]","[""O"", ""O"", ""B-MOUNTAIN"", ""I-MOUNTAIN"", ""O"", ""O"", ""O"", ""O"", ""O"", ""O"", ""O""]","[{""start"": 11, ""end"": 27, ""label"": ""MOUNTAIN"", ""text"": ""Mount Washington""}]",synthetic_positive_single
train-00167,"In the final chapter, the author describes an ascent of Dhaulagiri.","[""In"", ""the"", ""final"", ""chapter"", "","", ""the"", ""author"", ""describes"", ""an"", ""ascent"", ""of"", ""Dhaulagiri"", "".""]","[""O"", ""O"", ""O"", ""O"", ""O"", ""O"", ""O"", ""O"", ""O"", ""O"", ""O"", ""B-MOUNTAIN"", ""O""]","[{""start"": 56, ""end"": 66, ""label"": ""MOUNTAIN"", ""text"": ""Dhaulagiri""}]",synthetic_positive_single
train-00168,"In the final chapter, the author describes an ascent of Mount Columbia.","[""In"", ""the"", ""final"", ""chapter"", "","", ""the"", ""author"", ""describes"", ""an"", ""ascent"", ""of"", ""Mount"", ""Columbia"", "".""]","[""O"", ""O"", ""O"", ""O"", ""O"", ""O"", ""O"", ""O"", ""O"", ""O"", ""O"", ""B-MOUNTAIN"", ""I-MOUNTAIN"", ""O""]","[{""start"": 56, ""end"": 70, ""label"": ""MOUNTAIN"", ""text"": ""Mount Columbia""}]",synthetic_positive_single
train-00169,He plans to study glaciers on Mount Rainier and Jungfrau.,"[""He"", ""plans"", ""to"", ""study"", ""glaciers"", ""on"", ""Mount"", ""Rainier"", ""and"", ""Jungfrau"", "".""]","[""O"", ""O"", ""O"", ""O"", ""O"", ""O"", ""B-MOUNTAIN"", ""I-MOUNTAIN"", ""O"", ""B-MOUNTAIN"", ""O""]","[{""start"": 30, ""end"": 43, ""label"": ""MOUNTAIN"", ""text"": ""Mount Rainier""}, {""start"": 48, ""end"": 56, ""label"": ""MOUNTAIN"", ""text"": ""Jungfrau""}]",synthetic_positive_multi
train-00170,"For safety reasons, access to Mount Lucania was temporarily restricted.","[""For"", ""safety"", ""reasons"", "","", ""access"", ""to"", ""Mount"", ""Lucania"", ""was"", ""temporarily"", ""restricted"", "".""]","[""O"", ""O"", ""O"", ""O"", ""O"", ""O"", ""B-MOUNTAIN"", ""I-MOUNTAIN"", ""O"", ""O"", ""O"", ""O""]","[{""start"": 30, ""end"": 43, ""label"": ""MOUNTAIN"", ""text"": ""Mount Lucania""}]",synthetic_positive_single
train-00171,The team measured snow depth on Table Mountain.,"[""The"", ""team"", ""measured"", ""snow"", ""depth"", ""on"", ""Table"", ""Mountain"", "".""]","[""O"", ""O"", ""O"", ""O"", ""O"", ""O"", ""B-MOUNTAIN"", ""I-MOUNTAIN"", ""O""]","[{""start"": 32, ""end"": 46, ""label"": ""MOUNTAIN"", ""text"": ""Table Mountain""}]",synthetic_positive_single
train-00172,The mapping agency printed the valley in the laboratory.,"[""The"", ""mapping"", ""agency"", ""printed"", ""the"", ""valley"", ""in"", ""the"", ""laboratory"", "".""]","[""O"", ""O"", ""O"", ""O"", ""O"", ""O"", ""O"", ""O"", ""O"", ""O""]",[],synthetic_negative
train-00173,"From the eastern ridge, we watched the sun rise behind Mount Augusta.","[""From"", ""the"", ""eastern"", ""ridge"", "","", ""we"", ""watched"", ""the"", ""sun"", ""rise"", ""behind"", ""Mount"", ""Augusta"", "".""]","[""O"", ""O"", ""O"", ""O"", ""O"", ""O"", ""O"", ""O"", ""O"", ""O"", ""O"", ""B-MOUNTAIN"", ""I-MOUNTAIN"", ""O""]","[{""start"": 55, ""end"": 68, ""label"": ""MOUNTAIN"", ""text"": ""Mount Augusta""}]",synthetic_positive_single
train-00174,The research team printed the hotel booking before lunch.,"[""The"", ""research"", ""team"", ""printed"", ""the"", ""hotel"", ""booking"", ""before"", ""lunch"", "".""]","[""O"", ""O"", ""O"", ""O"", ""O"", ""O"", ""O"", ""O"", ""O"", ""O""]",[],synthetic_negative
train-00175,The mapping agency published the product range in the laboratory.,"[""The"", ""mapping"", ""agency"", ""published"", ""the"", ""product"", ""range"", ""in"", ""the"", ""laboratory"", "".""]","[""O"", ""O"", ""O"", ""O"", ""O"", ""O"", ""O"", ""O"", ""O"", ""O"", ""O""]",[],synthetic_negative
train-00176,She hopes to climb Mount Haku next year.,"[""She"", ""hopes"", ""to"", ""climb"", ""Mount"", ""Haku"", ""next"", ""year"", "".""]","[""O"", ""O"", ""O"", ""O"", ""B-MOUNTAIN"", ""I-MOUNTAIN"", ""O"", ""O"", ""O""]","[{""start"": 19, ""end"": 29, ""label"": ""MOUNTAIN"", ""text"": ""Mount Haku""}]",synthetic_positive_single
train-00177,He plans to study glaciers on Mount Baker and Mount Hicks.,"[""He"", ""plans"", ""to"", ""study"", ""glaciers"", ""on"", ""Mount"", ""Baker"", ""and"", ""Mount"", ""Hicks"", "".""]","[""O"", ""O"", ""O"", ""O"", ""O"", ""O"", ""B-MOUNTAIN"", ""I-MOUNTAIN"", ""O"", ""B-MOUNTAIN"", ""I-MOUNTAIN"", ""O""]","[{""start"": 30, ""end"": 41, ""label"": ""MOUNTAIN"", ""text"": ""Mount Baker""}, {""start"": 46, ""end"": 57, ""label"": ""MOUNTAIN"", ""text"": ""Mount Hicks""}]",synthetic_positive_multi
train-00178,"Unlike Gasherbrum II, Mount Hubbard was hidden by clouds.","[""Unlike"", ""Gasherbrum"", ""II"", "","", ""Mount"", ""Hubbard"", ""was"", ""hidden"", ""by"", ""clouds"", "".""]","[""O"", ""B-MOUNTAIN"", ""I-MOUNTAIN"", ""O"", ""B-MOUNTAIN"", ""I-MOUNTAIN"", ""O"", ""O"", ""O"", ""O"", ""O""]","[{""start"": 7, ""end"": 20, ""label"": ""MOUNTAIN"", ""text"": ""Gasherbrum II""}, {""start"": 22, ""end"": 35, ""label"": ""MOUNTAIN"", ""text"": ""Mount Hubbard""}]",synthetic_positive_multi
train-00179,We could clearly see Monte Rosa from the valley.,"[""We"", ""could"", ""clearly"", ""see"", ""Monte"", ""Rosa"", ""from"", ""the"", ""valley"", "".""]","[""O"", ""O"", ""O"", ""O"", ""B-MOUNTAIN"", ""I-MOUNTAIN"", ""O"", ""O"", ""O"", ""O""]","[{""start"": 21, ""end"": 31, ""label"": ""MOUNTAIN"", ""text"": ""Monte Rosa""}]",synthetic_positive_single
train-00180,Have you ever seen Puncak Jaya in winter?,"[""Have"", ""you"", ""ever"", ""seen"", ""Puncak"", ""Jaya"", ""in"", ""winter"", ""?""]","[""O"", ""O"", ""O"", ""O"", ""B-MOUNTAIN"", ""I-MOUNTAIN"", ""O"", ""O"", ""O""]","[{""start"": 19, ""end"": 30, ""label"": ""MOUNTAIN"", ""text"": ""Puncak Jaya""}]",synthetic_positive_single
train-00181,The mapping agency reviewed the expedition permit before lunch.,"[""The"", ""mapping"", ""agency"", ""reviewed"", ""the"", ""expedition"", ""permit"", ""before"", ""lunch"", "".""]","[""O"", ""O"", ""O"", ""O"", ""O"", ""O"", ""O"", ""O"", ""O"", ""O""]",[],synthetic_negative
train-00182,The climbing club compared the cliff photograph on Monday.,"[""The"", ""climbing"", ""club"", ""compared"", ""the"", ""cliff"", ""photograph"", ""on"", ""Monday"", "".""]","[""O"", ""O"", ""O"", ""O"", ""O"", ""O"", ""O"", ""O"", ""O"", ""O""]",[],synthetic_negative
train-00183,The guide warned us not to underestimate Mount Taranaki.,"[""The"", ""guide"", ""warned"", ""us"", ""not"", ""to"", ""underestimate"", ""Mount"", ""Taranaki"", "".""]","[""O"", ""O"", ""O"", ""O"", ""O"", ""O"", ""O"", ""B-MOUNTAIN"", ""I-MOUNTAIN"", ""O""]","[{""start"": 41, ""end"": 55, ""label"": ""MOUNTAIN"", ""text"": ""Mount Taranaki""}]",synthetic_positive_single
train-00184,The university department published the forest trail during the conference.,"[""The"", ""university"", ""department"", ""published"", ""the"", ""forest"", ""trail"", ""during"", ""the"", ""conference"", "".""]","[""O"", ""O"", ""O"", ""O"", ""O"", ""O"", ""O"", ""O"", ""O"", ""O"", ""O""]",[],synthetic_negative
train-00185,Several routes lead toward the summit of Mount Kinabalu.,"[""Several"", ""routes"", ""lead"", ""toward"", ""the"", ""summit"", ""of"", ""Mount"", ""Kinabalu"", "".""]","[""O"", ""O"", ""O"", ""O"", ""O"", ""O"", ""O"", ""B-MOUNTAIN"", ""I-MOUNTAIN"", ""O""]","[{""start"": 41, ""end"": 55, ""label"": ""MOUNTAIN"", ""text"": ""Mount Kinabalu""}]",synthetic_positive_single
train-00186,The glacier on Petros has retreated in recent decades.,"[""The"", ""glacier"", ""on"", ""Petros"", ""has"", ""retreated"", ""in"", ""recent"", ""decades"", "".""]","[""O"", ""O"", ""O"", ""B-MOUNTAIN"", ""O"", ""O"", ""O"", ""O"", ""O"", ""O""]","[{""start"": 15, ""end"": 21, ""label"": ""MOUNTAIN"", ""text"": ""Petros""}]",synthetic_positive_single
train-00187,The rescue unit discussed the valley in the final report.,"[""The"", ""rescue"", ""unit"", ""discussed"", ""the"", ""valley"", ""in"", ""the"", ""final"", ""report"", "".""]","[""O"", ""O"", ""O"", ""O"", ""O"", ""O"", ""O"", ""O"", ""O"", ""O"", ""O""]",[],synthetic_negative
train-00188,The mapping agency shared the route during the conference.,"[""The"", ""mapping"", ""agency"", ""shared"", ""the"", ""route"", ""during"", ""the"", ""conference"", "".""]","[""O"", ""O"", ""O"", ""O"", ""O"", ""O"", ""O"", ""O"", ""O"", ""O""]",[],synthetic_negative
train-00189,The travel company translated the sensor reading during the meeting.,"[""The"", ""travel"", ""company"", ""translated"", ""the"", ""sensor"", ""reading"", ""during"", ""the"", ""meeting"", "".""]","[""O"", ""O"", ""O"", ""O"", ""O"", ""O"", ""O"", ""O"", ""O"", ""O"", ""O""]",[],synthetic_negative
train-00190,Expeditions to Mount Semeru and Ras Dashen were delayed by bad weather.,"[""Expeditions"", ""to"", ""Mount"", ""Semeru"", ""and"", ""Ras"", ""Dashen"", ""were"", ""delayed"", ""by"", ""bad"", ""weather"", "".""]","[""O"", ""O"", ""B-MOUNTAIN"", ""I-MOUNTAIN"", ""O"", ""B-MOUNTAIN"", ""I-MOUNTAIN"", ""O"", ""O"", ""O"", ""O"", ""O"", ""O""]","[{""start"": 15, ""end"": 27, ""label"": ""MOUNTAIN"", ""text"": ""Mount Semeru""}, {""start"": 32, ""end"": 42, ""label"": ""MOUNTAIN"", ""text"": ""Ras Dashen""}]",synthetic_positive_multi
train-00191,The climbers postponed their attempt on Mount Fairweather.,"[""The"", ""climbers"", ""postponed"", ""their"", ""attempt"", ""on"", ""Mount"", ""Fairweather"", "".""]","[""O"", ""O"", ""O"", ""O"", ""O"", ""O"", ""B-MOUNTAIN"", ""I-MOUNTAIN"", ""O""]","[{""start"": 40, ""end"": 57, ""label"": ""MOUNTAIN"", ""text"": ""Mount Fairweather""}]",synthetic_positive_single
train-00192,The rescue team returned safely from Mount Kosciuszko.,"[""The"", ""rescue"", ""team"", ""returned"", ""safely"", ""from"", ""Mount"", ""Kosciuszko"", "".""]","[""O"", ""O"", ""O"", ""O"", ""O"", ""O"", ""B-MOUNTAIN"", ""I-MOUNTAIN"", ""O""]","[{""start"": 37, ""end"": 53, ""label"": ""MOUNTAIN"", ""text"": ""Mount Kosciuszko""}]",synthetic_positive_single
train-00193,The local council approved the expedition permit before the deadline.,"[""The"", ""local"", ""council"", ""approved"", ""the"", ""expedition"", ""permit"", ""before"", ""the"", ""deadline"", "".""]","[""O"", ""O"", ""O"", ""O"", ""O"", ""O"", ""O"", ""O"", ""O"", ""O"", ""O""]",[],synthetic_negative
train-00194,The base camp below Gasherbrum II was moved to safer ground.,"[""The"", ""base"", ""camp"", ""below"", ""Gasherbrum"", ""II"", ""was"", ""moved"", ""to"", ""safer"", ""ground"", "".""]","[""O"", ""O"", ""O"", ""O"", ""B-MOUNTAIN"", ""I-MOUNTAIN"", ""O"", ""O"", ""O"", ""O"", ""O"", ""O""]","[{""start"": 20, ""end"": 33, ""label"": ""MOUNTAIN"", ""text"": ""Gasherbrum II""}]",synthetic_positive_single
train-00195,"She has photographed Aconcagua, Mount Vesuvius, and several nearby peaks.","[""She"", ""has"", ""photographed"", ""Aconcagua"", "","", ""Mount"", ""Vesuvius"", "","", ""and"", ""several"", ""nearby"", ""peaks"", "".""]","[""O"", ""O"", ""O"", ""B-MOUNTAIN"", ""O"", ""B-MOUNTAIN"", ""I-MOUNTAIN"", ""O"", ""O"", ""O"", ""O"", ""O"", ""O""]","[{""start"": 21, ""end"": 30, ""label"": ""MOUNTAIN"", ""text"": ""Aconcagua""}, {""start"": 32, ""end"": 46, ""label"": ""MOUNTAIN"", ""text"": ""Mount Vesuvius""}]",synthetic_positive_multi
train-00196,A documentary crew filmed near Fansipan.,"[""A"", ""documentary"", ""crew"", ""filmed"", ""near"", ""Fansipan"", "".""]","[""O"", ""O"", ""O"", ""O"", ""O"", ""B-MOUNTAIN"", ""O""]","[{""start"": 31, ""end"": 39, ""label"": ""MOUNTAIN"", ""text"": ""Fansipan""}]",synthetic_positive_single
train-00197,The team measured snow depth on Mount Rainier.,"[""The"", ""team"", ""measured"", ""snow"", ""depth"", ""on"", ""Mount"", ""Rainier"", "".""]","[""O"", ""O"", ""O"", ""O"", ""O"", ""O"", ""B-MOUNTAIN"", ""I-MOUNTAIN"", ""O""]","[{""start"": 32, ""end"": 45, ""label"": ""MOUNTAIN"", ""text"": ""Mount Rainier""}]",synthetic_positive_single
train-00198,The team discussed whether to attempt Lhotse or Mount Aso.,"[""The"", ""team"", ""discussed"", ""whether"", ""to"", ""attempt"", ""Lhotse"", ""or"", ""Mount"", ""Aso"", "".""]","[""O"", ""O"", ""O"", ""O"", ""O"", ""O"", ""B-MOUNTAIN"", ""O"", ""B-MOUNTAIN"", ""I-MOUNTAIN"", ""O""]","[{""start"": 38, ""end"": 44, ""label"": ""MOUNTAIN"", ""text"": ""Lhotse""}, {""start"": 48, ""end"": 57, ""label"": ""MOUNTAIN"", ""text"": ""Mount Aso""}]",synthetic_positive_multi
train-00199,Local guides described conditions on Matterhorn as difficult.,"[""Local"", ""guides"", ""described"", ""conditions"", ""on"", ""Matterhorn"", ""as"", ""difficult"", "".""]","[""O"", ""O"", ""O"", ""O"", ""O"", ""B-MOUNTAIN"", ""O"", ""O"", ""O""]","[{""start"": 37, ""end"": 47, ""label"": ""MOUNTAIN"", ""text"": ""Matterhorn""}]",synthetic_positive_single
train-00200,"By late afternoon, shadows had covered the slopes of Mount Tongariro.","[""By"", ""late"", ""afternoon"", "","", ""shadows"", ""had"", ""covered"", ""the"", ""slopes"", ""of"", ""Mount"", ""Tongariro"", "".""]","[""O"", ""O"", ""O"", ""O"", ""O"", ""O"", ""O"", ""O"", ""O"", ""O"", ""B-MOUNTAIN"", ""I-MOUNTAIN"", ""O""]","[{""start"": 53, ""end"": 68, ""label"": ""MOUNTAIN"", ""text"": ""Mount Tongariro""}]",synthetic_positive_single
train-00201,The rescue unit compared the ridge map at the airport.,"[""The"", ""rescue"", ""unit"", ""compared"", ""the"", ""ridge"", ""map"", ""at"", ""the"", ""airport"", "".""]","[""O"", ""O"", ""O"", ""O"", ""O"", ""O"", ""O"", ""O"", ""O"", ""O"", ""O""]",[],synthetic_negative
train-00202,"Despite the forecast, the climbers continued toward Lhotse.","[""Despite"", ""the"", ""forecast"", "","", ""the"", ""climbers"", ""continued"", ""toward"", ""Lhotse"", "".""]","[""O"", ""O"", ""O"", ""O"", ""O"", ""O"", ""O"", ""O"", ""B-MOUNTAIN"", ""O""]","[{""start"": 52, ""end"": 58, ""label"": ""MOUNTAIN"", ""text"": ""Lhotse""}]",synthetic_positive_single
train-00203,Local guides described conditions on Mount Taranaki as difficult.,"[""Local"", ""guides"", ""described"", ""conditions"", ""on"", ""Mount"", ""Taranaki"", ""as"", ""difficult"", "".""]","[""O"", ""O"", ""O"", ""O"", ""O"", ""B-MOUNTAIN"", ""I-MOUNTAIN"", ""O"", ""O"", ""O""]","[{""start"": 37, ""end"": 51, ""label"": ""MOUNTAIN"", ""text"": ""Mount Taranaki""}]",synthetic_positive_single
train-00204,The film crew updated the valley after the presentation.,"[""The"", ""film"", ""crew"", ""updated"", ""the"", ""valley"", ""after"", ""the"", ""presentation"", "".""]","[""O"", ""O"", ""O"", ""O"", ""O"", ""O"", ""O"", ""O"", ""O"", ""O""]",[],synthetic_negative
train-00205,The tourist group compared the sensor reading at the office.,"[""The"", ""tourist"", ""group"", ""compared"", ""the"", ""sensor"", ""reading"", ""at"", ""the"", ""office"", "".""]","[""O"", ""O"", ""O"", ""O"", ""O"", ""O"", ""O"", ""O"", ""O"", ""O"", ""O""]",[],synthetic_negative
train-00206,The expedition reached the summit of Mount Adams before noon.,"[""The"", ""expedition"", ""reached"", ""the"", ""summit"", ""of"", ""Mount"", ""Adams"", ""before"", ""noon"", "".""]","[""O"", ""O"", ""O"", ""O"", ""O"", ""O"", ""B-MOUNTAIN"", ""I-MOUNTAIN"", ""O"", ""O"", ""O""]","[{""start"": 37, ""end"": 48, ""label"": ""MOUNTAIN"", ""text"": ""Mount Adams""}]",synthetic_positive_single
train-00207,An avalanche warning was issued for the area around Mount Augusta.,"[""An"", ""avalanche"", ""warning"", ""was"", ""issued"", ""for"", ""the"", ""area"", ""around"", ""Mount"", ""Augusta"", "".""]","[""O"", ""O"", ""O"", ""O"", ""O"", ""O"", ""O"", ""O"", ""O"", ""B-MOUNTAIN"", ""I-MOUNTAIN"", ""O""]","[{""start"": 52, ""end"": 65, ""label"": ""MOUNTAIN"", ""text"": ""Mount Augusta""}]",synthetic_positive_single
train-00208,The climbing club published the validation result at the office.,"[""The"", ""climbing"", ""club"", ""published"", ""the"", ""validation"", ""result"", ""at"", ""the"", ""office"", "".""]","[""O"", ""O"", ""O"", ""O"", ""O"", ""O"", ""O"", ""O"", ""O"", ""O"", ""O""]",[],synthetic_negative
train-00209,"Yesterday, Mount Bona was barely visible through the mist.","[""Yesterday"", "","", ""Mount"", ""Bona"", ""was"", ""barely"", ""visible"", ""through"", ""the"", ""mist"", "".""]","[""O"", ""O"", ""B-MOUNTAIN"", ""I-MOUNTAIN"", ""O"", ""O"", ""O"", ""O"", ""O"", ""O"", ""O""]","[{""start"": 11, ""end"": 21, ""label"": ""MOUNTAIN"", ""text"": ""Mount Bona""}]",synthetic_positive_single
train-00210,They began their ascent of Jungfrau at dawn.,"[""They"", ""began"", ""their"", ""ascent"", ""of"", ""Jungfrau"", ""at"", ""dawn"", "".""]","[""O"", ""O"", ""O"", ""O"", ""O"", ""B-MOUNTAIN"", ""O"", ""O"", ""O""]","[{""start"": 27, ""end"": 35, ""label"": ""MOUNTAIN"", ""text"": ""Jungfrau""}]",synthetic_positive_single
train-00211,The tourist group archived the conference program in the laboratory.,"[""The"", ""tourist"", ""group"", ""archived"", ""the"", ""conference"", ""program"", ""in"", ""the"", ""laboratory"", "".""]","[""O"", ""O"", ""O"", ""O"", ""O"", ""O"", ""O"", ""O"", ""O"", ""O"", ""O""]",[],synthetic_negative
train-00212,Our route passes near Mount Baker before turning toward Eiger.,"[""Our"", ""route"", ""passes"", ""near"", ""Mount"", ""Baker"", ""before"", ""turning"", ""toward"", ""Eiger"", "".""]","[""O"", ""O"", ""O"", ""O"", ""B-MOUNTAIN"", ""I-MOUNTAIN"", ""O"", ""O"", ""O"", ""B-MOUNTAIN"", ""O""]","[{""start"": 22, ""end"": 33, ""label"": ""MOUNTAIN"", ""text"": ""Mount Baker""}, {""start"": 56, ""end"": 61, ""label"": ""MOUNTAIN"", ""text"": ""Eiger""}]",synthetic_positive_multi
train-00213,Eiger attracts climbers from around the world.,"[""Eiger"", ""attracts"", ""climbers"", ""from"", ""around"", ""the"", ""world"", "".""]","[""B-MOUNTAIN"", ""O"", ""O"", ""O"", ""O"", ""O"", ""O"", ""O""]","[{""start"": 0, ""end"": 5, ""label"": ""MOUNTAIN"", ""text"": ""Eiger""}]",synthetic_positive_single
train-00214,The film crew translated the sensor reading in the final report.,"[""The"", ""film"", ""crew"", ""translated"", ""the"", ""sensor"", ""reading"", ""in"", ""the"", ""final"", ""report"", "".""]","[""O"", ""O"", ""O"", ""O"", ""O"", ""O"", ""O"", ""O"", ""O"", ""O"", ""O"", ""O""]",[],synthetic_negative
train-00215,"By late afternoon, shadows had covered the slopes of Ras Dashen.","[""By"", ""late"", ""afternoon"", "","", ""shadows"", ""had"", ""covered"", ""the"", ""slopes"", ""of"", ""Ras"", ""Dashen"", "".""]","[""O"", ""O"", ""O"", ""O"", ""O"", ""O"", ""O"", ""O"", ""O"", ""O"", ""B-MOUNTAIN"", ""I-MOUNTAIN"", ""O""]","[{""start"": 53, ""end"": 63, ""label"": ""MOUNTAIN"", ""text"": ""Ras Dashen""}]",synthetic_positive_single
train-00216,Our map marks Mount Elbrus with a red triangle.,"[""Our"", ""map"", ""marks"", ""Mount"", ""Elbrus"", ""with"", ""a"", ""red"", ""triangle"", "".""]","[""O"", ""O"", ""O"", ""B-MOUNTAIN"", ""I-MOUNTAIN"", ""O"", ""O"", ""O"", ""O"", ""O""]","[{""start"": 14, ""end"": 26, ""label"": ""MOUNTAIN"", ""text"": ""Mount Elbrus""}]",synthetic_positive_single
train-00217,The base camp below Petros was moved to safer ground.,"[""The"", ""base"", ""camp"", ""below"", ""Petros"", ""was"", ""moved"", ""to"", ""safer"", ""ground"", "".""]","[""O"", ""O"", ""O"", ""O"", ""B-MOUNTAIN"", ""O"", ""O"", ""O"", ""O"", ""O"", ""O""]","[{""start"": 20, ""end"": 26, ""label"": ""MOUNTAIN"", ""text"": ""Petros""}]",synthetic_positive_single
train-00218,"Yesterday, Mount Bear was barely visible through the mist.","[""Yesterday"", "","", ""Mount"", ""Bear"", ""was"", ""barely"", ""visible"", ""through"", ""the"", ""mist"", "".""]","[""O"", ""O"", ""B-MOUNTAIN"", ""I-MOUNTAIN"", ""O"", ""O"", ""O"", ""O"", ""O"", ""O"", ""O""]","[{""start"": 11, ""end"": 21, ""label"": ""MOUNTAIN"", ""text"": ""Mount Bear""}]",synthetic_positive_single
train-00219,The article compares climbing conditions on Huascaran with those on Mount Meru.,"[""The"", ""article"", ""compares"", ""climbing"", ""conditions"", ""on"", ""Huascaran"", ""with"", ""those"", ""on"", ""Mount"", ""Meru"", "".""]","[""O"", ""O"", ""O"", ""O"", ""O"", ""O"", ""B-MOUNTAIN"", ""O"", ""O"", ""O"", ""B-MOUNTAIN"", ""I-MOUNTAIN"", ""O""]","[{""start"": 44, ""end"": 53, ""label"": ""MOUNTAIN"", ""text"": ""Huascaran""}, {""start"": 68, ""end"": 78, ""label"": ""MOUNTAIN"", ""text"": ""Mount Meru""}]",synthetic_positive_multi
train-00220,The museum curator approved the dataset in the final report.,"[""The"", ""museum"", ""curator"", ""approved"", ""the"", ""dataset"", ""in"", ""the"", ""final"", ""report"", "".""]","[""O"", ""O"", ""O"", ""O"", ""O"", ""O"", ""O"", ""O"", ""O"", ""O"", ""O""]",[],synthetic_negative
train-00221,Have you ever seen Mount Logan in winter?,"[""Have"", ""you"", ""ever"", ""seen"", ""Mount"", ""Logan"", ""in"", ""winter"", ""?""]","[""O"", ""O"", ""O"", ""O"", ""B-MOUNTAIN"", ""I-MOUNTAIN"", ""O"", ""O"", ""O""]","[{""start"": 19, ""end"": 30, ""label"": ""MOUNTAIN"", ""text"": ""Mount Logan""}]",synthetic_positive_single
train-00222,The tourist group archived the algorithm in the final report.,"[""The"", ""tourist"", ""group"", ""archived"", ""the"", ""algorithm"", ""in"", ""the"", ""final"", ""report"", "".""]","[""O"", ""O"", ""O"", ""O"", ""O"", ""O"", ""O"", ""O"", ""O"", ""O"", ""O""]",[],synthetic_negative
train-00223,A small village lies below Ama Dablam.,"[""A"", ""small"", ""village"", ""lies"", ""below"", ""Ama"", ""Dablam"", "".""]","[""O"", ""O"", ""O"", ""O"", ""O"", ""B-MOUNTAIN"", ""I-MOUNTAIN"", ""O""]","[{""start"": 27, ""end"": 37, ""label"": ""MOUNTAIN"", ""text"": ""Ama Dablam""}]",synthetic_positive_single
train-00224,The research team updated the dataset at the office.,"[""The"", ""research"", ""team"", ""updated"", ""the"", ""dataset"", ""at"", ""the"", ""office"", "".""]","[""O"", ""O"", ""O"", ""O"", ""O"", ""O"", ""O"", ""O"", ""O"", ""O""]",[],synthetic_negative
train-00225,"In the final chapter, the author describes an ascent of Aoraki Mount Cook.","[""In"", ""the"", ""final"", ""chapter"", "","", ""the"", ""author"", ""describes"", ""an"", ""ascent"", ""of"", ""Aoraki"", ""Mount"", ""Cook"", "".""]","[""O"", ""O"", ""O"", ""O"", ""O"", ""O"", ""O"", ""O"", ""O"", ""O"", ""O"", ""B-MOUNTAIN"", ""I-MOUNTAIN"", ""I-MOUNTAIN"", ""O""]","[{""start"": 56, ""end"": 73, ""label"": ""MOUNTAIN"", ""text"": ""Aoraki Mount Cook""}]",synthetic_positive_single
train-00226,Have you ever seen Mount Kinabalu in winter?,"[""Have"", ""you"", ""ever"", ""seen"", ""Mount"", ""Kinabalu"", ""in"", ""winter"", ""?""]","[""O"", ""O"", ""O"", ""O"", ""B-MOUNTAIN"", ""I-MOUNTAIN"", ""O"", ""O"", ""O""]","[{""start"": 19, ""end"": 33, ""label"": ""MOUNTAIN"", ""text"": ""Mount Kinabalu""}]",synthetic_positive_single
train-00227,The weather service reviewed the validation result on Monday.,"[""The"", ""weather"", ""service"", ""reviewed"", ""the"", ""validation"", ""result"", ""on"", ""Monday"", "".""]","[""O"", ""O"", ""O"", ""O"", ""O"", ""O"", ""O"", ""O"", ""O"", ""O""]",[],synthetic_negative
train-00228,Local guides described conditions on Mount Foraker as difficult.,"[""Local"", ""guides"", ""described"", ""conditions"", ""on"", ""Mount"", ""Foraker"", ""as"", ""difficult"", "".""]","[""O"", ""O"", ""O"", ""O"", ""O"", ""B-MOUNTAIN"", ""I-MOUNTAIN"", ""O"", ""O"", ""O""]","[{""start"": 37, ""end"": 50, ""label"": ""MOUNTAIN"", ""text"": ""Mount Foraker""}]",synthetic_positive_single
train-00229,"She has photographed Ama Dablam, Ojos del Salado, and several nearby peaks.","[""She"", ""has"", ""photographed"", ""Ama"", ""Dablam"", "","", ""Ojos"", ""del"", ""Salado"", "","", ""and"", ""several"", ""nearby"", ""peaks"", "".""]","[""O"", ""O"", ""O"", ""B-MOUNTAIN"", ""I-MOUNTAIN"", ""O"", ""B-MOUNTAIN"", ""I-MOUNTAIN"", ""I-MOUNTAIN"", ""O"", ""O"", ""O"", ""O"", ""O"", ""O""]","[{""start"": 21, ""end"": 31, ""label"": ""MOUNTAIN"", ""text"": ""Ama Dablam""}, {""start"": 33, ""end"": 48, ""label"": ""MOUNTAIN"", ""text"": ""Ojos del Salado""}]",synthetic_positive_multi
train-00230,"Despite the forecast, the climbers continued toward Mount Saint Elias.","[""Despite"", ""the"", ""forecast"", "","", ""the"", ""climbers"", ""continued"", ""toward"", ""Mount"", ""Saint"", ""Elias"", "".""]","[""O"", ""O"", ""O"", ""O"", ""O"", ""O"", ""O"", ""O"", ""B-MOUNTAIN"", ""I-MOUNTAIN"", ""I-MOUNTAIN"", ""O""]","[{""start"": 52, ""end"": 69, ""label"": ""MOUNTAIN"", ""text"": ""Mount Saint Elias""}]",synthetic_positive_single
train-00231,The mapping agency printed the summit plan at the airport.,"[""The"", ""mapping"", ""agency"", ""printed"", ""the"", ""summit"", ""plan"", ""at"", ""the"", ""airport"", "".""]","[""O"", ""O"", ""O"", ""O"", ""O"", ""O"", ""O"", ""O"", ""O"", ""O"", ""O""]",[],synthetic_negative
train-00232,"Unlike Mount Hicks, Mount Vesuvius was hidden by clouds.","[""Unlike"", ""Mount"", ""Hicks"", "","", ""Mount"", ""Vesuvius"", ""was"", ""hidden"", ""by"", ""clouds"", "".""]","[""O"", ""B-MOUNTAIN"", ""I-MOUNTAIN"", ""O"", ""B-MOUNTAIN"", ""I-MOUNTAIN"", ""O"", ""O"", ""O"", ""O"", ""O""]","[{""start"": 7, ""end"": 18, ""label"": ""MOUNTAIN"", ""text"": ""Mount Hicks""}, {""start"": 20, ""end"": 34, ""label"": ""MOUNTAIN"", ""text"": ""Mount Vesuvius""}]",synthetic_positive_multi
train-00233,The travel company approved the sales peak before lunch.,"[""The"", ""travel"", ""company"", ""approved"", ""the"", ""sales"", ""peak"", ""before"", ""lunch"", "".""]","[""O"", ""O"", ""O"", ""O"", ""O"", ""O"", ""O"", ""O"", ""O"", ""O""]",[],synthetic_negative
train-00234,The article compares climbing conditions on Mount Etna with those on Mount Columbia.,"[""The"", ""article"", ""compares"", ""climbing"", ""conditions"", ""on"", ""Mount"", ""Etna"", ""with"", ""those"", ""on"", ""Mount"", ""Columbia"", "".""]","[""O"", ""O"", ""O"", ""O"", ""O"", ""O"", ""B-MOUNTAIN"", ""I-MOUNTAIN"", ""O"", ""O"", ""O"", ""B-MOUNTAIN"", ""I-MOUNTAIN"", ""O""]","[{""start"": 44, ""end"": 54, ""label"": ""MOUNTAIN"", ""text"": ""Mount Etna""}, {""start"": 69, ""end"": 83, ""label"": ""MOUNTAIN"", ""text"": ""Mount Columbia""}]",synthetic_positive_multi
train-00235,Mount Shasta and Mount Erebus were both visible from the aircraft.,"[""Mount"", ""Shasta"", ""and"", ""Mount"", ""Erebus"", ""were"", ""both"", ""visible"", ""from"", ""the"", ""aircraft"", "".""]","[""B-MOUNTAIN"", ""I-MOUNTAIN"", ""O"", ""B-MOUNTAIN"", ""I-MOUNTAIN"", ""O"", ""O"", ""O"", ""O"", ""O"", ""O"", ""O""]","[{""start"": 0, ""end"": 12, ""label"": ""MOUNTAIN"", ""text"": ""Mount Shasta""}, {""start"": 17, ""end"": 29, ""label"": ""MOUNTAIN"", ""text"": ""Mount Erebus""}]",synthetic_positive_multi
train-00236,The weather service updated the expedition permit after the presentation.,"[""The"", ""weather"", ""service"", ""updated"", ""the"", ""expedition"", ""permit"", ""after"", ""the"", ""presentation"", "".""]","[""O"", ""O"", ""O"", ""O"", ""O"", ""O"", ""O"", ""O"", ""O"", ""O"", ""O""]",[],synthetic_negative
train-00237,The rescue unit reviewed the budget in the final report.,"[""The"", ""rescue"", ""unit"", ""reviewed"", ""the"", ""budget"", ""in"", ""the"", ""final"", ""report"", "".""]","[""O"", ""O"", ""O"", ""O"", ""O"", ""O"", ""O"", ""O"", ""O"", ""O"", ""O""]",[],synthetic_negative
train-00238,The rescue unit archived the satellite image during the conference.,"[""The"", ""rescue"", ""unit"", ""archived"", ""the"", ""satellite"", ""image"", ""during"", ""the"", ""conference"", "".""]","[""O"", ""O"", ""O"", ""O"", ""O"", ""O"", ""O"", ""O"", ""O"", ""O"", ""O""]",[],synthetic_negative
train-00239,Our map marks Mauna Loa with a red triangle.,"[""Our"", ""map"", ""marks"", ""Mauna"", ""Loa"", ""with"", ""a"", ""red"", ""triangle"", "".""]","[""O"", ""O"", ""O"", ""B-MOUNTAIN"", ""I-MOUNTAIN"", ""O"", ""O"", ""O"", ""O"", ""O""]","[{""start"": 14, ""end"": 23, ""label"": ""MOUNTAIN"", ""text"": ""Mauna Loa""}]",synthetic_positive_single
train-00240,The tourist group reviewed the sensor reading in the laboratory.,"[""The"", ""tourist"", ""group"", ""reviewed"", ""the"", ""sensor"", ""reading"", ""in"", ""the"", ""laboratory"", "".""]","[""O"", ""O"", ""O"", ""O"", ""O"", ""O"", ""O"", ""O"", ""O"", ""O"", ""O""]",[],synthetic_negative
train-00241,They began their ascent of Mount Logan at dawn.,"[""They"", ""began"", ""their"", ""ascent"", ""of"", ""Mount"", ""Logan"", ""at"", ""dawn"", "".""]","[""O"", ""O"", ""O"", ""O"", ""O"", ""B-MOUNTAIN"", ""I-MOUNTAIN"", ""O"", ""O"", ""O""]","[{""start"": 27, ""end"": 38, ""label"": ""MOUNTAIN"", ""text"": ""Mount Logan""}]",synthetic_positive_single
train-00242,The research team published the ridge map in the laboratory.,"[""The"", ""research"", ""team"", ""published"", ""the"", ""ridge"", ""map"", ""in"", ""the"", ""laboratory"", "".""]","[""O"", ""O"", ""O"", ""O"", ""O"", ""O"", ""O"", ""O"", ""O"", ""O"", ""O""]",[],synthetic_negative
train-00243,Expeditions to Mount Hunter and Mont Blanc were delayed by bad weather.,"[""Expeditions"", ""to"", ""Mount"", ""Hunter"", ""and"", ""Mont"", ""Blanc"", ""were"", ""delayed"", ""by"", ""bad"", ""weather"", "".""]","[""O"", ""O"", ""B-MOUNTAIN"", ""I-MOUNTAIN"", ""O"", ""B-MOUNTAIN"", ""I-MOUNTAIN"", ""O"", ""O"", ""O"", ""O"", ""O"", ""O""]","[{""start"": 15, ""end"": 27, ""label"": ""MOUNTAIN"", ""text"": ""Mount Hunter""}, {""start"": 32, ""end"": 42, ""label"": ""MOUNTAIN"", ""text"": ""Mont Blanc""}]",synthetic_positive_multi
train-00244,He plans to study glaciers on Eiger and Cho Oyu.,"[""He"", ""plans"", ""to"", ""study"", ""glaciers"", ""on"", ""Eiger"", ""and"", ""Cho"", ""Oyu"", "".""]","[""O"", ""O"", ""O"", ""O"", ""O"", ""O"", ""B-MOUNTAIN"", ""O"", ""B-MOUNTAIN"", ""I-MOUNTAIN"", ""O""]","[{""start"": 30, ""end"": 35, ""label"": ""MOUNTAIN"", ""text"": ""Eiger""}, {""start"": 40, ""end"": 47, ""label"": ""MOUNTAIN"", ""text"": ""Cho Oyu""}]",synthetic_positive_multi
train-00245,The article compares climbing conditions on Mount Tasman with those on Mount Sanford.,"[""The"", ""article"", ""compares"", ""climbing"", ""conditions"", ""on"", ""Mount"", ""Tasman"", ""with"", ""those"", ""on"", ""Mount"", ""Sanford"", "".""]","[""O"", ""O"", ""O"", ""O"", ""O"", ""O"", ""B-MOUNTAIN"", ""I-MOUNTAIN"", ""O"", ""O"", ""O"", ""B-MOUNTAIN"", ""I-MOUNTAIN"", ""O""]","[{""start"": 44, ""end"": 56, ""label"": ""MOUNTAIN"", ""text"": ""Mount Tasman""}, {""start"": 71, ""end"": 84, ""label"": ""MOUNTAIN"", ""text"": ""Mount Sanford""}]",synthetic_positive_multi
train-00246,A small village lies below Mount Robson.,"[""A"", ""small"", ""village"", ""lies"", ""below"", ""Mount"", ""Robson"", "".""]","[""O"", ""O"", ""O"", ""O"", ""O"", ""B-MOUNTAIN"", ""I-MOUNTAIN"", ""O""]","[{""start"": 27, ""end"": 39, ""label"": ""MOUNTAIN"", ""text"": ""Mount Robson""}]",synthetic_positive_single
train-00247,Our route passes near Mount Silverthrone before turning toward Mount Damavand.,"[""Our"", ""route"", ""passes"", ""near"", ""Mount"", ""Silverthrone"", ""before"", ""turning"", ""toward"", ""Mount"", ""Damavand"", "".""]","[""O"", ""O"", ""O"", ""O"", ""B-MOUNTAIN"", ""I-MOUNTAIN"", ""O"", ""O"", ""O"", ""B-MOUNTAIN"", ""I-MOUNTAIN"", ""O""]","[{""start"": 22, ""end"": 40, ""label"": ""MOUNTAIN"", ""text"": ""Mount Silverthrone""}, {""start"": 63, ""end"": 77, ""label"": ""MOUNTAIN"", ""text"": ""Mount Damavand""}]",synthetic_positive_multi
train-00248,The climbing club translated the research report during the conference.,"[""The"", ""climbing"", ""club"", ""translated"", ""the"", ""research"", ""report"", ""during"", ""the"", ""conference"", "".""]","[""O"", ""O"", ""O"", ""O"", ""O"", ""O"", ""O"", ""O"", ""O"", ""O"", ""O""]",[],synthetic_negative
train-00249,Local guides described conditions on Mount Etna as difficult.,"[""Local"", ""guides"", ""described"", ""conditions"", ""on"", ""Mount"", ""Etna"", ""as"", ""difficult"", "".""]","[""O"", ""O"", ""O"", ""O"", ""O"", ""B-MOUNTAIN"", ""I-MOUNTAIN"", ""O"", ""O"", ""O""]","[{""start"": 37, ""end"": 47, ""label"": ""MOUNTAIN"", ""text"": ""Mount Etna""}]",synthetic_positive_single
train-00250,The rescue team returned safely from Gasherbrum I.,"[""The"", ""rescue"", ""team"", ""returned"", ""safely"", ""from"", ""Gasherbrum"", ""I"", "".""]","[""O"", ""O"", ""O"", ""O"", ""O"", ""O"", ""B-MOUNTAIN"", ""I-MOUNTAIN"", ""O""]","[{""start"": 37, ""end"": 49, ""label"": ""MOUNTAIN"", ""text"": ""Gasherbrum I""}]",synthetic_positive_single
train-00251,The article compares climbing conditions on Mount Kilimanjaro with those on Mount Robson.,"[""The"", ""article"", ""compares"", ""climbing"", ""conditions"", ""on"", ""Mount"", ""Kilimanjaro"", ""with"", ""those"", ""on"", ""Mount"", ""Robson"", "".""]","[""O"", ""O"", ""O"", ""O"", ""O"", ""O"", ""B-MOUNTAIN"", ""I-MOUNTAIN"", ""O"", ""O"", ""O"", ""B-MOUNTAIN"", ""I-MOUNTAIN"", ""O""]","[{""start"": 44, ""end"": 61, ""label"": ""MOUNTAIN"", ""text"": ""Mount Kilimanjaro""}, {""start"": 76, ""end"": 88, ""label"": ""MOUNTAIN"", ""text"": ""Mount Robson""}]",synthetic_positive_multi
train-00252,The climbing club approved the sensor reading before lunch.,"[""The"", ""climbing"", ""club"", ""approved"", ""the"", ""sensor"", ""reading"", ""before"", ""lunch"", "".""]","[""O"", ""O"", ""O"", ""O"", ""O"", ""O"", ""O"", ""O"", ""O"", ""O""]",[],synthetic_negative
train-00253,The university department printed the summit plan before the deadline.,"[""The"", ""university"", ""department"", ""printed"", ""the"", ""summit"", ""plan"", ""before"", ""the"", ""deadline"", "".""]","[""O"", ""O"", ""O"", ""O"", ""O"", ""O"", ""O"", ""O"", ""O"", ""O"", ""O""]",[],synthetic_negative
train-00254,Wind speeds increased rapidly around Mount Kinabalu.,"[""Wind"", ""speeds"", ""increased"", ""rapidly"", ""around"", ""Mount"", ""Kinabalu"", "".""]","[""O"", ""O"", ""O"", ""O"", ""O"", ""B-MOUNTAIN"", ""I-MOUNTAIN"", ""O""]","[{""start"": 37, ""end"": 51, ""label"": ""MOUNTAIN"", ""text"": ""Mount Kinabalu""}]",synthetic_positive_single
train-00255,Weather stations near Cerro Torre and Mount Hubbard recorded strong winds.,"[""Weather"", ""stations"", ""near"", ""Cerro"", ""Torre"", ""and"", ""Mount"", ""Hubbard"", ""recorded"", ""strong"", ""winds"", "".""]","[""O"", ""O"", ""O"", ""B-MOUNTAIN"", ""I-MOUNTAIN"", ""O"", ""B-MOUNTAIN"", ""I-MOUNTAIN"", ""O"", ""O"", ""O"", ""O""]","[{""start"": 22, ""end"": 33, ""label"": ""MOUNTAIN"", ""text"": ""Cerro Torre""}, {""start"": 38, ""end"": 51, ""label"": ""MOUNTAIN"", ""text"": ""Mount Hubbard""}]",synthetic_positive_multi
train-00256,The climbing club shared the hotel booking before the deadline.,"[""The"", ""climbing"", ""club"", ""shared"", ""the"", ""hotel"", ""booking"", ""before"", ""the"", ""deadline"", "".""]","[""O"", ""O"", ""O"", ""O"", ""O"", ""O"", ""O"", ""O"", ""O"", ""O"", ""O""]",[],synthetic_negative
train-00257,The expedition reached the summit of Mount Hood before noon.,"[""The"", ""expedition"", ""reached"", ""the"", ""summit"", ""of"", ""Mount"", ""Hood"", ""before"", ""noon"", "".""]","[""O"", ""O"", ""O"", ""O"", ""O"", ""O"", ""B-MOUNTAIN"", ""I-MOUNTAIN"", ""O"", ""O"", ""O""]","[{""start"": 37, ""end"": 47, ""label"": ""MOUNTAIN"", ""text"": ""Mount Hood""}]",synthetic_positive_single
train-00258,The route to Mount Sanford was closed after the storm.,"[""The"", ""route"", ""to"", ""Mount"", ""Sanford"", ""was"", ""closed"", ""after"", ""the"", ""storm"", "".""]","[""O"", ""O"", ""O"", ""B-MOUNTAIN"", ""I-MOUNTAIN"", ""O"", ""O"", ""O"", ""O"", ""O"", ""O""]","[{""start"": 13, ""end"": 26, ""label"": ""MOUNTAIN"", ""text"": ""Mount Sanford""}]",synthetic_positive_single
train-00259,The travel company translated the sensor reading in the laboratory.,"[""The"", ""travel"", ""company"", ""translated"", ""the"", ""sensor"", ""reading"", ""in"", ""the"", ""laboratory"", "".""]","[""O"", ""O"", ""O"", ""O"", ""O"", ""O"", ""O"", ""O"", ""O"", ""O"", ""O""]",[],synthetic_negative
train-00260,The mapping agency reviewed the glacier report during the meeting.,"[""The"", ""mapping"", ""agency"", ""reviewed"", ""the"", ""glacier"", ""report"", ""during"", ""the"", ""meeting"", "".""]","[""O"", ""O"", ""O"", ""O"", ""O"", ""O"", ""O"", ""O"", ""O"", ""O"", ""O""]",[],synthetic_negative
train-00261,The expedition reached the summit of Mount Vesuvius before noon.,"[""The"", ""expedition"", ""reached"", ""the"", ""summit"", ""of"", ""Mount"", ""Vesuvius"", ""before"", ""noon"", "".""]","[""O"", ""O"", ""O"", ""O"", ""O"", ""O"", ""B-MOUNTAIN"", ""I-MOUNTAIN"", ""O"", ""O"", ""O""]","[{""start"": 37, ""end"": 51, ""label"": ""MOUNTAIN"", ""text"": ""Mount Vesuvius""}]",synthetic_positive_single
train-00262,The travel company compared the cliff photograph before lunch.,"[""The"", ""travel"", ""company"", ""compared"", ""the"", ""cliff"", ""photograph"", ""before"", ""lunch"", "".""]","[""O"", ""O"", ""O"", ""O"", ""O"", ""O"", ""O"", ""O"", ""O"", ""O""]",[],synthetic_negative
train-00263,The photograph shows Aoraki Mount Cook at sunrise.,"[""The"", ""photograph"", ""shows"", ""Aoraki"", ""Mount"", ""Cook"", ""at"", ""sunrise"", "".""]","[""O"", ""O"", ""O"", ""B-MOUNTAIN"", ""I-MOUNTAIN"", ""I-MOUNTAIN"", ""O"", ""O"", ""O""]","[{""start"": 21, ""end"": 38, ""label"": ""MOUNTAIN"", ""text"": ""Aoraki Mount Cook""}]",synthetic_positive_single
train-00264,The glacier on Mount Columbia has retreated in recent decades.,"[""The"", ""glacier"", ""on"", ""Mount"", ""Columbia"", ""has"", ""retreated"", ""in"", ""recent"", ""decades"", "".""]","[""O"", ""O"", ""O"", ""B-MOUNTAIN"", ""I-MOUNTAIN"", ""O"", ""O"", ""O"", ""O"", ""O"", ""O""]","[{""start"": 15, ""end"": 29, ""label"": ""MOUNTAIN"", ""text"": ""Mount Columbia""}]",synthetic_positive_single
train-00265,"Yesterday, Mount Vesuvius was barely visible through the mist.","[""Yesterday"", "","", ""Mount"", ""Vesuvius"", ""was"", ""barely"", ""visible"", ""through"", ""the"", ""mist"", "".""]","[""O"", ""O"", ""B-MOUNTAIN"", ""I-MOUNTAIN"", ""O"", ""O"", ""O"", ""O"", ""O"", ""O"", ""O""]","[{""start"": 11, ""end"": 25, ""label"": ""MOUNTAIN"", ""text"": ""Mount Vesuvius""}]",synthetic_positive_single
train-00266,Local guides described conditions on Mont Blanc as difficult.,"[""Local"", ""guides"", ""described"", ""conditions"", ""on"", ""Mont"", ""Blanc"", ""as"", ""difficult"", "".""]","[""O"", ""O"", ""O"", ""O"", ""O"", ""B-MOUNTAIN"", ""I-MOUNTAIN"", ""O"", ""O"", ""O""]","[{""start"": 37, ""end"": 47, ""label"": ""MOUNTAIN"", ""text"": ""Mont Blanc""}]",synthetic_positive_single
train-00267,Heavy clouds covered Ol Doinyo Lengai throughout the morning.,"[""Heavy"", ""clouds"", ""covered"", ""Ol"", ""Doinyo"", ""Lengai"", ""throughout"", ""the"", ""morning"", "".""]","[""O"", ""O"", ""O"", ""B-MOUNTAIN"", ""I-MOUNTAIN"", ""I-MOUNTAIN"", ""O"", ""O"", ""O"", ""O""]","[{""start"": 21, ""end"": 37, ""label"": ""MOUNTAIN"", ""text"": ""Ol Doinyo Lengai""}]",synthetic_positive_single
train-00268,The expedition reached the summit of Mount Dampier before noon.,"[""The"", ""expedition"", ""reached"", ""the"", ""summit"", ""of"", ""Mount"", ""Dampier"", ""before"", ""noon"", "".""]","[""O"", ""O"", ""O"", ""O"", ""O"", ""O"", ""B-MOUNTAIN"", ""I-MOUNTAIN"", ""O"", ""O"", ""O""]","[{""start"": 37, ""end"": 50, ""label"": ""MOUNTAIN"", ""text"": ""Mount Dampier""}]",synthetic_positive_single
train-00269,The documentary follows expeditions to Mount Fairweather and later to Fitz Roy.,"[""The"", ""documentary"", ""follows"", ""expeditions"", ""to"", ""Mount"", ""Fairweather"", ""and"", ""later"", ""to"", ""Fitz"", ""Roy"", "".""]","[""O"", ""O"", ""O"", ""O"", ""O"", ""B-MOUNTAIN"", ""I-MOUNTAIN"", ""O"", ""O"", ""O"", ""B-MOUNTAIN"", ""I-MOUNTAIN"", ""O""]","[{""start"": 39, ""end"": 56, ""label"": ""MOUNTAIN"", ""text"": ""Mount Fairweather""}, {""start"": 70, ""end"": 78, ""label"": ""MOUNTAIN"", ""text"": ""Fitz Roy""}]",synthetic_positive_multi
train-00270,Tourists gathered at a viewpoint facing Mount Stanley.,"[""Tourists"", ""gathered"", ""at"", ""a"", ""viewpoint"", ""facing"", ""Mount"", ""Stanley"", "".""]","[""O"", ""O"", ""O"", ""O"", ""O"", ""O"", ""B-MOUNTAIN"", ""I-MOUNTAIN"", ""O""]","[{""start"": 40, ""end"": 53, ""label"": ""MOUNTAIN"", ""text"": ""Mount Stanley""}]",synthetic_positive_single
train-00271,Tourists gathered at a viewpoint facing Mount Damavand.,"[""Tourists"", ""gathered"", ""at"", ""a"", ""viewpoint"", ""facing"", ""Mount"", ""Damavand"", "".""]","[""O"", ""O"", ""O"", ""O"", ""O"", ""O"", ""B-MOUNTAIN"", ""I-MOUNTAIN"", ""O""]","[{""start"": 40, ""end"": 54, ""label"": ""MOUNTAIN"", ""text"": ""Mount Damavand""}]",synthetic_positive_single
train-00272,"From the eastern ridge, we watched the sun rise behind Mount Ngauruhoe.","[""From"", ""the"", ""eastern"", ""ridge"", "","", ""we"", ""watched"", ""the"", ""sun"", ""rise"", ""behind"", ""Mount"", ""Ngauruhoe"", "".""]","[""O"", ""O"", ""O"", ""O"", ""O"", ""O"", ""O"", ""O"", ""O"", ""O"", ""O"", ""B-MOUNTAIN"", ""I-MOUNTAIN"", ""O""]","[{""start"": 55, ""end"": 70, ""label"": ""MOUNTAIN"", ""text"": ""Mount Ngauruhoe""}]",synthetic_positive_single
train-00273,The documentary follows expeditions to Mount Logan and later to Mount Blackburn.,"[""The"", ""documentary"", ""follows"", ""expeditions"", ""to"", ""Mount"", ""Logan"", ""and"", ""later"", ""to"", ""Mount"", ""Blackburn"", "".""]","[""O"", ""O"", ""O"", ""O"", ""O"", ""B-MOUNTAIN"", ""I-MOUNTAIN"", ""O"", ""O"", ""O"", ""B-MOUNTAIN"", ""I-MOUNTAIN"", ""O""]","[{""start"": 39, ""end"": 50, ""label"": ""MOUNTAIN"", ""text"": ""Mount Logan""}, {""start"": 64, ""end"": 79, ""label"": ""MOUNTAIN"", ""text"": ""Mount Blackburn""}]",synthetic_positive_multi
train-00274,The team measured snow depth on Illimani.,"[""The"", ""team"", ""measured"", ""snow"", ""depth"", ""on"", ""Illimani"", "".""]","[""O"", ""O"", ""O"", ""O"", ""O"", ""O"", ""B-MOUNTAIN"", ""O""]","[{""start"": 32, ""end"": 40, ""label"": ""MOUNTAIN"", ""text"": ""Illimani""}]",synthetic_positive_single
train-00275,"During the spring survey, scientists visited Mount Stanley.","[""During"", ""the"", ""spring"", ""survey"", "","", ""scientists"", ""visited"", ""Mount"", ""Stanley"", "".""]","[""O"", ""O"", ""O"", ""O"", ""O"", ""O"", ""O"", ""B-MOUNTAIN"", ""I-MOUNTAIN"", ""O""]","[{""start"": 45, ""end"": 58, ""label"": ""MOUNTAIN"", ""text"": ""Mount Stanley""}]",synthetic_positive_single
train-00276,Weather stations near Mount Hood and Mount Rainier recorded strong winds.,"[""Weather"", ""stations"", ""near"", ""Mount"", ""Hood"", ""and"", ""Mount"", ""Rainier"", ""recorded"", ""strong"", ""winds"", "".""]","[""O"", ""O"", ""O"", ""B-MOUNTAIN"", ""I-MOUNTAIN"", ""O"", ""B-MOUNTAIN"", ""I-MOUNTAIN"", ""O"", ""O"", ""O"", ""O""]","[{""start"": 22, ""end"": 32, ""label"": ""MOUNTAIN"", ""text"": ""Mount Hood""}, {""start"": 37, ""end"": 50, ""label"": ""MOUNTAIN"", ""text"": ""Mount Rainier""}]",synthetic_positive_multi
train-00277,The climbing club reviewed the conference program after the presentation.,"[""The"", ""climbing"", ""club"", ""reviewed"", ""the"", ""conference"", ""program"", ""after"", ""the"", ""presentation"", "".""]","[""O"", ""O"", ""O"", ""O"", ""O"", ""O"", ""O"", ""O"", ""O"", ""O"", ""O""]",[],synthetic_negative
train-00278,An avalanche warning was issued for the area around Mount Silverthrone.,"[""An"", ""avalanche"", ""warning"", ""was"", ""issued"", ""for"", ""the"", ""area"", ""around"", ""Mount"", ""Silverthrone"", "".""]","[""O"", ""O"", ""O"", ""O"", ""O"", ""O"", ""O"", ""O"", ""O"", ""B-MOUNTAIN"", ""I-MOUNTAIN"", ""O""]","[{""start"": 52, ""end"": 70, ""label"": ""MOUNTAIN"", ""text"": ""Mount Silverthrone""}]",synthetic_positive_single
train-00279,Have you ever seen Mount Mitchell in winter?,"[""Have"", ""you"", ""ever"", ""seen"", ""Mount"", ""Mitchell"", ""in"", ""winter"", ""?""]","[""O"", ""O"", ""O"", ""O"", ""B-MOUNTAIN"", ""I-MOUNTAIN"", ""O"", ""O"", ""O""]","[{""start"": 19, ""end"": 33, ""label"": ""MOUNTAIN"", ""text"": ""Mount Mitchell""}]",synthetic_positive_single
train-00280,The climbers postponed their attempt on Mount Hunter.,"[""The"", ""climbers"", ""postponed"", ""their"", ""attempt"", ""on"", ""Mount"", ""Hunter"", "".""]","[""O"", ""O"", ""O"", ""O"", ""O"", ""O"", ""B-MOUNTAIN"", ""I-MOUNTAIN"", ""O""]","[{""start"": 40, ""end"": 52, ""label"": ""MOUNTAIN"", ""text"": ""Mount Hunter""}]",synthetic_positive_single
train-00281,"She has photographed Mount Ruapehu, Mount Rinjani, and several nearby peaks.","[""She"", ""has"", ""photographed"", ""Mount"", ""Ruapehu"", "","", ""Mount"", ""Rinjani"", "","", ""and"", ""several"", ""nearby"", ""peaks"", "".""]","[""O"", ""O"", ""O"", ""B-MOUNTAIN"", ""I-MOUNTAIN"", ""O"", ""B-MOUNTAIN"", ""I-MOUNTAIN"", ""O"", ""O"", ""O"", ""O"", ""O"", ""O""]","[{""start"": 21, ""end"": 34, ""label"": ""MOUNTAIN"", ""text"": ""Mount Ruapehu""}, {""start"": 36, ""end"": 49, ""label"": ""MOUNTAIN"", ""text"": ""Mount Rinjani""}]",synthetic_positive_multi
train-00282,She hopes to climb Monte Rosa next year.,"[""She"", ""hopes"", ""to"", ""climb"", ""Monte"", ""Rosa"", ""next"", ""year"", "".""]","[""O"", ""O"", ""O"", ""O"", ""B-MOUNTAIN"", ""I-MOUNTAIN"", ""O"", ""O"", ""O""]","[{""start"": 19, ""end"": 29, ""label"": ""MOUNTAIN"", ""text"": ""Monte Rosa""}]",synthetic_positive_single
train-00283,The expedition leader printed the sales peak during the meeting.,"[""The"", ""expedition"", ""leader"", ""printed"", ""the"", ""sales"", ""peak"", ""during"", ""the"", ""meeting"", "".""]","[""O"", ""O"", ""O"", ""O"", ""O"", ""O"", ""O"", ""O"", ""O"", ""O"", ""O""]",[],synthetic_negative
train-00284,The photograph shows Mount Dampier at sunrise.,"[""The"", ""photograph"", ""shows"", ""Mount"", ""Dampier"", ""at"", ""sunrise"", "".""]","[""O"", ""O"", ""O"", ""B-MOUNTAIN"", ""I-MOUNTAIN"", ""O"", ""O"", ""O""]","[{""start"": 21, ""end"": 34, ""label"": ""MOUNTAIN"", ""text"": ""Mount Dampier""}]",synthetic_positive_single
train-00285,The local council archived the schedule on Monday.,"[""The"", ""local"", ""council"", ""archived"", ""the"", ""schedule"", ""on"", ""Monday"", "".""]","[""O"", ""O"", ""O"", ""O"", ""O"", ""O"", ""O"", ""O"", ""O""]",[],synthetic_negative
train-00286,"Unlike Manaslu, Mount Everest was hidden by clouds.","[""Unlike"", ""Manaslu"", "","", ""Mount"", ""Everest"", ""was"", ""hidden"", ""by"", ""clouds"", "".""]","[""O"", ""B-MOUNTAIN"", ""O"", ""B-MOUNTAIN"", ""I-MOUNTAIN"", ""O"", ""O"", ""O"", ""O"", ""O""]","[{""start"": 7, ""end"": 14, ""label"": ""MOUNTAIN"", ""text"": ""Manaslu""}, {""start"": 16, ""end"": 29, ""label"": ""MOUNTAIN"", ""text"": ""Mount Everest""}]",synthetic_positive_multi
train-00287,The mapping agency approved the camera in the final report.,"[""The"", ""mapping"", ""agency"", ""approved"", ""the"", ""camera"", ""in"", ""the"", ""final"", ""report"", "".""]","[""O"", ""O"", ""O"", ""O"", ""O"", ""O"", ""O"", ""O"", ""O"", ""O"", ""O""]",[],synthetic_negative
train-00288,The weather service rejected the forest trail at the airport.,"[""The"", ""weather"", ""service"", ""rejected"", ""the"", ""forest"", ""trail"", ""at"", ""the"", ""airport"", "".""]","[""O"", ""O"", ""O"", ""O"", ""O"", ""O"", ""O"", ""O"", ""O"", ""O"", ""O""]",[],synthetic_negative
train-00289,Wind speeds increased rapidly around Mount Damavand.,"[""Wind"", ""speeds"", ""increased"", ""rapidly"", ""around"", ""Mount"", ""Damavand"", "".""]","[""O"", ""O"", ""O"", ""O"", ""O"", ""B-MOUNTAIN"", ""I-MOUNTAIN"", ""O""]","[{""start"": 37, ""end"": 51, ""label"": ""MOUNTAIN"", ""text"": ""Mount Damavand""}]",synthetic_positive_single
train-00290,Images of Denali were placed beside photographs of Mount Hicks.,"[""Images"", ""of"", ""Denali"", ""were"", ""placed"", ""beside"", ""photographs"", ""of"", ""Mount"", ""Hicks"", "".""]","[""O"", ""O"", ""B-MOUNTAIN"", ""O"", ""O"", ""O"", ""O"", ""O"", ""B-MOUNTAIN"", ""I-MOUNTAIN"", ""O""]","[{""start"": 10, ""end"": 16, ""label"": ""MOUNTAIN"", ""text"": ""Denali""}, {""start"": 51, ""end"": 62, ""label"": ""MOUNTAIN"", ""text"": ""Mount Hicks""}]",synthetic_positive_multi
train-00291,The climbers postponed their attempt on Haleakala.,"[""The"", ""climbers"", ""postponed"", ""their"", ""attempt"", ""on"", ""Haleakala"", "".""]","[""O"", ""O"", ""O"", ""O"", ""O"", ""O"", ""B-MOUNTAIN"", ""O""]","[{""start"": 40, ""end"": 49, ""label"": ""MOUNTAIN"", ""text"": ""Haleakala""}]",synthetic_positive_single
train-00292,The route to Mount Hubbard was closed after the storm.,"[""The"", ""route"", ""to"", ""Mount"", ""Hubbard"", ""was"", ""closed"", ""after"", ""the"", ""storm"", "".""]","[""O"", ""O"", ""O"", ""B-MOUNTAIN"", ""I-MOUNTAIN"", ""O"", ""O"", ""O"", ""O"", ""O"", ""O""]","[{""start"": 13, ""end"": 26, ""label"": ""MOUNTAIN"", ""text"": ""Mount Hubbard""}]",synthetic_positive_single
train-00293,"For safety reasons, access to Mount Semeru was temporarily restricted.","[""For"", ""safety"", ""reasons"", "","", ""access"", ""to"", ""Mount"", ""Semeru"", ""was"", ""temporarily"", ""restricted"", "".""]","[""O"", ""O"", ""O"", ""O"", ""O"", ""O"", ""B-MOUNTAIN"", ""I-MOUNTAIN"", ""O"", ""O"", ""O"", ""O""]","[{""start"": 30, ""end"": 42, ""label"": ""MOUNTAIN"", ""text"": ""Mount Semeru""}]",synthetic_positive_single
train-00294,The rescue team returned safely from Mount Logan.,"[""The"", ""rescue"", ""team"", ""returned"", ""safely"", ""from"", ""Mount"", ""Logan"", "".""]","[""O"", ""O"", ""O"", ""O"", ""O"", ""O"", ""B-MOUNTAIN"", ""I-MOUNTAIN"", ""O""]","[{""start"": 37, ""end"": 48, ""label"": ""MOUNTAIN"", ""text"": ""Mount Logan""}]",synthetic_positive_single
train-00295,The film crew shared the weather forecast during the conference.,"[""The"", ""film"", ""crew"", ""shared"", ""the"", ""weather"", ""forecast"", ""during"", ""the"", ""conference"", "".""]","[""O"", ""O"", ""O"", ""O"", ""O"", ""O"", ""O"", ""O"", ""O"", ""O"", ""O""]",[],synthetic_negative
train-00296,The lecture included a case study about Mount Stanley.,"[""The"", ""lecture"", ""included"", ""a"", ""case"", ""study"", ""about"", ""Mount"", ""Stanley"", "".""]","[""O"", ""O"", ""O"", ""O"", ""O"", ""O"", ""O"", ""B-MOUNTAIN"", ""I-MOUNTAIN"", ""O""]","[{""start"": 40, ""end"": 53, ""label"": ""MOUNTAIN"", ""text"": ""Mount Stanley""}]",synthetic_positive_single
train-00297,The university department approved the sales peak on Monday.,"[""The"", ""university"", ""department"", ""approved"", ""the"", ""sales"", ""peak"", ""on"", ""Monday"", "".""]","[""O"", ""O"", ""O"", ""O"", ""O"", ""O"", ""O"", ""O"", ""O"", ""O""]",[],synthetic_negative
train-00298,The team measured snow depth on Mount Sidley.,"[""The"", ""team"", ""measured"", ""snow"", ""depth"", ""on"", ""Mount"", ""Sidley"", "".""]","[""O"", ""O"", ""O"", ""O"", ""O"", ""O"", ""B-MOUNTAIN"", ""I-MOUNTAIN"", ""O""]","[{""start"": 32, ""end"": 44, ""label"": ""MOUNTAIN"", ""text"": ""Mount Sidley""}]",synthetic_positive_single
train-00299,The expedition leader published the sensor reading before the deadline.,"[""The"", ""expedition"", ""leader"", ""published"", ""the"", ""sensor"", ""reading"", ""before"", ""the"", ""deadline"", "".""]","[""O"", ""O"", ""O"", ""O"", ""O"", ""O"", ""O"", ""O"", ""O"", ""O"", ""O""]",[],synthetic_negative
train-00300,The map labels both Puncak Jaya and Hoverla.,"[""The"", ""map"", ""labels"", ""both"", ""Puncak"", ""Jaya"", ""and"", ""Hoverla"", "".""]","[""O"", ""O"", ""O"", ""O"", ""B-MOUNTAIN"", ""I-MOUNTAIN"", ""O"", ""B-MOUNTAIN"", ""O""]","[{""start"": 20, ""end"": 31, ""label"": ""MOUNTAIN"", ""text"": ""Puncak Jaya""}, {""start"": 36, ""end"": 43, ""label"": ""MOUNTAIN"", ""text"": ""Hoverla""}]",synthetic_positive_multi
train-00301,The climbing club compared the summit plan before lunch.,"[""The"", ""climbing"", ""club"", ""compared"", ""the"", ""summit"", ""plan"", ""before"", ""lunch"", "".""]","[""O"", ""O"", ""O"", ""O"", ""O"", ""O"", ""O"", ""O"", ""O"", ""O""]",[],synthetic_negative
train-00302,The museum curator translated the camera at the airport.,"[""The"", ""museum"", ""curator"", ""translated"", ""the"", ""camera"", ""at"", ""the"", ""airport"", "".""]","[""O"", ""O"", ""O"", ""O"", ""O"", ""O"", ""O"", ""O"", ""O"", ""O""]",[],synthetic_negative
train-00303,"During the spring survey, scientists visited Mount Aso.","[""During"", ""the"", ""spring"", ""survey"", "","", ""scientists"", ""visited"", ""Mount"", ""Aso"", "".""]","[""O"", ""O"", ""O"", ""O"", ""O"", ""O"", ""O"", ""B-MOUNTAIN"", ""I-MOUNTAIN"", ""O""]","[{""start"": 45, ""end"": 54, ""label"": ""MOUNTAIN"", ""text"": ""Mount Aso""}]",synthetic_positive_single
train-00304,The glacier on Grand Teton has retreated in recent decades.,"[""The"", ""glacier"", ""on"", ""Grand"", ""Teton"", ""has"", ""retreated"", ""in"", ""recent"", ""decades"", "".""]","[""O"", ""O"", ""O"", ""B-MOUNTAIN"", ""I-MOUNTAIN"", ""O"", ""O"", ""O"", ""O"", ""O"", ""O""]","[{""start"": 15, ""end"": 26, ""label"": ""MOUNTAIN"", ""text"": ""Grand Teton""}]",synthetic_positive_single
train-00305,The weather changed quickly as they approached Ojos del Salado.,"[""The"", ""weather"", ""changed"", ""quickly"", ""as"", ""they"", ""approached"", ""Ojos"", ""del"", ""Salado"", "".""]","[""O"", ""O"", ""O"", ""O"", ""O"", ""O"", ""O"", ""B-MOUNTAIN"", ""I-MOUNTAIN"", ""I-MOUNTAIN"", ""O""]","[{""start"": 47, ""end"": 62, ""label"": ""MOUNTAIN"", ""text"": ""Ojos del Salado""}]",synthetic_positive_single
train-00306,Expeditions to Mount Taranaki and Aconcagua were delayed by bad weather.,"[""Expeditions"", ""to"", ""Mount"", ""Taranaki"", ""and"", ""Aconcagua"", ""were"", ""delayed"", ""by"", ""bad"", ""weather"", "".""]","[""O"", ""O"", ""B-MOUNTAIN"", ""I-MOUNTAIN"", ""O"", ""B-MOUNTAIN"", ""O"", ""O"", ""O"", ""O"", ""O"", ""O""]","[{""start"": 15, ""end"": 29, ""label"": ""MOUNTAIN"", ""text"": ""Mount Taranaki""}, {""start"": 34, ""end"": 43, ""label"": ""MOUNTAIN"", ""text"": ""Aconcagua""}]",synthetic_positive_multi
train-00307,The climbers postponed their attempt on Mount Elbrus.,"[""The"", ""climbers"", ""postponed"", ""their"", ""attempt"", ""on"", ""Mount"", ""Elbrus"", "".""]","[""O"", ""O"", ""O"", ""O"", ""O"", ""O"", ""B-MOUNTAIN"", ""I-MOUNTAIN"", ""O""]","[{""start"": 40, ""end"": 52, ""label"": ""MOUNTAIN"", ""text"": ""Mount Elbrus""}]",synthetic_positive_single
train-00308,The museum curator shared the sensor reading during the conference.,"[""The"", ""museum"", ""curator"", ""shared"", ""the"", ""sensor"", ""reading"", ""during"", ""the"", ""conference"", "".""]","[""O"", ""O"", ""O"", ""O"", ""O"", ""O"", ""O"", ""O"", ""O"", ""O"", ""O""]",[],synthetic_negative
train-00309,"From the eastern ridge, we watched the sun rise behind Mount Sanford.","[""From"", ""the"", ""eastern"", ""ridge"", "","", ""we"", ""watched"", ""the"", ""sun"", ""rise"", ""behind"", ""Mount"", ""Sanford"", "".""]","[""O"", ""O"", ""O"", ""O"", ""O"", ""O"", ""O"", ""O"", ""O"", ""O"", ""O"", ""B-MOUNTAIN"", ""I-MOUNTAIN"", ""O""]","[{""start"": 55, ""end"": 68, ""label"": ""MOUNTAIN"", ""text"": ""Mount Sanford""}]",synthetic_positive_single
train-00310,The documentary follows expeditions to Mount Logan and later to Alpamayo.,"[""The"", ""documentary"", ""follows"", ""expeditions"", ""to"", ""Mount"", ""Logan"", ""and"", ""later"", ""to"", ""Alpamayo"", "".""]","[""O"", ""O"", ""O"", ""O"", ""O"", ""B-MOUNTAIN"", ""I-MOUNTAIN"", ""O"", ""O"", ""O"", ""B-MOUNTAIN"", ""O""]","[{""start"": 39, ""end"": 50, ""label"": ""MOUNTAIN"", ""text"": ""Mount Logan""}, {""start"": 64, ""end"": 72, ""label"": ""MOUNTAIN"", ""text"": ""Alpamayo""}]",synthetic_positive_multi
train-00311,Researchers installed weather sensors on Mount Nyiragongo.,"[""Researchers"", ""installed"", ""weather"", ""sensors"", ""on"", ""Mount"", ""Nyiragongo"", "".""]","[""O"", ""O"", ""O"", ""O"", ""O"", ""B-MOUNTAIN"", ""I-MOUNTAIN"", ""O""]","[{""start"": 41, ""end"": 57, ""label"": ""MOUNTAIN"", ""text"": ""Mount Nyiragongo""}]",synthetic_positive_single
train-00312,The rescue team returned safely from Fansipan.,"[""The"", ""rescue"", ""team"", ""returned"", ""safely"", ""from"", ""Fansipan"", "".""]","[""O"", ""O"", ""O"", ""O"", ""O"", ""O"", ""B-MOUNTAIN"", ""O""]","[{""start"": 37, ""end"": 45, ""label"": ""MOUNTAIN"", ""text"": ""Fansipan""}]",synthetic_positive_single
train-00313,The route to Snowdon was closed after the storm.,"[""The"", ""route"", ""to"", ""Snowdon"", ""was"", ""closed"", ""after"", ""the"", ""storm"", "".""]","[""O"", ""O"", ""O"", ""B-MOUNTAIN"", ""O"", ""O"", ""O"", ""O"", ""O"", ""O""]","[{""start"": 13, ""end"": 20, ""label"": ""MOUNTAIN"", ""text"": ""Snowdon""}]",synthetic_positive_single
train-00314,"After weeks of preparation, the group departed for Mount Hunter.","[""After"", ""weeks"", ""of"", ""preparation"", "","", ""the"", ""group"", ""departed"", ""for"", ""Mount"", ""Hunter"", "".""]","[""O"", ""O"", ""O"", ""O"", ""O"", ""O"", ""O"", ""O"", ""O"", ""B-MOUNTAIN"", ""I-MOUNTAIN"", ""O""]","[{""start"": 51, ""end"": 63, ""label"": ""MOUNTAIN"", ""text"": ""Mount Hunter""}]",synthetic_positive_single
train-00315,"Despite the forecast, the climbers continued toward Mount Sanford.","[""Despite"", ""the"", ""forecast"", "","", ""the"", ""climbers"", ""continued"", ""toward"", ""Mount"", ""Sanford"", "".""]","[""O"", ""O"", ""O"", ""O"", ""O"", ""O"", ""O"", ""O"", ""B-MOUNTAIN"", ""I-MOUNTAIN"", ""O""]","[{""start"": 52, ""end"": 65, ""label"": ""MOUNTAIN"", ""text"": ""Mount Sanford""}]",synthetic_positive_single
train-00316,The travel company archived the forest trail before the deadline.,"[""The"", ""travel"", ""company"", ""archived"", ""the"", ""forest"", ""trail"", ""before"", ""the"", ""deadline"", "".""]","[""O"", ""O"", ""O"", ""O"", ""O"", ""O"", ""O"", ""O"", ""O"", ""O"", ""O""]",[],synthetic_negative
train-00317,The expedition leader translated the product range before lunch.,"[""The"", ""expedition"", ""leader"", ""translated"", ""the"", ""product"", ""range"", ""before"", ""lunch"", "".""]","[""O"", ""O"", ""O"", ""O"", ""O"", ""O"", ""O"", ""O"", ""O"", ""O""]",[],synthetic_negative
train-00318,A documentary crew filmed near Matterhorn.,"[""A"", ""documentary"", ""crew"", ""filmed"", ""near"", ""Matterhorn"", "".""]","[""O"", ""O"", ""O"", ""O"", ""O"", ""B-MOUNTAIN"", ""O""]","[{""start"": 31, ""end"": 41, ""label"": ""MOUNTAIN"", ""text"": ""Matterhorn""}]",synthetic_positive_single
train-00319,The film crew published the satellite image on Monday.,"[""The"", ""film"", ""crew"", ""published"", ""the"", ""satellite"", ""image"", ""on"", ""Monday"", "".""]","[""O"", ""O"", ""O"", ""O"", ""O"", ""O"", ""O"", ""O"", ""O"", ""O""]",[],synthetic_negative
train-00320,Weather stations near Huascaran and Mauna Kea recorded strong winds.,"[""Weather"", ""stations"", ""near"", ""Huascaran"", ""and"", ""Mauna"", ""Kea"", ""recorded"", ""strong"", ""winds"", "".""]","[""O"", ""O"", ""O"", ""B-MOUNTAIN"", ""O"", ""B-MOUNTAIN"", ""I-MOUNTAIN"", ""O"", ""O"", ""O"", ""O""]","[{""start"": 22, ""end"": 31, ""label"": ""MOUNTAIN"", ""text"": ""Huascaran""}, {""start"": 36, ""end"": 45, ""label"": ""MOUNTAIN"", ""text"": ""Mauna Kea""}]",synthetic_positive_multi
train-00321,The expedition leader updated the schedule during the conference.,"[""The"", ""expedition"", ""leader"", ""updated"", ""the"", ""schedule"", ""during"", ""the"", ""conference"", "".""]","[""O"", ""O"", ""O"", ""O"", ""O"", ""O"", ""O"", ""O"", ""O"", ""O""]",[],synthetic_negative
train-00322,Local guides described conditions on Mount Logan as difficult.,"[""Local"", ""guides"", ""described"", ""conditions"", ""on"", ""Mount"", ""Logan"", ""as"", ""difficult"", "".""]","[""O"", ""O"", ""O"", ""O"", ""O"", ""B-MOUNTAIN"", ""I-MOUNTAIN"", ""O"", ""O"", ""O""]","[{""start"": 37, ""end"": 48, ""label"": ""MOUNTAIN"", ""text"": ""Mount Logan""}]",synthetic_positive_single
train-00323,A new trail provides access to Mount Vesuvius.,"[""A"", ""new"", ""trail"", ""provides"", ""access"", ""to"", ""Mount"", ""Vesuvius"", "".""]","[""O"", ""O"", ""O"", ""O"", ""O"", ""O"", ""B-MOUNTAIN"", ""I-MOUNTAIN"", ""O""]","[{""start"": 31, ""end"": 45, ""label"": ""MOUNTAIN"", ""text"": ""Mount Vesuvius""}]",synthetic_positive_single
train-00324,The expedition leader discussed the camera after the presentation.,"[""The"", ""expedition"", ""leader"", ""discussed"", ""the"", ""camera"", ""after"", ""the"", ""presentation"", "".""]","[""O"", ""O"", ""O"", ""O"", ""O"", ""O"", ""O"", ""O"", ""O"", ""O""]",[],synthetic_negative
train-00325,The photograph shows Ras Dashen at sunrise.,"[""The"", ""photograph"", ""shows"", ""Ras"", ""Dashen"", ""at"", ""sunrise"", "".""]","[""O"", ""O"", ""O"", ""B-MOUNTAIN"", ""I-MOUNTAIN"", ""O"", ""O"", ""O""]","[{""start"": 21, ""end"": 31, ""label"": ""MOUNTAIN"", ""text"": ""Ras Dashen""}]",synthetic_positive_single
train-00326,A new trail provides access to Ama Dablam.,"[""A"", ""new"", ""trail"", ""provides"", ""access"", ""to"", ""Ama"", ""Dablam"", "".""]","[""O"", ""O"", ""O"", ""O"", ""O"", ""O"", ""B-MOUNTAIN"", ""I-MOUNTAIN"", ""O""]","[{""start"": 31, ""end"": 41, ""label"": ""MOUNTAIN"", ""text"": ""Ama Dablam""}]",synthetic_positive_single
train-00327,A new trail provides access to Mount Lendenfeld.,"[""A"", ""new"", ""trail"", ""provides"", ""access"", ""to"", ""Mount"", ""Lendenfeld"", "".""]","[""O"", ""O"", ""O"", ""O"", ""O"", ""O"", ""B-MOUNTAIN"", ""I-MOUNTAIN"", ""O""]","[{""start"": 31, ""end"": 47, ""label"": ""MOUNTAIN"", ""text"": ""Mount Lendenfeld""}]",synthetic_positive_single
train-00328,A small village lies below Mount Etna.,"[""A"", ""small"", ""village"", ""lies"", ""below"", ""Mount"", ""Etna"", "".""]","[""O"", ""O"", ""O"", ""O"", ""O"", ""B-MOUNTAIN"", ""I-MOUNTAIN"", ""O""]","[{""start"": 27, ""end"": 37, ""label"": ""MOUNTAIN"", ""text"": ""Mount Etna""}]",synthetic_positive_single
train-00329,Several routes lead toward the summit of Machapuchare.,"[""Several"", ""routes"", ""lead"", ""toward"", ""the"", ""summit"", ""of"", ""Machapuchare"", "".""]","[""O"", ""O"", ""O"", ""O"", ""O"", ""O"", ""O"", ""B-MOUNTAIN"", ""O""]","[{""start"": 41, ""end"": 53, ""label"": ""MOUNTAIN"", ""text"": ""Machapuchare""}]",synthetic_positive_single
train-00330,The documentary follows expeditions to Broad Peak and later to Mount Kazbek.,"[""The"", ""documentary"", ""follows"", ""expeditions"", ""to"", ""Broad"", ""Peak"", ""and"", ""later"", ""to"", ""Mount"", ""Kazbek"", "".""]","[""O"", ""O"", ""O"", ""O"", ""O"", ""B-MOUNTAIN"", ""I-MOUNTAIN"", ""O"", ""O"", ""O"", ""B-MOUNTAIN"", ""I-MOUNTAIN"", ""O""]","[{""start"": 39, ""end"": 49, ""label"": ""MOUNTAIN"", ""text"": ""Broad Peak""}, {""start"": 63, ""end"": 75, ""label"": ""MOUNTAIN"", ""text"": ""Mount Kazbek""}]",synthetic_positive_multi
train-00331,The research team published the dataset in the final report.,"[""The"", ""research"", ""team"", ""published"", ""the"", ""dataset"", ""in"", ""the"", ""final"", ""report"", "".""]","[""O"", ""O"", ""O"", ""O"", ""O"", ""O"", ""O"", ""O"", ""O"", ""O"", ""O""]",[],synthetic_negative
train-00332,The article compares climbing conditions on Gasherbrum I with those on Mount Sabalan.,"[""The"", ""article"", ""compares"", ""climbing"", ""conditions"", ""on"", ""Gasherbrum"", ""I"", ""with"", ""those"", ""on"", ""Mount"", ""Sabalan"", "".""]","[""O"", ""O"", ""O"", ""O"", ""O"", ""O"", ""B-MOUNTAIN"", ""I-MOUNTAIN"", ""O"", ""O"", ""O"", ""B-MOUNTAIN"", ""I-MOUNTAIN"", ""O""]","[{""start"": 44, ""end"": 56, ""label"": ""MOUNTAIN"", ""text"": ""Gasherbrum I""}, {""start"": 71, ""end"": 84, ""label"": ""MOUNTAIN"", ""text"": ""Mount Sabalan""}]",synthetic_positive_multi
train-00333,The local council discussed the camera in the laboratory.,"[""The"", ""local"", ""council"", ""discussed"", ""the"", ""camera"", ""in"", ""the"", ""laboratory"", "".""]","[""O"", ""O"", ""O"", ""O"", ""O"", ""O"", ""O"", ""O"", ""O"", ""O""]",[],synthetic_negative
train-00334,He plans to study glaciers on Mount Hood and Makalu.,"[""He"", ""plans"", ""to"", ""study"", ""glaciers"", ""on"", ""Mount"", ""Hood"", ""and"", ""Makalu"", "".""]","[""O"", ""O"", ""O"", ""O"", ""O"", ""O"", ""B-MOUNTAIN"", ""I-MOUNTAIN"", ""O"", ""B-MOUNTAIN"", ""O""]","[{""start"": 30, ""end"": 40, ""label"": ""MOUNTAIN"", ""text"": ""Mount Hood""}, {""start"": 45, ""end"": 51, ""label"": ""MOUNTAIN"", ""text"": ""Makalu""}]",synthetic_positive_multi
train-00335,"In the final chapter, the author describes an ascent of Mount Haidinger.","[""In"", ""the"", ""final"", ""chapter"", "","", ""the"", ""author"", ""describes"", ""an"", ""ascent"", ""of"", ""Mount"", ""Haidinger"", "".""]","[""O"", ""O"", ""O"", ""O"", ""O"", ""O"", ""O"", ""O"", ""O"", ""O"", ""O"", ""B-MOUNTAIN"", ""I-MOUNTAIN"", ""O""]","[{""start"": 56, ""end"": 71, ""label"": ""MOUNTAIN"", ""text"": ""Mount Haidinger""}]",synthetic_positive_single
train-00336,The research team approved the validation result at the airport.,"[""The"", ""research"", ""team"", ""approved"", ""the"", ""validation"", ""result"", ""at"", ""the"", ""airport"", "".""]","[""O"", ""O"", ""O"", ""O"", ""O"", ""O"", ""O"", ""O"", ""O"", ""O"", ""O""]",[],synthetic_negative
train-00337,They began their ascent of Kangchenjunga at dawn.,"[""They"", ""began"", ""their"", ""ascent"", ""of"", ""Kangchenjunga"", ""at"", ""dawn"", "".""]","[""O"", ""O"", ""O"", ""O"", ""O"", ""B-MOUNTAIN"", ""O"", ""O"", ""O""]","[{""start"": 27, ""end"": 40, ""label"": ""MOUNTAIN"", ""text"": ""Kangchenjunga""}]",synthetic_positive_single
train-00338,The tourist group checked the glacier report before lunch.,"[""The"", ""tourist"", ""group"", ""checked"", ""the"", ""glacier"", ""report"", ""before"", ""lunch"", "".""]","[""O"", ""O"", ""O"", ""O"", ""O"", ""O"", ""O"", ""O"", ""O"", ""O""]",[],synthetic_negative
train-00339,They began their ascent of Matterhorn at dawn.,"[""They"", ""began"", ""their"", ""ascent"", ""of"", ""Matterhorn"", ""at"", ""dawn"", "".""]","[""O"", ""O"", ""O"", ""O"", ""O"", ""B-MOUNTAIN"", ""O"", ""O"", ""O""]","[{""start"": 27, ""end"": 37, ""label"": ""MOUNTAIN"", ""text"": ""Matterhorn""}]",synthetic_positive_single
train-00340,Weather stations near Mount Alverstone and Mount Aspiring recorded strong winds.,"[""Weather"", ""stations"", ""near"", ""Mount"", ""Alverstone"", ""and"", ""Mount"", ""Aspiring"", ""recorded"", ""strong"", ""winds"", "".""]","[""O"", ""O"", ""O"", ""B-MOUNTAIN"", ""I-MOUNTAIN"", ""O"", ""B-MOUNTAIN"", ""I-MOUNTAIN"", ""O"", ""O"", ""O"", ""O""]","[{""start"": 22, ""end"": 38, ""label"": ""MOUNTAIN"", ""text"": ""Mount Alverstone""}, {""start"": 43, ""end"": 57, ""label"": ""MOUNTAIN"", ""text"": ""Mount Aspiring""}]",synthetic_positive_multi
train-00341,The tourist group rejected the validation result on Monday.,"[""The"", ""tourist"", ""group"", ""rejected"", ""the"", ""validation"", ""result"", ""on"", ""Monday"", "".""]","[""O"", ""O"", ""O"", ""O"", ""O"", ""O"", ""O"", ""O"", ""O"", ""O""]",[],synthetic_negative
train-00342,The local council reviewed the schedule before the deadline.,"[""The"", ""local"", ""council"", ""reviewed"", ""the"", ""schedule"", ""before"", ""the"", ""deadline"", "".""]","[""O"", ""O"", ""O"", ""O"", ""O"", ""O"", ""O"", ""O"", ""O"", ""O""]",[],synthetic_negative
train-00343,The weather service published the summit plan in the laboratory.,"[""The"", ""weather"", ""service"", ""published"", ""the"", ""summit"", ""plan"", ""in"", ""the"", ""laboratory"", "".""]","[""O"", ""O"", ""O"", ""O"", ""O"", ""O"", ""O"", ""O"", ""O"", ""O"", ""O""]",[],synthetic_negative
train-00344,"By late afternoon, shadows had covered the slopes of Mount Kenya.","[""By"", ""late"", ""afternoon"", "","", ""shadows"", ""had"", ""covered"", ""the"", ""slopes"", ""of"", ""Mount"", ""Kenya"", "".""]","[""O"", ""O"", ""O"", ""O"", ""O"", ""O"", ""O"", ""O"", ""O"", ""O"", ""B-MOUNTAIN"", ""I-MOUNTAIN"", ""O""]","[{""start"": 53, ""end"": 64, ""label"": ""MOUNTAIN"", ""text"": ""Mount Kenya""}]",synthetic_positive_single
train-00345,Snow remained on the upper slopes of Scafell Pike.,"[""Snow"", ""remained"", ""on"", ""the"", ""upper"", ""slopes"", ""of"", ""Scafell"", ""Pike"", "".""]","[""O"", ""O"", ""O"", ""O"", ""O"", ""O"", ""O"", ""B-MOUNTAIN"", ""I-MOUNTAIN"", ""O""]","[{""start"": 37, ""end"": 49, ""label"": ""MOUNTAIN"", ""text"": ""Scafell Pike""}]",synthetic_positive_single
train-00346,Have you ever seen Muztagh Ata in winter?,"[""Have"", ""you"", ""ever"", ""seen"", ""Muztagh"", ""Ata"", ""in"", ""winter"", ""?""]","[""O"", ""O"", ""O"", ""O"", ""B-MOUNTAIN"", ""I-MOUNTAIN"", ""O"", ""O"", ""O""]","[{""start"": 19, ""end"": 30, ""label"": ""MOUNTAIN"", ""text"": ""Muztagh Ata""}]",synthetic_positive_single
train-00347,"She has photographed Mount Ruapehu, Mount Erebus, and several nearby peaks.","[""She"", ""has"", ""photographed"", ""Mount"", ""Ruapehu"", "","", ""Mount"", ""Erebus"", "","", ""and"", ""several"", ""nearby"", ""peaks"", "".""]","[""O"", ""O"", ""O"", ""B-MOUNTAIN"", ""I-MOUNTAIN"", ""O"", ""B-MOUNTAIN"", ""I-MOUNTAIN"", ""O"", ""O"", ""O"", ""O"", ""O"", ""O""]","[{""start"": 21, ""end"": 34, ""label"": ""MOUNTAIN"", ""text"": ""Mount Ruapehu""}, {""start"": 36, ""end"": 48, ""label"": ""MOUNTAIN"", ""text"": ""Mount Erebus""}]",synthetic_positive_multi
train-00348,They began their ascent of K2 at dawn.,"[""They"", ""began"", ""their"", ""ascent"", ""of"", ""K2"", ""at"", ""dawn"", "".""]","[""O"", ""O"", ""O"", ""O"", ""O"", ""B-MOUNTAIN"", ""O"", ""O"", ""O""]","[{""start"": 27, ""end"": 29, ""label"": ""MOUNTAIN"", ""text"": ""K2""}]",synthetic_positive_single
train-00349,"Unlike Mount Kinabalu, Mount Tate was hidden by clouds.","[""Unlike"", ""Mount"", ""Kinabalu"", "","", ""Mount"", ""Tate"", ""was"", ""hidden"", ""by"", ""clouds"", "".""]","[""O"", ""B-MOUNTAIN"", ""I-MOUNTAIN"", ""O"", ""B-MOUNTAIN"", ""I-MOUNTAIN"", ""O"", ""O"", ""O"", ""O"", ""O""]","[{""start"": 7, ""end"": 21, ""label"": ""MOUNTAIN"", ""text"": ""Mount Kinabalu""}, {""start"": 23, ""end"": 33, ""label"": ""MOUNTAIN"", ""text"": ""Mount Tate""}]",synthetic_positive_multi
train-00350,They began their ascent of Mont Blanc at dawn.,"[""They"", ""began"", ""their"", ""ascent"", ""of"", ""Mont"", ""Blanc"", ""at"", ""dawn"", "".""]","[""O"", ""O"", ""O"", ""O"", ""O"", ""B-MOUNTAIN"", ""I-MOUNTAIN"", ""O"", ""O"", ""O""]","[{""start"": 27, ""end"": 37, ""label"": ""MOUNTAIN"", ""text"": ""Mont Blanc""}]",synthetic_positive_single
train-00351,The local council archived the summit plan at the office.,"[""The"", ""local"", ""council"", ""archived"", ""the"", ""summit"", ""plan"", ""at"", ""the"", ""office"", "".""]","[""O"", ""O"", ""O"", ""O"", ""O"", ""O"", ""O"", ""O"", ""O"", ""O"", ""O""]",[],synthetic_negative
train-00352,The expedition leader approved the schedule before the deadline.,"[""The"", ""expedition"", ""leader"", ""approved"", ""the"", ""schedule"", ""before"", ""the"", ""deadline"", "".""]","[""O"", ""O"", ""O"", ""O"", ""O"", ""O"", ""O"", ""O"", ""O"", ""O""]",[],synthetic_negative
train-00353,The northern face of Mount Whitney looked almost vertical.,"[""The"", ""northern"", ""face"", ""of"", ""Mount"", ""Whitney"", ""looked"", ""almost"", ""vertical"", "".""]","[""O"", ""O"", ""O"", ""O"", ""B-MOUNTAIN"", ""I-MOUNTAIN"", ""O"", ""O"", ""O"", ""O""]","[{""start"": 21, ""end"": 34, ""label"": ""MOUNTAIN"", ""text"": ""Mount Whitney""}]",synthetic_positive_single
train-00354,The weather service translated the weather forecast on Monday.,"[""The"", ""weather"", ""service"", ""translated"", ""the"", ""weather"", ""forecast"", ""on"", ""Monday"", "".""]","[""O"", ""O"", ""O"", ""O"", ""O"", ""O"", ""O"", ""O"", ""O"", ""O""]",[],synthetic_negative
train-00355,The mapping agency discussed the sensor reading before the deadline.,"[""The"", ""mapping"", ""agency"", ""discussed"", ""the"", ""sensor"", ""reading"", ""before"", ""the"", ""deadline"", "".""]","[""O"", ""O"", ""O"", ""O"", ""O"", ""O"", ""O"", ""O"", ""O"", ""O"", ""O""]",[],synthetic_negative
train-00356,The team discussed whether to attempt Mount Baker or Mount Augusta.,"[""The"", ""team"", ""discussed"", ""whether"", ""to"", ""attempt"", ""Mount"", ""Baker"", ""or"", ""Mount"", ""Augusta"", "".""]","[""O"", ""O"", ""O"", ""O"", ""O"", ""O"", ""B-MOUNTAIN"", ""I-MOUNTAIN"", ""O"", ""B-MOUNTAIN"", ""I-MOUNTAIN"", ""O""]","[{""start"": 38, ""end"": 49, ""label"": ""MOUNTAIN"", ""text"": ""Mount Baker""}, {""start"": 53, ""end"": 66, ""label"": ""MOUNTAIN"", ""text"": ""Mount Augusta""}]",synthetic_positive_multi
train-00357,The museum curator translated the sales peak at the office.,"[""The"", ""museum"", ""curator"", ""translated"", ""the"", ""sales"", ""peak"", ""at"", ""the"", ""office"", "".""]","[""O"", ""O"", ""O"", ""O"", ""O"", ""O"", ""O"", ""O"", ""O"", ""O"", ""O""]",[],synthetic_negative
train-00358,Several routes lead toward the summit of Mount Lucania.,"[""Several"", ""routes"", ""lead"", ""toward"", ""the"", ""summit"", ""of"", ""Mount"", ""Lucania"", "".""]","[""O"", ""O"", ""O"", ""O"", ""O"", ""O"", ""O"", ""B-MOUNTAIN"", ""I-MOUNTAIN"", ""O""]","[{""start"": 41, ""end"": 54, ""label"": ""MOUNTAIN"", ""text"": ""Mount Lucania""}]",synthetic_positive_single
train-00359,Tourists gathered at a viewpoint facing Mount Washington.,"[""Tourists"", ""gathered"", ""at"", ""a"", ""viewpoint"", ""facing"", ""Mount"", ""Washington"", "".""]","[""O"", ""O"", ""O"", ""O"", ""O"", ""O"", ""B-MOUNTAIN"", ""I-MOUNTAIN"", ""O""]","[{""start"": 40, ""end"": 56, ""label"": ""MOUNTAIN"", ""text"": ""Mount Washington""}]",synthetic_positive_single
train-00360,"Unlike Mount Hood, Mount Haidinger was hidden by clouds.","[""Unlike"", ""Mount"", ""Hood"", "","", ""Mount"", ""Haidinger"", ""was"", ""hidden"", ""by"", ""clouds"", "".""]","[""O"", ""B-MOUNTAIN"", ""I-MOUNTAIN"", ""O"", ""B-MOUNTAIN"", ""I-MOUNTAIN"", ""O"", ""O"", ""O"", ""O"", ""O""]","[{""start"": 7, ""end"": 17, ""label"": ""MOUNTAIN"", ""text"": ""Mount Hood""}, {""start"": 19, ""end"": 34, ""label"": ""MOUNTAIN"", ""text"": ""Mount Haidinger""}]",synthetic_positive_multi
train-00361,"From the eastern ridge, we watched the sun rise behind Pip Ivan.","[""From"", ""the"", ""eastern"", ""ridge"", "","", ""we"", ""watched"", ""the"", ""sun"", ""rise"", ""behind"", ""Pip"", ""Ivan"", "".""]","[""O"", ""O"", ""O"", ""O"", ""O"", ""O"", ""O"", ""O"", ""O"", ""O"", ""O"", ""B-MOUNTAIN"", ""I-MOUNTAIN"", ""O""]","[{""start"": 55, ""end"": 63, ""label"": ""MOUNTAIN"", ""text"": ""Pip Ivan""}]",synthetic_positive_single
train-00362,Several routes lead toward the summit of Fitz Roy.,"[""Several"", ""routes"", ""lead"", ""toward"", ""the"", ""summit"", ""of"", ""Fitz"", ""Roy"", "".""]","[""O"", ""O"", ""O"", ""O"", ""O"", ""O"", ""O"", ""B-MOUNTAIN"", ""I-MOUNTAIN"", ""O""]","[{""start"": 41, ""end"": 49, ""label"": ""MOUNTAIN"", ""text"": ""Fitz Roy""}]",synthetic_positive_single
train-00363,The article compares climbing conditions on Mount Meru with those on Pip Ivan.,"[""The"", ""article"", ""compares"", ""climbing"", ""conditions"", ""on"", ""Mount"", ""Meru"", ""with"", ""those"", ""on"", ""Pip"", ""Ivan"", "".""]","[""O"", ""O"", ""O"", ""O"", ""O"", ""O"", ""B-MOUNTAIN"", ""I-MOUNTAIN"", ""O"", ""O"", ""O"", ""B-MOUNTAIN"", ""I-MOUNTAIN"", ""O""]","[{""start"": 44, ""end"": 54, ""label"": ""MOUNTAIN"", ""text"": ""Mount Meru""}, {""start"": 69, ""end"": 77, ""label"": ""MOUNTAIN"", ""text"": ""Pip Ivan""}]",synthetic_positive_multi
train-00364,"Unlike Table Mountain, Mount Assiniboine was hidden by clouds.","[""Unlike"", ""Table"", ""Mountain"", "","", ""Mount"", ""Assiniboine"", ""was"", ""hidden"", ""by"", ""clouds"", "".""]","[""O"", ""B-MOUNTAIN"", ""I-MOUNTAIN"", ""O"", ""B-MOUNTAIN"", ""I-MOUNTAIN"", ""O"", ""O"", ""O"", ""O"", ""O""]","[{""start"": 7, ""end"": 21, ""label"": ""MOUNTAIN"", ""text"": ""Table Mountain""}, {""start"": 23, ""end"": 40, ""label"": ""MOUNTAIN"", ""text"": ""Mount Assiniboine""}]",synthetic_positive_multi
train-00365,"According to the itinerary, Ben Nevis is the main destination.","[""According"", ""to"", ""the"", ""itinerary"", "","", ""Ben"", ""Nevis"", ""is"", ""the"", ""main"", ""destination"", "".""]","[""O"", ""O"", ""O"", ""O"", ""O"", ""B-MOUNTAIN"", ""I-MOUNTAIN"", ""O"", ""O"", ""O"", ""O"", ""O""]","[{""start"": 28, ""end"": 37, ""label"": ""MOUNTAIN"", ""text"": ""Ben Nevis""}]",synthetic_positive_single
train-00366,The film crew discussed the budget at the office.,"[""The"", ""film"", ""crew"", ""discussed"", ""the"", ""budget"", ""at"", ""the"", ""office"", "".""]","[""O"", ""O"", ""O"", ""O"", ""O"", ""O"", ""O"", ""O"", ""O"", ""O""]",[],synthetic_negative
train-00367,The lecture included a case study about Kongur Tagh.,"[""The"", ""lecture"", ""included"", ""a"", ""case"", ""study"", ""about"", ""Kongur"", ""Tagh"", "".""]","[""O"", ""O"", ""O"", ""O"", ""O"", ""O"", ""O"", ""B-MOUNTAIN"", ""I-MOUNTAIN"", ""O""]","[{""start"": 40, ""end"": 51, ""label"": ""MOUNTAIN"", ""text"": ""Kongur Tagh""}]",synthetic_positive_single
train-00368,Snow remained on the upper slopes of Mount Saint Elias.,"[""Snow"", ""remained"", ""on"", ""the"", ""upper"", ""slopes"", ""of"", ""Mount"", ""Saint"", ""Elias"", "".""]","[""O"", ""O"", ""O"", ""O"", ""O"", ""O"", ""O"", ""B-MOUNTAIN"", ""I-MOUNTAIN"", ""I-MOUNTAIN"", ""O""]","[{""start"": 37, ""end"": 54, ""label"": ""MOUNTAIN"", ""text"": ""Mount Saint Elias""}]",synthetic_positive_single
train-00369,"Yesterday, Mount Silverthrone was barely visible through the mist.","[""Yesterday"", "","", ""Mount"", ""Silverthrone"", ""was"", ""barely"", ""visible"", ""through"", ""the"", ""mist"", "".""]","[""O"", ""O"", ""B-MOUNTAIN"", ""I-MOUNTAIN"", ""O"", ""O"", ""O"", ""O"", ""O"", ""O"", ""O""]","[{""start"": 11, ""end"": 29, ""label"": ""MOUNTAIN"", ""text"": ""Mount Silverthrone""}]",synthetic_positive_single
train-00370,Mount Bear and Kangchenjunga were both visible from the aircraft.,"[""Mount"", ""Bear"", ""and"", ""Kangchenjunga"", ""were"", ""both"", ""visible"", ""from"", ""the"", ""aircraft"", "".""]","[""B-MOUNTAIN"", ""I-MOUNTAIN"", ""O"", ""B-MOUNTAIN"", ""O"", ""O"", ""O"", ""O"", ""O"", ""O"", ""O""]","[{""start"": 0, ""end"": 10, ""label"": ""MOUNTAIN"", ""text"": ""Mount Bear""}, {""start"": 15, ""end"": 28, ""label"": ""MOUNTAIN"", ""text"": ""Kangchenjunga""}]",synthetic_positive_multi
train-00371,Heavy clouds covered Mount Churchill throughout the morning.,"[""Heavy"", ""clouds"", ""covered"", ""Mount"", ""Churchill"", ""throughout"", ""the"", ""morning"", "".""]","[""O"", ""O"", ""O"", ""B-MOUNTAIN"", ""I-MOUNTAIN"", ""O"", ""O"", ""O"", ""O""]","[{""start"": 21, ""end"": 36, ""label"": ""MOUNTAIN"", ""text"": ""Mount Churchill""}]",synthetic_positive_single
train-00372,The mapping agency rejected the satellite image before the deadline.,"[""The"", ""mapping"", ""agency"", ""rejected"", ""the"", ""satellite"", ""image"", ""before"", ""the"", ""deadline"", "".""]","[""O"", ""O"", ""O"", ""O"", ""O"", ""O"", ""O"", ""O"", ""O"", ""O"", ""O""]",[],synthetic_negative
train-00373,Tourists gathered at a viewpoint facing Mount Hicks.,"[""Tourists"", ""gathered"", ""at"", ""a"", ""viewpoint"", ""facing"", ""Mount"", ""Hicks"", "".""]","[""O"", ""O"", ""O"", ""O"", ""O"", ""O"", ""B-MOUNTAIN"", ""I-MOUNTAIN"", ""O""]","[{""start"": 40, ""end"": 51, ""label"": ""MOUNTAIN"", ""text"": ""Mount Hicks""}]",synthetic_positive_single
train-00374,The research team printed the sensor reading in the final report.,"[""The"", ""research"", ""team"", ""printed"", ""the"", ""sensor"", ""reading"", ""in"", ""the"", ""final"", ""report"", "".""]","[""O"", ""O"", ""O"", ""O"", ""O"", ""O"", ""O"", ""O"", ""O"", ""O"", ""O"", ""O""]",[],synthetic_negative
train-00375,An avalanche warning was issued for the area around Mount Sabalan.,"[""An"", ""avalanche"", ""warning"", ""was"", ""issued"", ""for"", ""the"", ""area"", ""around"", ""Mount"", ""Sabalan"", "".""]","[""O"", ""O"", ""O"", ""O"", ""O"", ""O"", ""O"", ""O"", ""O"", ""B-MOUNTAIN"", ""I-MOUNTAIN"", ""O""]","[{""start"": 52, ""end"": 65, ""label"": ""MOUNTAIN"", ""text"": ""Mount Sabalan""}]",synthetic_positive_single
train-00376,An avalanche warning was issued for the area around Mount Hood.,"[""An"", ""avalanche"", ""warning"", ""was"", ""issued"", ""for"", ""the"", ""area"", ""around"", ""Mount"", ""Hood"", "".""]","[""O"", ""O"", ""O"", ""O"", ""O"", ""O"", ""O"", ""O"", ""O"", ""B-MOUNTAIN"", ""I-MOUNTAIN"", ""O""]","[{""start"": 52, ""end"": 62, ""label"": ""MOUNTAIN"", ""text"": ""Mount Hood""}]",synthetic_positive_single
train-00377,The article compares climbing conditions on Mount Sidley with those on Mount Ararat.,"[""The"", ""article"", ""compares"", ""climbing"", ""conditions"", ""on"", ""Mount"", ""Sidley"", ""with"", ""those"", ""on"", ""Mount"", ""Ararat"", "".""]","[""O"", ""O"", ""O"", ""O"", ""O"", ""O"", ""B-MOUNTAIN"", ""I-MOUNTAIN"", ""O"", ""O"", ""O"", ""B-MOUNTAIN"", ""I-MOUNTAIN"", ""O""]","[{""start"": 44, ""end"": 56, ""label"": ""MOUNTAIN"", ""text"": ""Mount Sidley""}, {""start"": 71, ""end"": 83, ""label"": ""MOUNTAIN"", ""text"": ""Mount Ararat""}]",synthetic_positive_multi
train-00378,The climbing club rejected the expedition permit during the meeting.,"[""The"", ""climbing"", ""club"", ""rejected"", ""the"", ""expedition"", ""permit"", ""during"", ""the"", ""meeting"", "".""]","[""O"", ""O"", ""O"", ""O"", ""O"", ""O"", ""O"", ""O"", ""O"", ""O"", ""O""]",[],synthetic_negative
train-00379,"After weeks of preparation, the group departed for Sajama.","[""After"", ""weeks"", ""of"", ""preparation"", "","", ""the"", ""group"", ""departed"", ""for"", ""Sajama"", "".""]","[""O"", ""O"", ""O"", ""O"", ""O"", ""O"", ""O"", ""O"", ""O"", ""B-MOUNTAIN"", ""O""]","[{""start"": 51, ""end"": 57, ""label"": ""MOUNTAIN"", ""text"": ""Sajama""}]",synthetic_positive_single
train-00380,A helicopter circled above Mount Shasta during the rescue.,"[""A"", ""helicopter"", ""circled"", ""above"", ""Mount"", ""Shasta"", ""during"", ""the"", ""rescue"", "".""]","[""O"", ""O"", ""O"", ""O"", ""B-MOUNTAIN"", ""I-MOUNTAIN"", ""O"", ""O"", ""O"", ""O""]","[{""start"": 27, ""end"": 39, ""label"": ""MOUNTAIN"", ""text"": ""Mount Shasta""}]",synthetic_positive_single
train-00381,The climbing club updated the camera in the laboratory.,"[""The"", ""climbing"", ""club"", ""updated"", ""the"", ""camera"", ""in"", ""the"", ""laboratory"", "".""]","[""O"", ""O"", ""O"", ""O"", ""O"", ""O"", ""O"", ""O"", ""O"", ""O""]",[],synthetic_negative
train-00382,Our route passes near Huayna Potosi before turning toward Mont Blanc.,"[""Our"", ""route"", ""passes"", ""near"", ""Huayna"", ""Potosi"", ""before"", ""turning"", ""toward"", ""Mont"", ""Blanc"", "".""]","[""O"", ""O"", ""O"", ""O"", ""B-MOUNTAIN"", ""I-MOUNTAIN"", ""O"", ""O"", ""O"", ""B-MOUNTAIN"", ""I-MOUNTAIN"", ""O""]","[{""start"": 22, ""end"": 35, ""label"": ""MOUNTAIN"", ""text"": ""Huayna Potosi""}, {""start"": 58, ""end"": 68, ""label"": ""MOUNTAIN"", ""text"": ""Mont Blanc""}]",synthetic_positive_multi
train-00383,Local guides described conditions on Shishapangma as difficult.,"[""Local"", ""guides"", ""described"", ""conditions"", ""on"", ""Shishapangma"", ""as"", ""difficult"", "".""]","[""O"", ""O"", ""O"", ""O"", ""O"", ""B-MOUNTAIN"", ""O"", ""O"", ""O""]","[{""start"": 37, ""end"": 49, ""label"": ""MOUNTAIN"", ""text"": ""Shishapangma""}]",synthetic_positive_single
train-00384,Snow remained on the upper slopes of Mount Lucania.,"[""Snow"", ""remained"", ""on"", ""the"", ""upper"", ""slopes"", ""of"", ""Mount"", ""Lucania"", "".""]","[""O"", ""O"", ""O"", ""O"", ""O"", ""O"", ""O"", ""B-MOUNTAIN"", ""I-MOUNTAIN"", ""O""]","[{""start"": 37, ""end"": 50, ""label"": ""MOUNTAIN"", ""text"": ""Mount Lucania""}]",synthetic_positive_single
train-00385,The university department updated the product range after the presentation.,"[""The"", ""university"", ""department"", ""updated"", ""the"", ""product"", ""range"", ""after"", ""the"", ""presentation"", "".""]","[""O"", ""O"", ""O"", ""O"", ""O"", ""O"", ""O"", ""O"", ""O"", ""O"", ""O""]",[],synthetic_negative
train-00386,The expedition leader approved the forest trail on Monday.,"[""The"", ""expedition"", ""leader"", ""approved"", ""the"", ""forest"", ""trail"", ""on"", ""Monday"", "".""]","[""O"", ""O"", ""O"", ""O"", ""O"", ""O"", ""O"", ""O"", ""O"", ""O""]",[],synthetic_negative
train-00387,The travel company checked the training notebook on Monday.,"[""The"", ""travel"", ""company"", ""checked"", ""the"", ""training"", ""notebook"", ""on"", ""Monday"", "".""]","[""O"", ""O"", ""O"", ""O"", ""O"", ""O"", ""O"", ""O"", ""O"", ""O""]",[],synthetic_negative
train-00388,Mount Vancouver and Kongur Tagh were both visible from the aircraft.,"[""Mount"", ""Vancouver"", ""and"", ""Kongur"", ""Tagh"", ""were"", ""both"", ""visible"", ""from"", ""the"", ""aircraft"", "".""]","[""B-MOUNTAIN"", ""I-MOUNTAIN"", ""O"", ""B-MOUNTAIN"", ""I-MOUNTAIN"", ""O"", ""O"", ""O"", ""O"", ""O"", ""O"", ""O""]","[{""start"": 0, ""end"": 15, ""label"": ""MOUNTAIN"", ""text"": ""Mount Vancouver""}, {""start"": 20, ""end"": 31, ""label"": ""MOUNTAIN"", ""text"": ""Kongur Tagh""}]",synthetic_positive_multi
train-00389,"She has photographed Mount Taranaki, Mount Kinabalu, and several nearby peaks.","[""She"", ""has"", ""photographed"", ""Mount"", ""Taranaki"", "","", ""Mount"", ""Kinabalu"", "","", ""and"", ""several"", ""nearby"", ""peaks"", "".""]","[""O"", ""O"", ""O"", ""B-MOUNTAIN"", ""I-MOUNTAIN"", ""O"", ""B-MOUNTAIN"", ""I-MOUNTAIN"", ""O"", ""O"", ""O"", ""O"", ""O"", ""O""]","[{""start"": 21, ""end"": 35, ""label"": ""MOUNTAIN"", ""text"": ""Mount Taranaki""}, {""start"": 37, ""end"": 51, ""label"": ""MOUNTAIN"", ""text"": ""Mount Kinabalu""}]",synthetic_positive_multi
train-00390,The rescue unit updated the validation result in the final report.,"[""The"", ""rescue"", ""unit"", ""updated"", ""the"", ""validation"", ""result"", ""in"", ""the"", ""final"", ""report"", "".""]","[""O"", ""O"", ""O"", ""O"", ""O"", ""O"", ""O"", ""O"", ""O"", ""O"", ""O"", ""O""]",[],synthetic_negative
train-00391,A documentary crew filmed near Gasherbrum II.,"[""A"", ""documentary"", ""crew"", ""filmed"", ""near"", ""Gasherbrum"", ""II"", "".""]","[""O"", ""O"", ""O"", ""O"", ""O"", ""B-MOUNTAIN"", ""I-MOUNTAIN"", ""O""]","[{""start"": 31, ""end"": 44, ""label"": ""MOUNTAIN"", ""text"": ""Gasherbrum II""}]",synthetic_positive_single
train-00392,The guide warned us not to underestimate Mount Vancouver.,"[""The"", ""guide"", ""warned"", ""us"", ""not"", ""to"", ""underestimate"", ""Mount"", ""Vancouver"", "".""]","[""O"", ""O"", ""O"", ""O"", ""O"", ""O"", ""O"", ""B-MOUNTAIN"", ""I-MOUNTAIN"", ""O""]","[{""start"": 41, ""end"": 56, ""label"": ""MOUNTAIN"", ""text"": ""Mount Vancouver""}]",synthetic_positive_single
train-00393,An avalanche warning was issued for the area around Ol Doinyo Lengai.,"[""An"", ""avalanche"", ""warning"", ""was"", ""issued"", ""for"", ""the"", ""area"", ""around"", ""Ol"", ""Doinyo"", ""Lengai"", "".""]","[""O"", ""O"", ""O"", ""O"", ""O"", ""O"", ""O"", ""O"", ""O"", ""B-MOUNTAIN"", ""I-MOUNTAIN"", ""I-MOUNTAIN"", ""O""]","[{""start"": 52, ""end"": 68, ""label"": ""MOUNTAIN"", ""text"": ""Ol Doinyo Lengai""}]",synthetic_positive_single
train-00394,The travel company updated the training notebook during the conference.,"[""The"", ""travel"", ""company"", ""updated"", ""the"", ""training"", ""notebook"", ""during"", ""the"", ""conference"", "".""]","[""O"", ""O"", ""O"", ""O"", ""O"", ""O"", ""O"", ""O"", ""O"", ""O"", ""O""]",[],synthetic_negative
train-00395,The team measured snow depth on Mount Jefferson.,"[""The"", ""team"", ""measured"", ""snow"", ""depth"", ""on"", ""Mount"", ""Jefferson"", "".""]","[""O"", ""O"", ""O"", ""O"", ""O"", ""O"", ""B-MOUNTAIN"", ""I-MOUNTAIN"", ""O""]","[{""start"": 32, ""end"": 47, ""label"": ""MOUNTAIN"", ""text"": ""Mount Jefferson""}]",synthetic_positive_single
train-00396,Annapurna and Mount Blackburn were both visible from the aircraft.,"[""Annapurna"", ""and"", ""Mount"", ""Blackburn"", ""were"", ""both"", ""visible"", ""from"", ""the"", ""aircraft"", "".""]","[""B-MOUNTAIN"", ""O"", ""B-MOUNTAIN"", ""I-MOUNTAIN"", ""O"", ""O"", ""O"", ""O"", ""O"", ""O"", ""O""]","[{""start"": 0, ""end"": 9, ""label"": ""MOUNTAIN"", ""text"": ""Annapurna""}, {""start"": 14, ""end"": 29, ""label"": ""MOUNTAIN"", ""text"": ""Mount Blackburn""}]",synthetic_positive_multi
train-00397,Photos of Mont Blanc were displayed in the museum.,"[""Photos"", ""of"", ""Mont"", ""Blanc"", ""were"", ""displayed"", ""in"", ""the"", ""museum"", "".""]","[""O"", ""O"", ""B-MOUNTAIN"", ""I-MOUNTAIN"", ""O"", ""O"", ""O"", ""O"", ""O"", ""O""]","[{""start"": 10, ""end"": 20, ""label"": ""MOUNTAIN"", ""text"": ""Mont Blanc""}]",synthetic_positive_single
train-00398,"During the spring survey, scientists visited Hoverla.","[""During"", ""the"", ""spring"", ""survey"", "","", ""scientists"", ""visited"", ""Hoverla"", "".""]","[""O"", ""O"", ""O"", ""O"", ""O"", ""O"", ""O"", ""B-MOUNTAIN"", ""O""]","[{""start"": 45, ""end"": 52, ""label"": ""MOUNTAIN"", ""text"": ""Hoverla""}]",synthetic_positive_single
train-00399,The climbing club translated the dataset during the meeting.,"[""The"", ""climbing"", ""club"", ""translated"", ""the"", ""dataset"", ""during"", ""the"", ""meeting"", "".""]","[""O"", ""O"", ""O"", ""O"", ""O"", ""O"", ""O"", ""O"", ""O"", ""O""]",[],synthetic_negative
train-00400,The research team printed the training notebook in the laboratory.,"[""The"", ""research"", ""team"", ""printed"", ""the"", ""training"", ""notebook"", ""in"", ""the"", ""laboratory"", "".""]","[""O"", ""O"", ""O"", ""O"", ""O"", ""O"", ""O"", ""O"", ""O"", ""O"", ""O""]",[],synthetic_negative
train-00401,A new trail provides access to Mount Jefferson.,"[""A"", ""new"", ""trail"", ""provides"", ""access"", ""to"", ""Mount"", ""Jefferson"", "".""]","[""O"", ""O"", ""O"", ""O"", ""O"", ""O"", ""B-MOUNTAIN"", ""I-MOUNTAIN"", ""O""]","[{""start"": 31, ""end"": 46, ""label"": ""MOUNTAIN"", ""text"": ""Mount Jefferson""}]",synthetic_positive_single
train-00402,A helicopter circled above Lhotse during the rescue.,"[""A"", ""helicopter"", ""circled"", ""above"", ""Lhotse"", ""during"", ""the"", ""rescue"", "".""]","[""O"", ""O"", ""O"", ""O"", ""B-MOUNTAIN"", ""O"", ""O"", ""O"", ""O""]","[{""start"": 27, ""end"": 33, ""label"": ""MOUNTAIN"", ""text"": ""Lhotse""}]",synthetic_positive_single
train-00403,He plans to study glaciers on Mount Saint Elias and Mount Churchill.,"[""He"", ""plans"", ""to"", ""study"", ""glaciers"", ""on"", ""Mount"", ""Saint"", ""Elias"", ""and"", ""Mount"", ""Churchill"", "".""]","[""O"", ""O"", ""O"", ""O"", ""O"", ""O"", ""B-MOUNTAIN"", ""I-MOUNTAIN"", ""I-MOUNTAIN"", ""O"", ""B-MOUNTAIN"", ""I-MOUNTAIN"", ""O""]","[{""start"": 30, ""end"": 47, ""label"": ""MOUNTAIN"", ""text"": ""Mount Saint Elias""}, {""start"": 52, ""end"": 67, ""label"": ""MOUNTAIN"", ""text"": ""Mount Churchill""}]",synthetic_positive_multi
train-00404,The travel company published the route before the deadline.,"[""The"", ""travel"", ""company"", ""published"", ""the"", ""route"", ""before"", ""the"", ""deadline"", "".""]","[""O"", ""O"", ""O"", ""O"", ""O"", ""O"", ""O"", ""O"", ""O"", ""O""]",[],synthetic_negative
train-00405,The climbing club checked the validation result after the presentation.,"[""The"", ""climbing"", ""club"", ""checked"", ""the"", ""validation"", ""result"", ""after"", ""the"", ""presentation"", "".""]","[""O"", ""O"", ""O"", ""O"", ""O"", ""O"", ""O"", ""O"", ""O"", ""O"", ""O""]",[],synthetic_negative
train-00406,The rescue team returned safely from Alpamayo.,"[""The"", ""rescue"", ""team"", ""returned"", ""safely"", ""from"", ""Alpamayo"", "".""]","[""O"", ""O"", ""O"", ""O"", ""O"", ""O"", ""B-MOUNTAIN"", ""O""]","[{""start"": 37, ""end"": 45, ""label"": ""MOUNTAIN"", ""text"": ""Alpamayo""}]",synthetic_positive_single
train-00407,Several routes lead toward the summit of Mount Aso.,"[""Several"", ""routes"", ""lead"", ""toward"", ""the"", ""summit"", ""of"", ""Mount"", ""Aso"", "".""]","[""O"", ""O"", ""O"", ""O"", ""O"", ""O"", ""O"", ""B-MOUNTAIN"", ""I-MOUNTAIN"", ""O""]","[{""start"": 41, ""end"": 50, ""label"": ""MOUNTAIN"", ""text"": ""Mount Aso""}]",synthetic_positive_single
train-00408,The rescue team returned safely from Mount Hicks.,"[""The"", ""rescue"", ""team"", ""returned"", ""safely"", ""from"", ""Mount"", ""Hicks"", "".""]","[""O"", ""O"", ""O"", ""O"", ""O"", ""O"", ""B-MOUNTAIN"", ""I-MOUNTAIN"", ""O""]","[{""start"": 37, ""end"": 48, ""label"": ""MOUNTAIN"", ""text"": ""Mount Hicks""}]",synthetic_positive_single
train-00409,The expedition leader rejected the route in the laboratory.,"[""The"", ""expedition"", ""leader"", ""rejected"", ""the"", ""route"", ""in"", ""the"", ""laboratory"", "".""]","[""O"", ""O"", ""O"", ""O"", ""O"", ""O"", ""O"", ""O"", ""O"", ""O""]",[],synthetic_negative
train-00410,"She has photographed Mount Vancouver, Muztagh Ata, and several nearby peaks.","[""She"", ""has"", ""photographed"", ""Mount"", ""Vancouver"", "","", ""Muztagh"", ""Ata"", "","", ""and"", ""several"", ""nearby"", ""peaks"", "".""]","[""O"", ""O"", ""O"", ""B-MOUNTAIN"", ""I-MOUNTAIN"", ""O"", ""B-MOUNTAIN"", ""I-MOUNTAIN"", ""O"", ""O"", ""O"", ""O"", ""O"", ""O""]","[{""start"": 21, ""end"": 36, ""label"": ""MOUNTAIN"", ""text"": ""Mount Vancouver""}, {""start"": 38, ""end"": 49, ""label"": ""MOUNTAIN"", ""text"": ""Muztagh Ata""}]",synthetic_positive_multi
train-00411,The map labels both Mount Hicks and Mount Ngauruhoe.,"[""The"", ""map"", ""labels"", ""both"", ""Mount"", ""Hicks"", ""and"", ""Mount"", ""Ngauruhoe"", "".""]","[""O"", ""O"", ""O"", ""O"", ""B-MOUNTAIN"", ""I-MOUNTAIN"", ""O"", ""B-MOUNTAIN"", ""I-MOUNTAIN"", ""O""]","[{""start"": 20, ""end"": 31, ""label"": ""MOUNTAIN"", ""text"": ""Mount Hicks""}, {""start"": 36, ""end"": 51, ""label"": ""MOUNTAIN"", ""text"": ""Mount Ngauruhoe""}]",synthetic_positive_multi
train-00412,Our map marks Grand Teton with a red triangle.,"[""Our"", ""map"", ""marks"", ""Grand"", ""Teton"", ""with"", ""a"", ""red"", ""triangle"", "".""]","[""O"", ""O"", ""O"", ""B-MOUNTAIN"", ""I-MOUNTAIN"", ""O"", ""O"", ""O"", ""O"", ""O""]","[{""start"": 14, ""end"": 25, ""label"": ""MOUNTAIN"", ""text"": ""Grand Teton""}]",synthetic_positive_single
train-00413,"During the spring survey, scientists visited Mount Haidinger.","[""During"", ""the"", ""spring"", ""survey"", "","", ""scientists"", ""visited"", ""Mount"", ""Haidinger"", "".""]","[""O"", ""O"", ""O"", ""O"", ""O"", ""O"", ""O"", ""B-MOUNTAIN"", ""I-MOUNTAIN"", ""O""]","[{""start"": 45, ""end"": 60, ""label"": ""MOUNTAIN"", ""text"": ""Mount Haidinger""}]",synthetic_positive_single
train-00414,"Unlike Nanga Parbat, Mount Vancouver was hidden by clouds.","[""Unlike"", ""Nanga"", ""Parbat"", "","", ""Mount"", ""Vancouver"", ""was"", ""hidden"", ""by"", ""clouds"", "".""]","[""O"", ""B-MOUNTAIN"", ""I-MOUNTAIN"", ""O"", ""B-MOUNTAIN"", ""I-MOUNTAIN"", ""O"", ""O"", ""O"", ""O"", ""O""]","[{""start"": 7, ""end"": 19, ""label"": ""MOUNTAIN"", ""text"": ""Nanga Parbat""}, {""start"": 21, ""end"": 36, ""label"": ""MOUNTAIN"", ""text"": ""Mount Vancouver""}]",synthetic_positive_multi
train-00415,The university department translated the schedule after the presentation.,"[""The"", ""university"", ""department"", ""translated"", ""the"", ""schedule"", ""after"", ""the"", ""presentation"", "".""]","[""O"", ""O"", ""O"", ""O"", ""O"", ""O"", ""O"", ""O"", ""O"", ""O""]",[],synthetic_negative
train-00416,The university department shared the sales peak at the airport.,"[""The"", ""university"", ""department"", ""shared"", ""the"", ""sales"", ""peak"", ""at"", ""the"", ""airport"", "".""]","[""O"", ""O"", ""O"", ""O"", ""O"", ""O"", ""O"", ""O"", ""O"", ""O"", ""O""]",[],synthetic_negative
train-00417,"Despite the forecast, the climbers continued toward Grand Teton.","[""Despite"", ""the"", ""forecast"", "","", ""the"", ""climbers"", ""continued"", ""toward"", ""Grand"", ""Teton"", "".""]","[""O"", ""O"", ""O"", ""O"", ""O"", ""O"", ""O"", ""O"", ""B-MOUNTAIN"", ""I-MOUNTAIN"", ""O""]","[{""start"": 52, ""end"": 63, ""label"": ""MOUNTAIN"", ""text"": ""Grand Teton""}]",synthetic_positive_single
train-00418,"By late afternoon, shadows had covered the slopes of Mount Jefferson.","[""By"", ""late"", ""afternoon"", "","", ""shadows"", ""had"", ""covered"", ""the"", ""slopes"", ""of"", ""Mount"", ""Jefferson"", "".""]","[""O"", ""O"", ""O"", ""O"", ""O"", ""O"", ""O"", ""O"", ""O"", ""O"", ""B-MOUNTAIN"", ""I-MOUNTAIN"", ""O""]","[{""start"": 53, ""end"": 68, ""label"": ""MOUNTAIN"", ""text"": ""Mount Jefferson""}]",synthetic_positive_single
train-00419,Photos of Mount Lucania were displayed in the museum.,"[""Photos"", ""of"", ""Mount"", ""Lucania"", ""were"", ""displayed"", ""in"", ""the"", ""museum"", "".""]","[""O"", ""O"", ""B-MOUNTAIN"", ""I-MOUNTAIN"", ""O"", ""O"", ""O"", ""O"", ""O"", ""O""]","[{""start"": 10, ""end"": 23, ""label"": ""MOUNTAIN"", ""text"": ""Mount Lucania""}]",synthetic_positive_single
train-00420,The research team shared the budget after the presentation.,"[""The"", ""research"", ""team"", ""shared"", ""the"", ""budget"", ""after"", ""the"", ""presentation"", "".""]","[""O"", ""O"", ""O"", ""O"", ""O"", ""O"", ""O"", ""O"", ""O"", ""O""]",[],synthetic_negative
train-00421,A documentary crew filmed near Muztagh Ata.,"[""A"", ""documentary"", ""crew"", ""filmed"", ""near"", ""Muztagh"", ""Ata"", "".""]","[""O"", ""O"", ""O"", ""O"", ""O"", ""B-MOUNTAIN"", ""I-MOUNTAIN"", ""O""]","[{""start"": 31, ""end"": 42, ""label"": ""MOUNTAIN"", ""text"": ""Muztagh Ata""}]",synthetic_positive_single
train-00422,The climbing club archived the budget in the laboratory.,"[""The"", ""climbing"", ""club"", ""archived"", ""the"", ""budget"", ""in"", ""the"", ""laboratory"", "".""]","[""O"", ""O"", ""O"", ""O"", ""O"", ""O"", ""O"", ""O"", ""O"", ""O""]",[],synthetic_negative
train-00423,The research team compared the dataset at the office.,"[""The"", ""research"", ""team"", ""compared"", ""the"", ""dataset"", ""at"", ""the"", ""office"", "".""]","[""O"", ""O"", ""O"", ""O"", ""O"", ""O"", ""O"", ""O"", ""O"", ""O""]",[],synthetic_negative
train-00424,Our map marks Mount Bona with a red triangle.,"[""Our"", ""map"", ""marks"", ""Mount"", ""Bona"", ""with"", ""a"", ""red"", ""triangle"", "".""]","[""O"", ""O"", ""O"", ""B-MOUNTAIN"", ""I-MOUNTAIN"", ""O"", ""O"", ""O"", ""O"", ""O""]","[{""start"": 14, ""end"": 24, ""label"": ""MOUNTAIN"", ""text"": ""Mount Bona""}]",synthetic_positive_single
train-00425,"She has photographed Mount Ararat, Mount Saint Elias, and several nearby peaks.","[""She"", ""has"", ""photographed"", ""Mount"", ""Ararat"", "","", ""Mount"", ""Saint"", ""Elias"", "","", ""and"", ""several"", ""nearby"", ""peaks"", "".""]","[""O"", ""O"", ""O"", ""B-MOUNTAIN"", ""I-MOUNTAIN"", ""O"", ""B-MOUNTAIN"", ""I-MOUNTAIN"", ""I-MOUNTAIN"", ""O"", ""O"", ""O"", ""O"", ""O"", ""O""]","[{""start"": 21, ""end"": 33, ""label"": ""MOUNTAIN"", ""text"": ""Mount Ararat""}, {""start"": 35, ""end"": 52, ""label"": ""MOUNTAIN"", ""text"": ""Mount Saint Elias""}]",synthetic_positive_multi
train-00426,The museum curator updated the hotel booking during the conference.,"[""The"", ""museum"", ""curator"", ""updated"", ""the"", ""hotel"", ""booking"", ""during"", ""the"", ""conference"", "".""]","[""O"", ""O"", ""O"", ""O"", ""O"", ""O"", ""O"", ""O"", ""O"", ""O"", ""O""]",[],synthetic_negative
train-00427,The base camp below Alpamayo was moved to safer ground.,"[""The"", ""base"", ""camp"", ""below"", ""Alpamayo"", ""was"", ""moved"", ""to"", ""safer"", ""ground"", "".""]","[""O"", ""O"", ""O"", ""O"", ""B-MOUNTAIN"", ""O"", ""O"", ""O"", ""O"", ""O"", ""O""]","[{""start"": 20, ""end"": 28, ""label"": ""MOUNTAIN"", ""text"": ""Alpamayo""}]",synthetic_positive_single
train-00428,The climbing club checked the algorithm before lunch.,"[""The"", ""climbing"", ""club"", ""checked"", ""the"", ""algorithm"", ""before"", ""lunch"", "".""]","[""O"", ""O"", ""O"", ""O"", ""O"", ""O"", ""O"", ""O"", ""O""]",[],synthetic_negative
train-00429,Our map marks Mount Kosciuszko with a red triangle.,"[""Our"", ""map"", ""marks"", ""Mount"", ""Kosciuszko"", ""with"", ""a"", ""red"", ""triangle"", "".""]","[""O"", ""O"", ""O"", ""B-MOUNTAIN"", ""I-MOUNTAIN"", ""O"", ""O"", ""O"", ""O"", ""O""]","[{""start"": 14, ""end"": 30, ""label"": ""MOUNTAIN"", ""text"": ""Mount Kosciuszko""}]",synthetic_positive_single
train-00430,"For safety reasons, access to Puncak Jaya was temporarily restricted.","[""For"", ""safety"", ""reasons"", "","", ""access"", ""to"", ""Puncak"", ""Jaya"", ""was"", ""temporarily"", ""restricted"", "".""]","[""O"", ""O"", ""O"", ""O"", ""O"", ""O"", ""B-MOUNTAIN"", ""I-MOUNTAIN"", ""O"", ""O"", ""O"", ""O""]","[{""start"": 30, ""end"": 41, ""label"": ""MOUNTAIN"", ""text"": ""Puncak Jaya""}]",synthetic_positive_single
train-00431,"Yesterday, Broad Peak was barely visible through the mist.","[""Yesterday"", "","", ""Broad"", ""Peak"", ""was"", ""barely"", ""visible"", ""through"", ""the"", ""mist"", "".""]","[""O"", ""O"", ""B-MOUNTAIN"", ""I-MOUNTAIN"", ""O"", ""O"", ""O"", ""O"", ""O"", ""O"", ""O""]","[{""start"": 11, ""end"": 21, ""label"": ""MOUNTAIN"", ""text"": ""Broad Peak""}]",synthetic_positive_single
train-00432,"For safety reasons, access to Pikes Peak was temporarily restricted.","[""For"", ""safety"", ""reasons"", "","", ""access"", ""to"", ""Pikes"", ""Peak"", ""was"", ""temporarily"", ""restricted"", "".""]","[""O"", ""O"", ""O"", ""O"", ""O"", ""O"", ""B-MOUNTAIN"", ""I-MOUNTAIN"", ""O"", ""O"", ""O"", ""O""]","[{""start"": 30, ""end"": 40, ""label"": ""MOUNTAIN"", ""text"": ""Pikes Peak""}]",synthetic_positive_single
train-00433,The travel company reviewed the training notebook before the deadline.,"[""The"", ""travel"", ""company"", ""reviewed"", ""the"", ""training"", ""notebook"", ""before"", ""the"", ""deadline"", "".""]","[""O"", ""O"", ""O"", ""O"", ""O"", ""O"", ""O"", ""O"", ""O"", ""O"", ""O""]",[],synthetic_negative
train-00434,Our route passes near Mount Hubbard before turning toward Mount Columbia.,"[""Our"", ""route"", ""passes"", ""near"", ""Mount"", ""Hubbard"", ""before"", ""turning"", ""toward"", ""Mount"", ""Columbia"", "".""]","[""O"", ""O"", ""O"", ""O"", ""B-MOUNTAIN"", ""I-MOUNTAIN"", ""O"", ""O"", ""O"", ""B-MOUNTAIN"", ""I-MOUNTAIN"", ""O""]","[{""start"": 22, ""end"": 35, ""label"": ""MOUNTAIN"", ""text"": ""Mount Hubbard""}, {""start"": 58, ""end"": 72, ""label"": ""MOUNTAIN"", ""text"": ""Mount Columbia""}]",synthetic_positive_multi
train-00435,The tourist group updated the forest trail before lunch.,"[""The"", ""tourist"", ""group"", ""updated"", ""the"", ""forest"", ""trail"", ""before"", ""lunch"", "".""]","[""O"", ""O"", ""O"", ""O"", ""O"", ""O"", ""O"", ""O"", ""O"", ""O""]",[],synthetic_negative
train-00436,The weather service shared the validation result before the deadline.,"[""The"", ""weather"", ""service"", ""shared"", ""the"", ""validation"", ""result"", ""before"", ""the"", ""deadline"", "".""]","[""O"", ""O"", ""O"", ""O"", ""O"", ""O"", ""O"", ""O"", ""O"", ""O"", ""O""]",[],synthetic_negative
train-00437,The photograph shows Puncak Jaya at sunrise.,"[""The"", ""photograph"", ""shows"", ""Puncak"", ""Jaya"", ""at"", ""sunrise"", "".""]","[""O"", ""O"", ""O"", ""B-MOUNTAIN"", ""I-MOUNTAIN"", ""O"", ""O"", ""O""]","[{""start"": 21, ""end"": 32, ""label"": ""MOUNTAIN"", ""text"": ""Puncak Jaya""}]",synthetic_positive_single
train-00438,Our route passes near Mount Ngauruhoe before turning toward Lhotse.,"[""Our"", ""route"", ""passes"", ""near"", ""Mount"", ""Ngauruhoe"", ""before"", ""turning"", ""toward"", ""Lhotse"", "".""]","[""O"", ""O"", ""O"", ""O"", ""B-MOUNTAIN"", ""I-MOUNTAIN"", ""O"", ""O"", ""O"", ""B-MOUNTAIN"", ""O""]","[{""start"": 22, ""end"": 37, ""label"": ""MOUNTAIN"", ""text"": ""Mount Ngauruhoe""}, {""start"": 60, ""end"": 66, ""label"": ""MOUNTAIN"", ""text"": ""Lhotse""}]",synthetic_positive_multi
train-00439,The tourist group shared the ridge map during the meeting.,"[""The"", ""tourist"", ""group"", ""shared"", ""the"", ""ridge"", ""map"", ""during"", ""the"", ""meeting"", "".""]","[""O"", ""O"", ""O"", ""O"", ""O"", ""O"", ""O"", ""O"", ""O"", ""O"", ""O""]",[],synthetic_negative
train-00440,"Yesterday, Mount Rinjani was barely visible through the mist.","[""Yesterday"", "","", ""Mount"", ""Rinjani"", ""was"", ""barely"", ""visible"", ""through"", ""the"", ""mist"", "".""]","[""O"", ""O"", ""B-MOUNTAIN"", ""I-MOUNTAIN"", ""O"", ""O"", ""O"", ""O"", ""O"", ""O"", ""O""]","[{""start"": 11, ""end"": 24, ""label"": ""MOUNTAIN"", ""text"": ""Mount Rinjani""}]",synthetic_positive_single
train-00441,Weather stations near Denali and Mount Fuji recorded strong winds.,"[""Weather"", ""stations"", ""near"", ""Denali"", ""and"", ""Mount"", ""Fuji"", ""recorded"", ""strong"", ""winds"", "".""]","[""O"", ""O"", ""O"", ""B-MOUNTAIN"", ""O"", ""B-MOUNTAIN"", ""I-MOUNTAIN"", ""O"", ""O"", ""O"", ""O""]","[{""start"": 22, ""end"": 28, ""label"": ""MOUNTAIN"", ""text"": ""Denali""}, {""start"": 33, ""end"": 43, ""label"": ""MOUNTAIN"", ""text"": ""Mount Fuji""}]",synthetic_positive_multi
train-00442,Heavy clouds covered Gasherbrum I throughout the morning.,"[""Heavy"", ""clouds"", ""covered"", ""Gasherbrum"", ""I"", ""throughout"", ""the"", ""morning"", "".""]","[""O"", ""O"", ""O"", ""B-MOUNTAIN"", ""I-MOUNTAIN"", ""O"", ""O"", ""O"", ""O""]","[{""start"": 21, ""end"": 33, ""label"": ""MOUNTAIN"", ""text"": ""Gasherbrum I""}]",synthetic_positive_single
train-00443,The lecture included a case study about Mount Tate.,"[""The"", ""lecture"", ""included"", ""a"", ""case"", ""study"", ""about"", ""Mount"", ""Tate"", "".""]","[""O"", ""O"", ""O"", ""O"", ""O"", ""O"", ""O"", ""B-MOUNTAIN"", ""I-MOUNTAIN"", ""O""]","[{""start"": 40, ""end"": 50, ""label"": ""MOUNTAIN"", ""text"": ""Mount Tate""}]",synthetic_positive_single
train-00444,"In the final chapter, the author describes an ascent of Huascaran.","[""In"", ""the"", ""final"", ""chapter"", "","", ""the"", ""author"", ""describes"", ""an"", ""ascent"", ""of"", ""Huascaran"", "".""]","[""O"", ""O"", ""O"", ""O"", ""O"", ""O"", ""O"", ""O"", ""O"", ""O"", ""O"", ""B-MOUNTAIN"", ""O""]","[{""start"": 56, ""end"": 65, ""label"": ""MOUNTAIN"", ""text"": ""Huascaran""}]",synthetic_positive_single
train-00445,The travel company reviewed the budget at the airport.,"[""The"", ""travel"", ""company"", ""reviewed"", ""the"", ""budget"", ""at"", ""the"", ""airport"", "".""]","[""O"", ""O"", ""O"", ""O"", ""O"", ""O"", ""O"", ""O"", ""O"", ""O""]",[],synthetic_negative
train-00446,The weather changed quickly as they approached Mount Wilhelm.,"[""The"", ""weather"", ""changed"", ""quickly"", ""as"", ""they"", ""approached"", ""Mount"", ""Wilhelm"", "".""]","[""O"", ""O"", ""O"", ""O"", ""O"", ""O"", ""O"", ""B-MOUNTAIN"", ""I-MOUNTAIN"", ""O""]","[{""start"": 47, ""end"": 60, ""label"": ""MOUNTAIN"", ""text"": ""Mount Wilhelm""}]",synthetic_positive_single
train-00447,Our map marks Haleakala with a red triangle.,"[""Our"", ""map"", ""marks"", ""Haleakala"", ""with"", ""a"", ""red"", ""triangle"", "".""]","[""O"", ""O"", ""O"", ""B-MOUNTAIN"", ""O"", ""O"", ""O"", ""O"", ""O""]","[{""start"": 14, ""end"": 23, ""label"": ""MOUNTAIN"", ""text"": ""Haleakala""}]",synthetic_positive_single
train-00448,The expedition leader rejected the forest trail at the office.,"[""The"", ""expedition"", ""leader"", ""rejected"", ""the"", ""forest"", ""trail"", ""at"", ""the"", ""office"", "".""]","[""O"", ""O"", ""O"", ""O"", ""O"", ""O"", ""O"", ""O"", ""O"", ""O"", ""O""]",[],synthetic_negative
train-00449,The rescue unit shared the budget in the final report.,"[""The"", ""rescue"", ""unit"", ""shared"", ""the"", ""budget"", ""in"", ""the"", ""final"", ""report"", "".""]","[""O"", ""O"", ""O"", ""O"", ""O"", ""O"", ""O"", ""O"", ""O"", ""O"", ""O""]",[],synthetic_negative
train-00450,The weather changed quickly as they approached Mount Olympus.,"[""The"", ""weather"", ""changed"", ""quickly"", ""as"", ""they"", ""approached"", ""Mount"", ""Olympus"", "".""]","[""O"", ""O"", ""O"", ""O"", ""O"", ""O"", ""O"", ""B-MOUNTAIN"", ""I-MOUNTAIN"", ""O""]","[{""start"": 47, ""end"": 60, ""label"": ""MOUNTAIN"", ""text"": ""Mount Olympus""}]",synthetic_positive_single
train-00451,"According to the itinerary, Kangchenjunga is the main destination.","[""According"", ""to"", ""the"", ""itinerary"", "","", ""Kangchenjunga"", ""is"", ""the"", ""main"", ""destination"", "".""]","[""O"", ""O"", ""O"", ""O"", ""O"", ""B-MOUNTAIN"", ""O"", ""O"", ""O"", ""O"", ""O""]","[{""start"": 28, ""end"": 41, ""label"": ""MOUNTAIN"", ""text"": ""Kangchenjunga""}]",synthetic_positive_single
train-00452,The research team checked the aircraft at the office.,"[""The"", ""research"", ""team"", ""checked"", ""the"", ""aircraft"", ""at"", ""the"", ""office"", "".""]","[""O"", ""O"", ""O"", ""O"", ""O"", ""O"", ""O"", ""O"", ""O"", ""O""]",[],synthetic_negative
train-00453,The base camp below Broad Peak was moved to safer ground.,"[""The"", ""base"", ""camp"", ""below"", ""Broad"", ""Peak"", ""was"", ""moved"", ""to"", ""safer"", ""ground"", "".""]","[""O"", ""O"", ""O"", ""O"", ""B-MOUNTAIN"", ""I-MOUNTAIN"", ""O"", ""O"", ""O"", ""O"", ""O"", ""O""]","[{""start"": 20, ""end"": 30, ""label"": ""MOUNTAIN"", ""text"": ""Broad Peak""}]",synthetic_positive_single
train-00454,The travel company translated the hotel booking before lunch.,"[""The"", ""travel"", ""company"", ""translated"", ""the"", ""hotel"", ""booking"", ""before"", ""lunch"", "".""]","[""O"", ""O"", ""O"", ""O"", ""O"", ""O"", ""O"", ""O"", ""O"", ""O""]",[],synthetic_negative
train-00455,The northern face of Aoraki Mount Cook looked almost vertical.,"[""The"", ""northern"", ""face"", ""of"", ""Aoraki"", ""Mount"", ""Cook"", ""looked"", ""almost"", ""vertical"", "".""]","[""O"", ""O"", ""O"", ""O"", ""B-MOUNTAIN"", ""I-MOUNTAIN"", ""I-MOUNTAIN"", ""O"", ""O"", ""O"", ""O""]","[{""start"": 21, ""end"": 38, ""label"": ""MOUNTAIN"", ""text"": ""Aoraki Mount Cook""}]",synthetic_positive_single
train-00456,A small village lies below Mount Alverstone.,"[""A"", ""small"", ""village"", ""lies"", ""below"", ""Mount"", ""Alverstone"", "".""]","[""O"", ""O"", ""O"", ""O"", ""O"", ""B-MOUNTAIN"", ""I-MOUNTAIN"", ""O""]","[{""start"": 27, ""end"": 43, ""label"": ""MOUNTAIN"", ""text"": ""Mount Alverstone""}]",synthetic_positive_single
train-00457,"She has photographed Pikes Peak, Dhaulagiri, and several nearby peaks.","[""She"", ""has"", ""photographed"", ""Pikes"", ""Peak"", "","", ""Dhaulagiri"", "","", ""and"", ""several"", ""nearby"", ""peaks"", "".""]","[""O"", ""O"", ""O"", ""B-MOUNTAIN"", ""I-MOUNTAIN"", ""O"", ""B-MOUNTAIN"", ""O"", ""O"", ""O"", ""O"", ""O"", ""O""]","[{""start"": 21, ""end"": 31, ""label"": ""MOUNTAIN"", ""text"": ""Pikes Peak""}, {""start"": 33, ""end"": 43, ""label"": ""MOUNTAIN"", ""text"": ""Dhaulagiri""}]",synthetic_positive_multi
train-00458,Mount Adams and Hoverla were both visible from the aircraft.,"[""Mount"", ""Adams"", ""and"", ""Hoverla"", ""were"", ""both"", ""visible"", ""from"", ""the"", ""aircraft"", "".""]","[""B-MOUNTAIN"", ""I-MOUNTAIN"", ""O"", ""B-MOUNTAIN"", ""O"", ""O"", ""O"", ""O"", ""O"", ""O"", ""O""]","[{""start"": 0, ""end"": 11, ""label"": ""MOUNTAIN"", ""text"": ""Mount Adams""}, {""start"": 16, ""end"": 23, ""label"": ""MOUNTAIN"", ""text"": ""Hoverla""}]",synthetic_positive_multi
train-00459,The climbing club updated the training notebook in the laboratory.,"[""The"", ""climbing"", ""club"", ""updated"", ""the"", ""training"", ""notebook"", ""in"", ""the"", ""laboratory"", "".""]","[""O"", ""O"", ""O"", ""O"", ""O"", ""O"", ""O"", ""O"", ""O"", ""O"", ""O""]",[],synthetic_negative
train-00460,A helicopter circled above Mount Taranaki during the rescue.,"[""A"", ""helicopter"", ""circled"", ""above"", ""Mount"", ""Taranaki"", ""during"", ""the"", ""rescue"", "".""]","[""O"", ""O"", ""O"", ""O"", ""B-MOUNTAIN"", ""I-MOUNTAIN"", ""O"", ""O"", ""O"", ""O""]","[{""start"": 27, ""end"": 41, ""label"": ""MOUNTAIN"", ""text"": ""Mount Taranaki""}]",synthetic_positive_single
train-00461,Weather stations near Aconcagua and Mount Fairweather recorded strong winds.,"[""Weather"", ""stations"", ""near"", ""Aconcagua"", ""and"", ""Mount"", ""Fairweather"", ""recorded"", ""strong"", ""winds"", "".""]","[""O"", ""O"", ""O"", ""B-MOUNTAIN"", ""O"", ""B-MOUNTAIN"", ""I-MOUNTAIN"", ""O"", ""O"", ""O"", ""O""]","[{""start"": 22, ""end"": 31, ""label"": ""MOUNTAIN"", ""text"": ""Aconcagua""}, {""start"": 36, ""end"": 53, ""label"": ""MOUNTAIN"", ""text"": ""Mount Fairweather""}]",synthetic_positive_multi
train-00462,The northern face of Mount Mitchell looked almost vertical.,"[""The"", ""northern"", ""face"", ""of"", ""Mount"", ""Mitchell"", ""looked"", ""almost"", ""vertical"", "".""]","[""O"", ""O"", ""O"", ""O"", ""B-MOUNTAIN"", ""I-MOUNTAIN"", ""O"", ""O"", ""O"", ""O""]","[{""start"": 21, ""end"": 35, ""label"": ""MOUNTAIN"", ""text"": ""Mount Mitchell""}]",synthetic_positive_single
train-00463,The map labels both Annapurna and Mount Haku.,"[""The"", ""map"", ""labels"", ""both"", ""Annapurna"", ""and"", ""Mount"", ""Haku"", "".""]","[""O"", ""O"", ""O"", ""O"", ""B-MOUNTAIN"", ""O"", ""B-MOUNTAIN"", ""I-MOUNTAIN"", ""O""]","[{""start"": 20, ""end"": 29, ""label"": ""MOUNTAIN"", ""text"": ""Annapurna""}, {""start"": 34, ""end"": 44, ""label"": ""MOUNTAIN"", ""text"": ""Mount Haku""}]",synthetic_positive_multi
train-00464,Researchers installed weather sensors on Mount Bromo.,"[""Researchers"", ""installed"", ""weather"", ""sensors"", ""on"", ""Mount"", ""Bromo"", "".""]","[""O"", ""O"", ""O"", ""O"", ""O"", ""B-MOUNTAIN"", ""I-MOUNTAIN"", ""O""]","[{""start"": 41, ""end"": 52, ""label"": ""MOUNTAIN"", ""text"": ""Mount Bromo""}]",synthetic_positive_single
train-00465,The film crew rejected the dataset during the conference.,"[""The"", ""film"", ""crew"", ""rejected"", ""the"", ""dataset"", ""during"", ""the"", ""conference"", "".""]","[""O"", ""O"", ""O"", ""O"", ""O"", ""O"", ""O"", ""O"", ""O"", ""O""]",[],synthetic_negative
train-00466,The weather service printed the summit plan after the presentation.,"[""The"", ""weather"", ""service"", ""printed"", ""the"", ""summit"", ""plan"", ""after"", ""the"", ""presentation"", "".""]","[""O"", ""O"", ""O"", ""O"", ""O"", ""O"", ""O"", ""O"", ""O"", ""O"", ""O""]",[],synthetic_negative
train-00467,Images of Mount Cook were placed beside photographs of Mont Blanc.,"[""Images"", ""of"", ""Mount"", ""Cook"", ""were"", ""placed"", ""beside"", ""photographs"", ""of"", ""Mont"", ""Blanc"", "".""]","[""O"", ""O"", ""B-MOUNTAIN"", ""I-MOUNTAIN"", ""O"", ""O"", ""O"", ""O"", ""O"", ""B-MOUNTAIN"", ""I-MOUNTAIN"", ""O""]","[{""start"": 10, ""end"": 20, ""label"": ""MOUNTAIN"", ""text"": ""Mount Cook""}, {""start"": 55, ""end"": 65, ""label"": ""MOUNTAIN"", ""text"": ""Mont Blanc""}]",synthetic_positive_multi
train-00468,The base camp below Mount Kinabalu was moved to safer ground.,"[""The"", ""base"", ""camp"", ""below"", ""Mount"", ""Kinabalu"", ""was"", ""moved"", ""to"", ""safer"", ""ground"", "".""]","[""O"", ""O"", ""O"", ""O"", ""B-MOUNTAIN"", ""I-MOUNTAIN"", ""O"", ""O"", ""O"", ""O"", ""O"", ""O""]","[{""start"": 20, ""end"": 34, ""label"": ""MOUNTAIN"", ""text"": ""Mount Kinabalu""}]",synthetic_positive_single
train-00469,Wind speeds increased rapidly around Grand Teton.,"[""Wind"", ""speeds"", ""increased"", ""rapidly"", ""around"", ""Grand"", ""Teton"", "".""]","[""O"", ""O"", ""O"", ""O"", ""O"", ""B-MOUNTAIN"", ""I-MOUNTAIN"", ""O""]","[{""start"": 37, ""end"": 48, ""label"": ""MOUNTAIN"", ""text"": ""Grand Teton""}]",synthetic_positive_single
train-00470,Weather stations near Mount Whitney and Ojos del Salado recorded strong winds.,"[""Weather"", ""stations"", ""near"", ""Mount"", ""Whitney"", ""and"", ""Ojos"", ""del"", ""Salado"", ""recorded"", ""strong"", ""winds"", "".""]","[""O"", ""O"", ""O"", ""B-MOUNTAIN"", ""I-MOUNTAIN"", ""O"", ""B-MOUNTAIN"", ""I-MOUNTAIN"", ""I-MOUNTAIN"", ""O"", ""O"", ""O"", ""O""]","[{""start"": 22, ""end"": 35, ""label"": ""MOUNTAIN"", ""text"": ""Mount Whitney""}, {""start"": 40, ""end"": 55, ""label"": ""MOUNTAIN"", ""text"": ""Ojos del Salado""}]",synthetic_positive_multi
train-00471,The article compares climbing conditions on Shishapangma with those on Mount Elbrus.,"[""The"", ""article"", ""compares"", ""climbing"", ""conditions"", ""on"", ""Shishapangma"", ""with"", ""those"", ""on"", ""Mount"", ""Elbrus"", "".""]","[""O"", ""O"", ""O"", ""O"", ""O"", ""O"", ""B-MOUNTAIN"", ""O"", ""O"", ""O"", ""B-MOUNTAIN"", ""I-MOUNTAIN"", ""O""]","[{""start"": 44, ""end"": 56, ""label"": ""MOUNTAIN"", ""text"": ""Shishapangma""}, {""start"": 71, ""end"": 83, ""label"": ""MOUNTAIN"", ""text"": ""Mount Elbrus""}]",synthetic_positive_multi
train-00472,The rescue team returned safely from Mauna Kea.,"[""The"", ""rescue"", ""team"", ""returned"", ""safely"", ""from"", ""Mauna"", ""Kea"", "".""]","[""O"", ""O"", ""O"", ""O"", ""O"", ""O"", ""B-MOUNTAIN"", ""I-MOUNTAIN"", ""O""]","[{""start"": 37, ""end"": 46, ""label"": ""MOUNTAIN"", ""text"": ""Mauna Kea""}]",synthetic_positive_single
train-00473,The museum curator archived the expedition permit during the meeting.,"[""The"", ""museum"", ""curator"", ""archived"", ""the"", ""expedition"", ""permit"", ""during"", ""the"", ""meeting"", "".""]","[""O"", ""O"", ""O"", ""O"", ""O"", ""O"", ""O"", ""O"", ""O"", ""O"", ""O""]",[],synthetic_negative
train-00474,The mapping agency printed the conference program during the conference.,"[""The"", ""mapping"", ""agency"", ""printed"", ""the"", ""conference"", ""program"", ""during"", ""the"", ""conference"", "".""]","[""O"", ""O"", ""O"", ""O"", ""O"", ""O"", ""O"", ""O"", ""O"", ""O"", ""O""]",[],synthetic_negative
train-00475,The northern face of Mount Ngauruhoe looked almost vertical.,"[""The"", ""northern"", ""face"", ""of"", ""Mount"", ""Ngauruhoe"", ""looked"", ""almost"", ""vertical"", "".""]","[""O"", ""O"", ""O"", ""O"", ""B-MOUNTAIN"", ""I-MOUNTAIN"", ""O"", ""O"", ""O"", ""O""]","[{""start"": 21, ""end"": 36, ""label"": ""MOUNTAIN"", ""text"": ""Mount Ngauruhoe""}]",synthetic_positive_single
train-00476,"She has photographed Mount Stanley, Snowdon, and several nearby peaks.","[""She"", ""has"", ""photographed"", ""Mount"", ""Stanley"", "","", ""Snowdon"", "","", ""and"", ""several"", ""nearby"", ""peaks"", "".""]","[""O"", ""O"", ""O"", ""B-MOUNTAIN"", ""I-MOUNTAIN"", ""O"", ""B-MOUNTAIN"", ""O"", ""O"", ""O"", ""O"", ""O"", ""O""]","[{""start"": 21, ""end"": 34, ""label"": ""MOUNTAIN"", ""text"": ""Mount Stanley""}, {""start"": 36, ""end"": 43, ""label"": ""MOUNTAIN"", ""text"": ""Snowdon""}]",synthetic_positive_multi
train-00477,Photos of Cotopaxi were displayed in the museum.,"[""Photos"", ""of"", ""Cotopaxi"", ""were"", ""displayed"", ""in"", ""the"", ""museum"", "".""]","[""O"", ""O"", ""B-MOUNTAIN"", ""O"", ""O"", ""O"", ""O"", ""O"", ""O""]","[{""start"": 10, ""end"": 18, ""label"": ""MOUNTAIN"", ""text"": ""Cotopaxi""}]",synthetic_positive_single
train-00478,"According to the itinerary, Dhaulagiri is the main destination.","[""According"", ""to"", ""the"", ""itinerary"", "","", ""Dhaulagiri"", ""is"", ""the"", ""main"", ""destination"", "".""]","[""O"", ""O"", ""O"", ""O"", ""O"", ""B-MOUNTAIN"", ""O"", ""O"", ""O"", ""O"", ""O""]","[{""start"": 28, ""end"": 38, ""label"": ""MOUNTAIN"", ""text"": ""Dhaulagiri""}]",synthetic_positive_single
train-00479,The guide warned us not to underestimate Mount Wilhelm.,"[""The"", ""guide"", ""warned"", ""us"", ""not"", ""to"", ""underestimate"", ""Mount"", ""Wilhelm"", "".""]","[""O"", ""O"", ""O"", ""O"", ""O"", ""O"", ""O"", ""B-MOUNTAIN"", ""I-MOUNTAIN"", ""O""]","[{""start"": 41, ""end"": 54, ""label"": ""MOUNTAIN"", ""text"": ""Mount Wilhelm""}]",synthetic_positive_single
train-00480,The museum curator updated the sales peak before the deadline.,"[""The"", ""museum"", ""curator"", ""updated"", ""the"", ""sales"", ""peak"", ""before"", ""the"", ""deadline"", "".""]","[""O"", ""O"", ""O"", ""O"", ""O"", ""O"", ""O"", ""O"", ""O"", ""O"", ""O""]",[],synthetic_negative
train-00481,"During the spring survey, scientists visited Mount Sefton.","[""During"", ""the"", ""spring"", ""survey"", "","", ""scientists"", ""visited"", ""Mount"", ""Sefton"", "".""]","[""O"", ""O"", ""O"", ""O"", ""O"", ""O"", ""O"", ""B-MOUNTAIN"", ""I-MOUNTAIN"", ""O""]","[{""start"": 45, ""end"": 57, ""label"": ""MOUNTAIN"", ""text"": ""Mount Sefton""}]",synthetic_positive_single
train-00482,The travel company reviewed the dataset after the presentation.,"[""The"", ""travel"", ""company"", ""reviewed"", ""the"", ""dataset"", ""after"", ""the"", ""presentation"", "".""]","[""O"", ""O"", ""O"", ""O"", ""O"", ""O"", ""O"", ""O"", ""O"", ""O""]",[],synthetic_negative
train-00483,Weather stations near Huayna Potosi and Mount Sefton recorded strong winds.,"[""Weather"", ""stations"", ""near"", ""Huayna"", ""Potosi"", ""and"", ""Mount"", ""Sefton"", ""recorded"", ""strong"", ""winds"", "".""]","[""O"", ""O"", ""O"", ""B-MOUNTAIN"", ""I-MOUNTAIN"", ""O"", ""B-MOUNTAIN"", ""I-MOUNTAIN"", ""O"", ""O"", ""O"", ""O""]","[{""start"": 22, ""end"": 35, ""label"": ""MOUNTAIN"", ""text"": ""Huayna Potosi""}, {""start"": 40, ""end"": 52, ""label"": ""MOUNTAIN"", ""text"": ""Mount Sefton""}]",synthetic_positive_multi
train-00484,A helicopter circled above Mount Vesuvius during the rescue.,"[""A"", ""helicopter"", ""circled"", ""above"", ""Mount"", ""Vesuvius"", ""during"", ""the"", ""rescue"", "".""]","[""O"", ""O"", ""O"", ""O"", ""B-MOUNTAIN"", ""I-MOUNTAIN"", ""O"", ""O"", ""O"", ""O""]","[{""start"": 27, ""end"": 41, ""label"": ""MOUNTAIN"", ""text"": ""Mount Vesuvius""}]",synthetic_positive_single
train-00485,Wind speeds increased rapidly around Mount Sefton.,"[""Wind"", ""speeds"", ""increased"", ""rapidly"", ""around"", ""Mount"", ""Sefton"", "".""]","[""O"", ""O"", ""O"", ""O"", ""O"", ""B-MOUNTAIN"", ""I-MOUNTAIN"", ""O""]","[{""start"": 37, ""end"": 49, ""label"": ""MOUNTAIN"", ""text"": ""Mount Sefton""}]",synthetic_positive_single
train-00486,Expeditions to Illimani and Mount Sanford were delayed by bad weather.,"[""Expeditions"", ""to"", ""Illimani"", ""and"", ""Mount"", ""Sanford"", ""were"", ""delayed"", ""by"", ""bad"", ""weather"", "".""]","[""O"", ""O"", ""B-MOUNTAIN"", ""O"", ""B-MOUNTAIN"", ""I-MOUNTAIN"", ""O"", ""O"", ""O"", ""O"", ""O"", ""O""]","[{""start"": 15, ""end"": 23, ""label"": ""MOUNTAIN"", ""text"": ""Illimani""}, {""start"": 28, ""end"": 41, ""label"": ""MOUNTAIN"", ""text"": ""Mount Sanford""}]",synthetic_positive_multi
train-00487,"Unlike Mount Hicks, Mount Hood was hidden by clouds.","[""Unlike"", ""Mount"", ""Hicks"", "","", ""Mount"", ""Hood"", ""was"", ""hidden"", ""by"", ""clouds"", "".""]","[""O"", ""B-MOUNTAIN"", ""I-MOUNTAIN"", ""O"", ""B-MOUNTAIN"", ""I-MOUNTAIN"", ""O"", ""O"", ""O"", ""O"", ""O""]","[{""start"": 7, ""end"": 18, ""label"": ""MOUNTAIN"", ""text"": ""Mount Hicks""}, {""start"": 20, ""end"": 30, ""label"": ""MOUNTAIN"", ""text"": ""Mount Hood""}]",synthetic_positive_multi
train-00488,Photos of Scafell Pike were displayed in the museum.,"[""Photos"", ""of"", ""Scafell"", ""Pike"", ""were"", ""displayed"", ""in"", ""the"", ""museum"", "".""]","[""O"", ""O"", ""B-MOUNTAIN"", ""I-MOUNTAIN"", ""O"", ""O"", ""O"", ""O"", ""O"", ""O""]","[{""start"": 10, ""end"": 22, ""label"": ""MOUNTAIN"", ""text"": ""Scafell Pike""}]",synthetic_positive_single
train-00489,The expedition leader approved the budget before lunch.,"[""The"", ""expedition"", ""leader"", ""approved"", ""the"", ""budget"", ""before"", ""lunch"", "".""]","[""O"", ""O"", ""O"", ""O"", ""O"", ""O"", ""O"", ""O"", ""O""]",[],synthetic_negative
train-00490,The expedition reached the summit of Monte Rosa before noon.,"[""The"", ""expedition"", ""reached"", ""the"", ""summit"", ""of"", ""Monte"", ""Rosa"", ""before"", ""noon"", "".""]","[""O"", ""O"", ""O"", ""O"", ""O"", ""O"", ""B-MOUNTAIN"", ""I-MOUNTAIN"", ""O"", ""O"", ""O""]","[{""start"": 37, ""end"": 47, ""label"": ""MOUNTAIN"", ""text"": ""Monte Rosa""}]",synthetic_positive_single
train-00491,"During the spring survey, scientists visited Mount Haku.","[""During"", ""the"", ""spring"", ""survey"", "","", ""scientists"", ""visited"", ""Mount"", ""Haku"", "".""]","[""O"", ""O"", ""O"", ""O"", ""O"", ""O"", ""O"", ""B-MOUNTAIN"", ""I-MOUNTAIN"", ""O""]","[{""start"": 45, ""end"": 55, ""label"": ""MOUNTAIN"", ""text"": ""Mount Haku""}]",synthetic_positive_single
train-00492,The lecture included a case study about Broad Peak.,"[""The"", ""lecture"", ""included"", ""a"", ""case"", ""study"", ""about"", ""Broad"", ""Peak"", "".""]","[""O"", ""O"", ""O"", ""O"", ""O"", ""O"", ""O"", ""B-MOUNTAIN"", ""I-MOUNTAIN"", ""O""]","[{""start"": 40, ""end"": 50, ""label"": ""MOUNTAIN"", ""text"": ""Broad Peak""}]",synthetic_positive_single
train-00493,A documentary crew filmed near Mount Cameroon.,"[""A"", ""documentary"", ""crew"", ""filmed"", ""near"", ""Mount"", ""Cameroon"", "".""]","[""O"", ""O"", ""O"", ""O"", ""O"", ""B-MOUNTAIN"", ""I-MOUNTAIN"", ""O""]","[{""start"": 31, ""end"": 45, ""label"": ""MOUNTAIN"", ""text"": ""Mount Cameroon""}]",synthetic_positive_single
train-00494,An avalanche warning was issued for the area around Mount Jefferson.,"[""An"", ""avalanche"", ""warning"", ""was"", ""issued"", ""for"", ""the"", ""area"", ""around"", ""Mount"", ""Jefferson"", "".""]","[""O"", ""O"", ""O"", ""O"", ""O"", ""O"", ""O"", ""O"", ""O"", ""B-MOUNTAIN"", ""I-MOUNTAIN"", ""O""]","[{""start"": 52, ""end"": 67, ""label"": ""MOUNTAIN"", ""text"": ""Mount Jefferson""}]",synthetic_positive_single
train-00495,Our map marks Huayna Potosi with a red triangle.,"[""Our"", ""map"", ""marks"", ""Huayna"", ""Potosi"", ""with"", ""a"", ""red"", ""triangle"", "".""]","[""O"", ""O"", ""O"", ""B-MOUNTAIN"", ""I-MOUNTAIN"", ""O"", ""O"", ""O"", ""O"", ""O""]","[{""start"": 14, ""end"": 27, ""label"": ""MOUNTAIN"", ""text"": ""Huayna Potosi""}]",synthetic_positive_single
train-00496,We could clearly see Mount Elbrus from the valley.,"[""We"", ""could"", ""clearly"", ""see"", ""Mount"", ""Elbrus"", ""from"", ""the"", ""valley"", "".""]","[""O"", ""O"", ""O"", ""O"", ""B-MOUNTAIN"", ""I-MOUNTAIN"", ""O"", ""O"", ""O"", ""O""]","[{""start"": 21, ""end"": 33, ""label"": ""MOUNTAIN"", ""text"": ""Mount Elbrus""}]",synthetic_positive_single
train-00497,"According to the itinerary, Mount Lucania is the main destination.","[""According"", ""to"", ""the"", ""itinerary"", "","", ""Mount"", ""Lucania"", ""is"", ""the"", ""main"", ""destination"", "".""]","[""O"", ""O"", ""O"", ""O"", ""O"", ""B-MOUNTAIN"", ""I-MOUNTAIN"", ""O"", ""O"", ""O"", ""O"", ""O""]","[{""start"": 28, ""end"": 41, ""label"": ""MOUNTAIN"", ""text"": ""Mount Lucania""}]",synthetic_positive_single
train-00498,The climbing club discussed the algorithm before lunch.,"[""The"", ""climbing"", ""club"", ""discussed"", ""the"", ""algorithm"", ""before"", ""lunch"", "".""]","[""O"", ""O"", ""O"", ""O"", ""O"", ""O"", ""O"", ""O"", ""O""]",[],synthetic_negative
train-00499,We could clearly see Scafell Pike from the valley.,"[""We"", ""could"", ""clearly"", ""see"", ""Scafell"", ""Pike"", ""from"", ""the"", ""valley"", "".""]","[""O"", ""O"", ""O"", ""O"", ""B-MOUNTAIN"", ""I-MOUNTAIN"", ""O"", ""O"", ""O"", ""O""]","[{""start"": 21, ""end"": 33, ""label"": ""MOUNTAIN"", ""text"": ""Scafell Pike""}]",synthetic_positive_single
train-00500,The rescue unit printed the ridge map in the laboratory.,"[""The"", ""rescue"", ""unit"", ""printed"", ""the"", ""ridge"", ""map"", ""in"", ""the"", ""laboratory"", "".""]","[""O"", ""O"", ""O"", ""O"", ""O"", ""O"", ""O"", ""O"", ""O"", ""O"", ""O""]",[],synthetic_negative
train-00501,The museum curator shared the sensor reading during the meeting.,"[""The"", ""museum"", ""curator"", ""shared"", ""the"", ""sensor"", ""reading"", ""during"", ""the"", ""meeting"", "".""]","[""O"", ""O"", ""O"", ""O"", ""O"", ""O"", ""O"", ""O"", ""O"", ""O"", ""O""]",[],synthetic_negative
train-00502,The weather changed quickly as they approached Eiger.,"[""The"", ""weather"", ""changed"", ""quickly"", ""as"", ""they"", ""approached"", ""Eiger"", "".""]","[""O"", ""O"", ""O"", ""O"", ""O"", ""O"", ""O"", ""B-MOUNTAIN"", ""O""]","[{""start"": 47, ""end"": 52, ""label"": ""MOUNTAIN"", ""text"": ""Eiger""}]",synthetic_positive_single
train-00503,The peak value appears in the second column.,"[""The"", ""peak"", ""value"", ""appears"", ""in"", ""the"", ""second"", ""column"", "".""]","[""O"", ""O"", ""O"", ""O"", ""O"", ""O"", ""O"", ""O"", ""O""]",[],synthetic_hard_negative
train-00504,"Unlike Jebel Toubkal, Gasherbrum II was hidden by clouds.","[""Unlike"", ""Jebel"", ""Toubkal"", "","", ""Gasherbrum"", ""II"", ""was"", ""hidden"", ""by"", ""clouds"", "".""]","[""O"", ""B-MOUNTAIN"", ""I-MOUNTAIN"", ""O"", ""B-MOUNTAIN"", ""I-MOUNTAIN"", ""O"", ""O"", ""O"", ""O"", ""O""]","[{""start"": 7, ""end"": 20, ""label"": ""MOUNTAIN"", ""text"": ""Jebel Toubkal""}, {""start"": 22, ""end"": 35, ""label"": ""MOUNTAIN"", ""text"": ""Gasherbrum II""}]",synthetic_positive_multi
train-00505,"Yesterday, Mount Meru was barely visible through the mist.","[""Yesterday"", "","", ""Mount"", ""Meru"", ""was"", ""barely"", ""visible"", ""through"", ""the"", ""mist"", "".""]","[""O"", ""O"", ""B-MOUNTAIN"", ""I-MOUNTAIN"", ""O"", ""O"", ""O"", ""O"", ""O"", ""O"", ""O""]","[{""start"": 11, ""end"": 21, ""label"": ""MOUNTAIN"", ""text"": ""Mount Meru""}]",synthetic_positive_single
train-00506,Mount Shasta and Hoverla were both visible from the aircraft.,"[""Mount"", ""Shasta"", ""and"", ""Hoverla"", ""were"", ""both"", ""visible"", ""from"", ""the"", ""aircraft"", "".""]","[""B-MOUNTAIN"", ""I-MOUNTAIN"", ""O"", ""B-MOUNTAIN"", ""O"", ""O"", ""O"", ""O"", ""O"", ""O"", ""O""]","[{""start"": 0, ""end"": 12, ""label"": ""MOUNTAIN"", ""text"": ""Mount Shasta""}, {""start"": 17, ""end"": 24, ""label"": ""MOUNTAIN"", ""text"": ""Hoverla""}]",synthetic_positive_multi
train-00507,The rescue unit approved the forest trail before the deadline.,"[""The"", ""rescue"", ""unit"", ""approved"", ""the"", ""forest"", ""trail"", ""before"", ""the"", ""deadline"", "".""]","[""O"", ""O"", ""O"", ""O"", ""O"", ""O"", ""O"", ""O"", ""O"", ""O"", ""O""]",[],synthetic_negative
train-00508,The university department published the conference program at the airport.,"[""The"", ""university"", ""department"", ""published"", ""the"", ""conference"", ""program"", ""at"", ""the"", ""airport"", "".""]","[""O"", ""O"", ""O"", ""O"", ""O"", ""O"", ""O"", ""O"", ""O"", ""O"", ""O""]",[],synthetic_negative
train-00509,The research team shared the cliff photograph on Monday.,"[""The"", ""research"", ""team"", ""shared"", ""the"", ""cliff"", ""photograph"", ""on"", ""Monday"", "".""]","[""O"", ""O"", ""O"", ""O"", ""O"", ""O"", ""O"", ""O"", ""O"", ""O""]",[],synthetic_negative
train-00510,The mapping agency published the sensor reading before lunch.,"[""The"", ""mapping"", ""agency"", ""published"", ""the"", ""sensor"", ""reading"", ""before"", ""lunch"", "".""]","[""O"", ""O"", ""O"", ""O"", ""O"", ""O"", ""O"", ""O"", ""O"", ""O""]",[],synthetic_negative
train-00511,A small village lies below Shishapangma.,"[""A"", ""small"", ""village"", ""lies"", ""below"", ""Shishapangma"", "".""]","[""O"", ""O"", ""O"", ""O"", ""O"", ""B-MOUNTAIN"", ""O""]","[{""start"": 27, ""end"": 39, ""label"": ""MOUNTAIN"", ""text"": ""Shishapangma""}]",synthetic_positive_single
train-00512,The travel company compared the aircraft after the presentation.,"[""The"", ""travel"", ""company"", ""compared"", ""the"", ""aircraft"", ""after"", ""the"", ""presentation"", "".""]","[""O"", ""O"", ""O"", ""O"", ""O"", ""O"", ""O"", ""O"", ""O"", ""O""]",[],synthetic_negative
train-00513,The museum curator compared the validation result in the laboratory.,"[""The"", ""museum"", ""curator"", ""compared"", ""the"", ""validation"", ""result"", ""in"", ""the"", ""laboratory"", "".""]","[""O"", ""O"", ""O"", ""O"", ""O"", ""O"", ""O"", ""O"", ""O"", ""O"", ""O""]",[],synthetic_negative
train-00514,The expedition reached the summit of Ben Nevis before noon.,"[""The"", ""expedition"", ""reached"", ""the"", ""summit"", ""of"", ""Ben"", ""Nevis"", ""before"", ""noon"", "".""]","[""O"", ""O"", ""O"", ""O"", ""O"", ""O"", ""B-MOUNTAIN"", ""I-MOUNTAIN"", ""O"", ""O"", ""O""]","[{""start"": 37, ""end"": 46, ""label"": ""MOUNTAIN"", ""text"": ""Ben Nevis""}]",synthetic_positive_single
train-00515,The photograph shows Haleakala at sunrise.,"[""The"", ""photograph"", ""shows"", ""Haleakala"", ""at"", ""sunrise"", "".""]","[""O"", ""O"", ""O"", ""B-MOUNTAIN"", ""O"", ""O"", ""O""]","[{""start"": 21, ""end"": 30, ""label"": ""MOUNTAIN"", ""text"": ""Haleakala""}]",synthetic_positive_single
train-00516,Several routes lead toward the summit of Mount Fairweather.,"[""Several"", ""routes"", ""lead"", ""toward"", ""the"", ""summit"", ""of"", ""Mount"", ""Fairweather"", "".""]","[""O"", ""O"", ""O"", ""O"", ""O"", ""O"", ""O"", ""B-MOUNTAIN"", ""I-MOUNTAIN"", ""O""]","[{""start"": 41, ""end"": 58, ""label"": ""MOUNTAIN"", ""text"": ""Mount Fairweather""}]",synthetic_positive_single
train-00517,The climbing club updated the forest trail at the office.,"[""The"", ""climbing"", ""club"", ""updated"", ""the"", ""forest"", ""trail"", ""at"", ""the"", ""office"", "".""]","[""O"", ""O"", ""O"", ""O"", ""O"", ""O"", ""O"", ""O"", ""O"", ""O"", ""O""]",[],synthetic_negative
train-00518,The tourist group compared the ridge map in the final report.,"[""The"", ""tourist"", ""group"", ""compared"", ""the"", ""ridge"", ""map"", ""in"", ""the"", ""final"", ""report"", "".""]","[""O"", ""O"", ""O"", ""O"", ""O"", ""O"", ""O"", ""O"", ""O"", ""O"", ""O"", ""O""]",[],synthetic_negative
train-00519,"Unlike Mount Damavand, Mount Semeru was hidden by clouds.","[""Unlike"", ""Mount"", ""Damavand"", "","", ""Mount"", ""Semeru"", ""was"", ""hidden"", ""by"", ""clouds"", "".""]","[""O"", ""B-MOUNTAIN"", ""I-MOUNTAIN"", ""O"", ""B-MOUNTAIN"", ""I-MOUNTAIN"", ""O"", ""O"", ""O"", ""O"", ""O""]","[{""start"": 7, ""end"": 21, ""label"": ""MOUNTAIN"", ""text"": ""Mount Damavand""}, {""start"": 23, ""end"": 35, ""label"": ""MOUNTAIN"", ""text"": ""Mount Semeru""}]",synthetic_positive_multi
train-00520,Weather stations near Mount Kenya and Ol Doinyo Lengai recorded strong winds.,"[""Weather"", ""stations"", ""near"", ""Mount"", ""Kenya"", ""and"", ""Ol"", ""Doinyo"", ""Lengai"", ""recorded"", ""strong"", ""winds"", "".""]","[""O"", ""O"", ""O"", ""B-MOUNTAIN"", ""I-MOUNTAIN"", ""O"", ""B-MOUNTAIN"", ""I-MOUNTAIN"", ""I-MOUNTAIN"", ""O"", ""O"", ""O"", ""O""]","[{""start"": 22, ""end"": 33, ""label"": ""MOUNTAIN"", ""text"": ""Mount Kenya""}, {""start"": 38, ""end"": 54, ""label"": ""MOUNTAIN"", ""text"": ""Ol Doinyo Lengai""}]",synthetic_positive_multi
train-00521,Our route passes near Mount Robson before turning toward Mount Columbia.,"[""Our"", ""route"", ""passes"", ""near"", ""Mount"", ""Robson"", ""before"", ""turning"", ""toward"", ""Mount"", ""Columbia"", "".""]","[""O"", ""O"", ""O"", ""O"", ""B-MOUNTAIN"", ""I-MOUNTAIN"", ""O"", ""O"", ""O"", ""B-MOUNTAIN"", ""I-MOUNTAIN"", ""O""]","[{""start"": 22, ""end"": 34, ""label"": ""MOUNTAIN"", ""text"": ""Mount Robson""}, {""start"": 57, ""end"": 71, ""label"": ""MOUNTAIN"", ""text"": ""Mount Columbia""}]",synthetic_positive_multi
train-00522,"She has photographed Denali, Mount Dampier, and several nearby peaks.","[""She"", ""has"", ""photographed"", ""Denali"", "","", ""Mount"", ""Dampier"", "","", ""and"", ""several"", ""nearby"", ""peaks"", "".""]","[""O"", ""O"", ""O"", ""B-MOUNTAIN"", ""O"", ""B-MOUNTAIN"", ""I-MOUNTAIN"", ""O"", ""O"", ""O"", ""O"", ""O"", ""O""]","[{""start"": 21, ""end"": 27, ""label"": ""MOUNTAIN"", ""text"": ""Denali""}, {""start"": 29, ""end"": 42, ""label"": ""MOUNTAIN"", ""text"": ""Mount Dampier""}]",synthetic_positive_multi
train-00523,"According to the itinerary, Ol Doinyo Lengai is the main destination.","[""According"", ""to"", ""the"", ""itinerary"", "","", ""Ol"", ""Doinyo"", ""Lengai"", ""is"", ""the"", ""main"", ""destination"", "".""]","[""O"", ""O"", ""O"", ""O"", ""O"", ""B-MOUNTAIN"", ""I-MOUNTAIN"", ""I-MOUNTAIN"", ""O"", ""O"", ""O"", ""O"", ""O""]","[{""start"": 28, ""end"": 44, ""label"": ""MOUNTAIN"", ""text"": ""Ol Doinyo Lengai""}]",synthetic_positive_single
train-00524,The weather service checked the ridge map in the laboratory.,"[""The"", ""weather"", ""service"", ""checked"", ""the"", ""ridge"", ""map"", ""in"", ""the"", ""laboratory"", "".""]","[""O"", ""O"", ""O"", ""O"", ""O"", ""O"", ""O"", ""O"", ""O"", ""O"", ""O""]",[],synthetic_negative
train-00525,The glacier on Mount Nyiragongo has retreated in recent decades.,"[""The"", ""glacier"", ""on"", ""Mount"", ""Nyiragongo"", ""has"", ""retreated"", ""in"", ""recent"", ""decades"", "".""]","[""O"", ""O"", ""O"", ""B-MOUNTAIN"", ""I-MOUNTAIN"", ""O"", ""O"", ""O"", ""O"", ""O"", ""O""]","[{""start"": 15, ""end"": 31, ""label"": ""MOUNTAIN"", ""text"": ""Mount Nyiragongo""}]",synthetic_positive_single
train-00526,"According to the itinerary, Pikes Peak is the main destination.","[""According"", ""to"", ""the"", ""itinerary"", "","", ""Pikes"", ""Peak"", ""is"", ""the"", ""main"", ""destination"", "".""]","[""O"", ""O"", ""O"", ""O"", ""O"", ""B-MOUNTAIN"", ""I-MOUNTAIN"", ""O"", ""O"", ""O"", ""O"", ""O""]","[{""start"": 28, ""end"": 38, ""label"": ""MOUNTAIN"", ""text"": ""Pikes Peak""}]",synthetic_positive_single
train-00527,Snow remained on the upper slopes of Mount Etna.,"[""Snow"", ""remained"", ""on"", ""the"", ""upper"", ""slopes"", ""of"", ""Mount"", ""Etna"", "".""]","[""O"", ""O"", ""O"", ""O"", ""O"", ""O"", ""O"", ""B-MOUNTAIN"", ""I-MOUNTAIN"", ""O""]","[{""start"": 37, ""end"": 47, ""label"": ""MOUNTAIN"", ""text"": ""Mount Etna""}]",synthetic_positive_single
train-00528,The team measured snow depth on Mount Silverthrone.,"[""The"", ""team"", ""measured"", ""snow"", ""depth"", ""on"", ""Mount"", ""Silverthrone"", "".""]","[""O"", ""O"", ""O"", ""O"", ""O"", ""O"", ""B-MOUNTAIN"", ""I-MOUNTAIN"", ""O""]","[{""start"": 32, ""end"": 50, ""label"": ""MOUNTAIN"", ""text"": ""Mount Silverthrone""}]",synthetic_positive_single
train-00529,An avalanche warning was issued for the area around Mount Tasman.,"[""An"", ""avalanche"", ""warning"", ""was"", ""issued"", ""for"", ""the"", ""area"", ""around"", ""Mount"", ""Tasman"", "".""]","[""O"", ""O"", ""O"", ""O"", ""O"", ""O"", ""O"", ""O"", ""O"", ""B-MOUNTAIN"", ""I-MOUNTAIN"", ""O""]","[{""start"": 52, ""end"": 64, ""label"": ""MOUNTAIN"", ""text"": ""Mount Tasman""}]",synthetic_positive_single
train-00530,Snow remained on the upper slopes of Sajama.,"[""Snow"", ""remained"", ""on"", ""the"", ""upper"", ""slopes"", ""of"", ""Sajama"", "".""]","[""O"", ""O"", ""O"", ""O"", ""O"", ""O"", ""O"", ""B-MOUNTAIN"", ""O""]","[{""start"": 37, ""end"": 43, ""label"": ""MOUNTAIN"", ""text"": ""Sajama""}]",synthetic_positive_single
train-00531,Mount Saint Elias and Mount Hicks were both visible from the aircraft.,"[""Mount"", ""Saint"", ""Elias"", ""and"", ""Mount"", ""Hicks"", ""were"", ""both"", ""visible"", ""from"", ""the"", ""aircraft"", "".""]","[""B-MOUNTAIN"", ""I-MOUNTAIN"", ""I-MOUNTAIN"", ""O"", ""B-MOUNTAIN"", ""I-MOUNTAIN"", ""O"", ""O"", ""O"", ""O"", ""O"", ""O"", ""O""]","[{""start"": 0, ""end"": 17, ""label"": ""MOUNTAIN"", ""text"": ""Mount Saint Elias""}, {""start"": 22, ""end"": 33, ""label"": ""MOUNTAIN"", ""text"": ""Mount Hicks""}]",synthetic_positive_multi
train-00532,"Despite the forecast, the climbers continued toward Cerro Torre.","[""Despite"", ""the"", ""forecast"", "","", ""the"", ""climbers"", ""continued"", ""toward"", ""Cerro"", ""Torre"", "".""]","[""O"", ""O"", ""O"", ""O"", ""O"", ""O"", ""O"", ""O"", ""B-MOUNTAIN"", ""I-MOUNTAIN"", ""O""]","[{""start"": 52, ""end"": 63, ""label"": ""MOUNTAIN"", ""text"": ""Cerro Torre""}]",synthetic_positive_single
train-00533,The team measured snow depth on Mount Mitchell.,"[""The"", ""team"", ""measured"", ""snow"", ""depth"", ""on"", ""Mount"", ""Mitchell"", "".""]","[""O"", ""O"", ""O"", ""O"", ""O"", ""O"", ""B-MOUNTAIN"", ""I-MOUNTAIN"", ""O""]","[{""start"": 32, ""end"": 46, ""label"": ""MOUNTAIN"", ""text"": ""Mount Mitchell""}]",synthetic_positive_single
train-00534,Researchers installed weather sensors on Mount Whitney.,"[""Researchers"", ""installed"", ""weather"", ""sensors"", ""on"", ""Mount"", ""Whitney"", "".""]","[""O"", ""O"", ""O"", ""O"", ""O"", ""B-MOUNTAIN"", ""I-MOUNTAIN"", ""O""]","[{""start"": 41, ""end"": 54, ""label"": ""MOUNTAIN"", ""text"": ""Mount Whitney""}]",synthetic_positive_single
train-00535,"She has photographed Mount Nyiragongo, Mount Cameroon, and several nearby peaks.","[""She"", ""has"", ""photographed"", ""Mount"", ""Nyiragongo"", "","", ""Mount"", ""Cameroon"", "","", ""and"", ""several"", ""nearby"", ""peaks"", "".""]","[""O"", ""O"", ""O"", ""B-MOUNTAIN"", ""I-MOUNTAIN"", ""O"", ""B-MOUNTAIN"", ""I-MOUNTAIN"", ""O"", ""O"", ""O"", ""O"", ""O"", ""O""]","[{""start"": 21, ""end"": 37, ""label"": ""MOUNTAIN"", ""text"": ""Mount Nyiragongo""}, {""start"": 39, ""end"": 53, ""label"": ""MOUNTAIN"", ""text"": ""Mount Cameroon""}]",synthetic_positive_multi
train-00536,He plans to study glaciers on Haleakala and Mount Baker.,"[""He"", ""plans"", ""to"", ""study"", ""glaciers"", ""on"", ""Haleakala"", ""and"", ""Mount"", ""Baker"", "".""]","[""O"", ""O"", ""O"", ""O"", ""O"", ""O"", ""B-MOUNTAIN"", ""O"", ""B-MOUNTAIN"", ""I-MOUNTAIN"", ""O""]","[{""start"": 30, ""end"": 39, ""label"": ""MOUNTAIN"", ""text"": ""Haleakala""}, {""start"": 44, ""end"": 55, ""label"": ""MOUNTAIN"", ""text"": ""Mount Baker""}]",synthetic_positive_multi
train-00537,The local council published the glacier report at the office.,"[""The"", ""local"", ""council"", ""published"", ""the"", ""glacier"", ""report"", ""at"", ""the"", ""office"", "".""]","[""O"", ""O"", ""O"", ""O"", ""O"", ""O"", ""O"", ""O"", ""O"", ""O"", ""O""]",[],synthetic_negative
train-00538,The climbing club checked the algorithm at the office.,"[""The"", ""climbing"", ""club"", ""checked"", ""the"", ""algorithm"", ""at"", ""the"", ""office"", "".""]","[""O"", ""O"", ""O"", ""O"", ""O"", ""O"", ""O"", ""O"", ""O"", ""O""]",[],synthetic_negative
train-00539,Images of Mount Augusta were placed beside photographs of Manaslu.,"[""Images"", ""of"", ""Mount"", ""Augusta"", ""were"", ""placed"", ""beside"", ""photographs"", ""of"", ""Manaslu"", "".""]","[""O"", ""O"", ""B-MOUNTAIN"", ""I-MOUNTAIN"", ""O"", ""O"", ""O"", ""O"", ""O"", ""B-MOUNTAIN"", ""O""]","[{""start"": 10, ""end"": 23, ""label"": ""MOUNTAIN"", ""text"": ""Mount Augusta""}, {""start"": 58, ""end"": 65, ""label"": ""MOUNTAIN"", ""text"": ""Manaslu""}]",synthetic_positive_multi
train-00540,The lecture included a case study about Annapurna.,"[""The"", ""lecture"", ""included"", ""a"", ""case"", ""study"", ""about"", ""Annapurna"", "".""]","[""O"", ""O"", ""O"", ""O"", ""O"", ""O"", ""O"", ""B-MOUNTAIN"", ""O""]","[{""start"": 40, ""end"": 49, ""label"": ""MOUNTAIN"", ""text"": ""Annapurna""}]",synthetic_positive_single
train-00541,The film crew updated the ridge map in the final report.,"[""The"", ""film"", ""crew"", ""updated"", ""the"", ""ridge"", ""map"", ""in"", ""the"", ""final"", ""report"", "".""]","[""O"", ""O"", ""O"", ""O"", ""O"", ""O"", ""O"", ""O"", ""O"", ""O"", ""O"", ""O""]",[],synthetic_negative
train-00542,She hopes to climb Mount Ruapehu next year.,"[""She"", ""hopes"", ""to"", ""climb"", ""Mount"", ""Ruapehu"", ""next"", ""year"", "".""]","[""O"", ""O"", ""O"", ""O"", ""B-MOUNTAIN"", ""I-MOUNTAIN"", ""O"", ""O"", ""O""]","[{""start"": 19, ""end"": 32, ""label"": ""MOUNTAIN"", ""text"": ""Mount Ruapehu""}]",synthetic_positive_single
train-00543,Weather stations near Snowdon and Mount Tate recorded strong winds.,"[""Weather"", ""stations"", ""near"", ""Snowdon"", ""and"", ""Mount"", ""Tate"", ""recorded"", ""strong"", ""winds"", "".""]","[""O"", ""O"", ""O"", ""B-MOUNTAIN"", ""O"", ""B-MOUNTAIN"", ""I-MOUNTAIN"", ""O"", ""O"", ""O"", ""O""]","[{""start"": 22, ""end"": 29, ""label"": ""MOUNTAIN"", ""text"": ""Snowdon""}, {""start"": 34, ""end"": 44, ""label"": ""MOUNTAIN"", ""text"": ""Mount Tate""}]",synthetic_positive_multi
train-00544,The guide warned us not to underestimate Mount Sefton.,"[""The"", ""guide"", ""warned"", ""us"", ""not"", ""to"", ""underestimate"", ""Mount"", ""Sefton"", "".""]","[""O"", ""O"", ""O"", ""O"", ""O"", ""O"", ""O"", ""B-MOUNTAIN"", ""I-MOUNTAIN"", ""O""]","[{""start"": 41, ""end"": 53, ""label"": ""MOUNTAIN"", ""text"": ""Mount Sefton""}]",synthetic_positive_single
train-00545,The lecture included a case study about Mount Dampier.,"[""The"", ""lecture"", ""included"", ""a"", ""case"", ""study"", ""about"", ""Mount"", ""Dampier"", "".""]","[""O"", ""O"", ""O"", ""O"", ""O"", ""O"", ""O"", ""B-MOUNTAIN"", ""I-MOUNTAIN"", ""O""]","[{""start"": 40, ""end"": 53, ""label"": ""MOUNTAIN"", ""text"": ""Mount Dampier""}]",synthetic_positive_single
train-00546,The northern face of Mount Hubbard looked almost vertical.,"[""The"", ""northern"", ""face"", ""of"", ""Mount"", ""Hubbard"", ""looked"", ""almost"", ""vertical"", "".""]","[""O"", ""O"", ""O"", ""O"", ""B-MOUNTAIN"", ""I-MOUNTAIN"", ""O"", ""O"", ""O"", ""O""]","[{""start"": 21, ""end"": 34, ""label"": ""MOUNTAIN"", ""text"": ""Mount Hubbard""}]",synthetic_positive_single
train-00547,The route to Huascaran was closed after the storm.,"[""The"", ""route"", ""to"", ""Huascaran"", ""was"", ""closed"", ""after"", ""the"", ""storm"", "".""]","[""O"", ""O"", ""O"", ""B-MOUNTAIN"", ""O"", ""O"", ""O"", ""O"", ""O"", ""O""]","[{""start"": 13, ""end"": 22, ""label"": ""MOUNTAIN"", ""text"": ""Huascaran""}]",synthetic_positive_single
train-00548,The local council updated the product range during the meeting.,"[""The"", ""local"", ""council"", ""updated"", ""the"", ""product"", ""range"", ""during"", ""the"", ""meeting"", "".""]","[""O"", ""O"", ""O"", ""O"", ""O"", ""O"", ""O"", ""O"", ""O"", ""O"", ""O""]",[],synthetic_negative
train-00549,The team measured snow depth on Gasherbrum I.,"[""The"", ""team"", ""measured"", ""snow"", ""depth"", ""on"", ""Gasherbrum"", ""I"", "".""]","[""O"", ""O"", ""O"", ""O"", ""O"", ""O"", ""B-MOUNTAIN"", ""I-MOUNTAIN"", ""O""]","[{""start"": 32, ""end"": 44, ""label"": ""MOUNTAIN"", ""text"": ""Gasherbrum I""}]",synthetic_positive_single
train-00550,A documentary crew filmed near Mount Hood.,"[""A"", ""documentary"", ""crew"", ""filmed"", ""near"", ""Mount"", ""Hood"", "".""]","[""O"", ""O"", ""O"", ""O"", ""O"", ""B-MOUNTAIN"", ""I-MOUNTAIN"", ""O""]","[{""start"": 31, ""end"": 41, ""label"": ""MOUNTAIN"", ""text"": ""Mount Hood""}]",synthetic_positive_single
train-00551,Snow remained on the upper slopes of Petros.,"[""Snow"", ""remained"", ""on"", ""the"", ""upper"", ""slopes"", ""of"", ""Petros"", "".""]","[""O"", ""O"", ""O"", ""O"", ""O"", ""O"", ""O"", ""B-MOUNTAIN"", ""O""]","[{""start"": 37, ""end"": 43, ""label"": ""MOUNTAIN"", ""text"": ""Petros""}]",synthetic_positive_single
train-00552,We could clearly see Mount Rainier from the valley.,"[""We"", ""could"", ""clearly"", ""see"", ""Mount"", ""Rainier"", ""from"", ""the"", ""valley"", "".""]","[""O"", ""O"", ""O"", ""O"", ""B-MOUNTAIN"", ""I-MOUNTAIN"", ""O"", ""O"", ""O"", ""O""]","[{""start"": 21, ""end"": 34, ""label"": ""MOUNTAIN"", ""text"": ""Mount Rainier""}]",synthetic_positive_single
train-00553,Snow remained on the upper slopes of Mount Cameroon.,"[""Snow"", ""remained"", ""on"", ""the"", ""upper"", ""slopes"", ""of"", ""Mount"", ""Cameroon"", "".""]","[""O"", ""O"", ""O"", ""O"", ""O"", ""O"", ""O"", ""B-MOUNTAIN"", ""I-MOUNTAIN"", ""O""]","[{""start"": 37, ""end"": 51, ""label"": ""MOUNTAIN"", ""text"": ""Mount Cameroon""}]",synthetic_positive_single
train-00554,Researchers installed weather sensors on Shishapangma.,"[""Researchers"", ""installed"", ""weather"", ""sensors"", ""on"", ""Shishapangma"", "".""]","[""O"", ""O"", ""O"", ""O"", ""O"", ""B-MOUNTAIN"", ""O""]","[{""start"": 41, ""end"": 53, ""label"": ""MOUNTAIN"", ""text"": ""Shishapangma""}]",synthetic_positive_single
train-00555,The research team reviewed the sensor reading during the conference.,"[""The"", ""research"", ""team"", ""reviewed"", ""the"", ""sensor"", ""reading"", ""during"", ""the"", ""conference"", "".""]","[""O"", ""O"", ""O"", ""O"", ""O"", ""O"", ""O"", ""O"", ""O"", ""O"", ""O""]",[],synthetic_negative
train-00556,"By late afternoon, shadows had covered the slopes of Mount Erebus.","[""By"", ""late"", ""afternoon"", "","", ""shadows"", ""had"", ""covered"", ""the"", ""slopes"", ""of"", ""Mount"", ""Erebus"", "".""]","[""O"", ""O"", ""O"", ""O"", ""O"", ""O"", ""O"", ""O"", ""O"", ""O"", ""B-MOUNTAIN"", ""I-MOUNTAIN"", ""O""]","[{""start"": 53, ""end"": 65, ""label"": ""MOUNTAIN"", ""text"": ""Mount Erebus""}]",synthetic_positive_single
train-00557,The tourist group published the forest trail at the office.,"[""The"", ""tourist"", ""group"", ""published"", ""the"", ""forest"", ""trail"", ""at"", ""the"", ""office"", "".""]","[""O"", ""O"", ""O"", ""O"", ""O"", ""O"", ""O"", ""O"", ""O"", ""O"", ""O""]",[],synthetic_negative
train-00558,A new trail provides access to Mount Shasta.,"[""A"", ""new"", ""trail"", ""provides"", ""access"", ""to"", ""Mount"", ""Shasta"", "".""]","[""O"", ""O"", ""O"", ""O"", ""O"", ""O"", ""B-MOUNTAIN"", ""I-MOUNTAIN"", ""O""]","[{""start"": 31, ""end"": 43, ""label"": ""MOUNTAIN"", ""text"": ""Mount Shasta""}]",synthetic_positive_single
train-00559,Wind speeds increased rapidly around Mount Washington.,"[""Wind"", ""speeds"", ""increased"", ""rapidly"", ""around"", ""Mount"", ""Washington"", "".""]","[""O"", ""O"", ""O"", ""O"", ""O"", ""B-MOUNTAIN"", ""I-MOUNTAIN"", ""O""]","[{""start"": 37, ""end"": 53, ""label"": ""MOUNTAIN"", ""text"": ""Mount Washington""}]",synthetic_positive_single
train-00560,"During the spring survey, scientists visited Mount Everest.","[""During"", ""the"", ""spring"", ""survey"", "","", ""scientists"", ""visited"", ""Mount"", ""Everest"", "".""]","[""O"", ""O"", ""O"", ""O"", ""O"", ""O"", ""O"", ""B-MOUNTAIN"", ""I-MOUNTAIN"", ""O""]","[{""start"": 45, ""end"": 58, ""label"": ""MOUNTAIN"", ""text"": ""Mount Everest""}]",synthetic_positive_single
train-00561,The route to Mount Aspiring was closed after the storm.,"[""The"", ""route"", ""to"", ""Mount"", ""Aspiring"", ""was"", ""closed"", ""after"", ""the"", ""storm"", "".""]","[""O"", ""O"", ""O"", ""B-MOUNTAIN"", ""I-MOUNTAIN"", ""O"", ""O"", ""O"", ""O"", ""O"", ""O""]","[{""start"": 13, ""end"": 27, ""label"": ""MOUNTAIN"", ""text"": ""Mount Aspiring""}]",synthetic_positive_single
train-00562,The map labels both Mount Rinjani and Machapuchare.,"[""The"", ""map"", ""labels"", ""both"", ""Mount"", ""Rinjani"", ""and"", ""Machapuchare"", "".""]","[""O"", ""O"", ""O"", ""O"", ""B-MOUNTAIN"", ""I-MOUNTAIN"", ""O"", ""B-MOUNTAIN"", ""O""]","[{""start"": 20, ""end"": 33, ""label"": ""MOUNTAIN"", ""text"": ""Mount Rinjani""}, {""start"": 38, ""end"": 50, ""label"": ""MOUNTAIN"", ""text"": ""Machapuchare""}]",synthetic_positive_multi
train-00563,The expedition reached the summit of Mount Erebus before noon.,"[""The"", ""expedition"", ""reached"", ""the"", ""summit"", ""of"", ""Mount"", ""Erebus"", ""before"", ""noon"", "".""]","[""O"", ""O"", ""O"", ""O"", ""O"", ""O"", ""B-MOUNTAIN"", ""I-MOUNTAIN"", ""O"", ""O"", ""O""]","[{""start"": 37, ""end"": 49, ""label"": ""MOUNTAIN"", ""text"": ""Mount Erebus""}]",synthetic_positive_single
train-00564,The mapping agency compared the ridge map after the presentation.,"[""The"", ""mapping"", ""agency"", ""compared"", ""the"", ""ridge"", ""map"", ""after"", ""the"", ""presentation"", "".""]","[""O"", ""O"", ""O"", ""O"", ""O"", ""O"", ""O"", ""O"", ""O"", ""O"", ""O""]",[],synthetic_negative
train-00565,The film crew reviewed the ridge map during the conference.,"[""The"", ""film"", ""crew"", ""reviewed"", ""the"", ""ridge"", ""map"", ""during"", ""the"", ""conference"", "".""]","[""O"", ""O"", ""O"", ""O"", ""O"", ""O"", ""O"", ""O"", ""O"", ""O"", ""O""]",[],synthetic_negative
train-00566,Snow remained on the upper slopes of Mount Vancouver.,"[""Snow"", ""remained"", ""on"", ""the"", ""upper"", ""slopes"", ""of"", ""Mount"", ""Vancouver"", "".""]","[""O"", ""O"", ""O"", ""O"", ""O"", ""O"", ""O"", ""B-MOUNTAIN"", ""I-MOUNTAIN"", ""O""]","[{""start"": 37, ""end"": 52, ""label"": ""MOUNTAIN"", ""text"": ""Mount Vancouver""}]",synthetic_positive_single
train-00567,An avalanche warning was issued for the area around Mount Taranaki.,"[""An"", ""avalanche"", ""warning"", ""was"", ""issued"", ""for"", ""the"", ""area"", ""around"", ""Mount"", ""Taranaki"", "".""]","[""O"", ""O"", ""O"", ""O"", ""O"", ""O"", ""O"", ""O"", ""O"", ""B-MOUNTAIN"", ""I-MOUNTAIN"", ""O""]","[{""start"": 52, ""end"": 66, ""label"": ""MOUNTAIN"", ""text"": ""Mount Taranaki""}]",synthetic_positive_single
train-00568,"After weeks of preparation, the group departed for Jebel Toubkal.","[""After"", ""weeks"", ""of"", ""preparation"", "","", ""the"", ""group"", ""departed"", ""for"", ""Jebel"", ""Toubkal"", "".""]","[""O"", ""O"", ""O"", ""O"", ""O"", ""O"", ""O"", ""O"", ""O"", ""B-MOUNTAIN"", ""I-MOUNTAIN"", ""O""]","[{""start"": 51, ""end"": 64, ""label"": ""MOUNTAIN"", ""text"": ""Jebel Toubkal""}]",synthetic_positive_single
train-00569,Snow remained on the upper slopes of Fansipan.,"[""Snow"", ""remained"", ""on"", ""the"", ""upper"", ""slopes"", ""of"", ""Fansipan"", "".""]","[""O"", ""O"", ""O"", ""O"", ""O"", ""O"", ""O"", ""B-MOUNTAIN"", ""O""]","[{""start"": 37, ""end"": 45, ""label"": ""MOUNTAIN"", ""text"": ""Fansipan""}]",synthetic_positive_single
train-00570,The rescue unit approved the valley on Monday.,"[""The"", ""rescue"", ""unit"", ""approved"", ""the"", ""valley"", ""on"", ""Monday"", "".""]","[""O"", ""O"", ""O"", ""O"", ""O"", ""O"", ""O"", ""O"", ""O""]",[],synthetic_negative
train-00571,The museum curator reviewed the schedule on Monday.,"[""The"", ""museum"", ""curator"", ""reviewed"", ""the"", ""schedule"", ""on"", ""Monday"", "".""]","[""O"", ""O"", ""O"", ""O"", ""O"", ""O"", ""O"", ""O"", ""O""]",[],synthetic_negative
train-00572,The expedition reached the summit of Mount Kosciuszko before noon.,"[""The"", ""expedition"", ""reached"", ""the"", ""summit"", ""of"", ""Mount"", ""Kosciuszko"", ""before"", ""noon"", "".""]","[""O"", ""O"", ""O"", ""O"", ""O"", ""O"", ""B-MOUNTAIN"", ""I-MOUNTAIN"", ""O"", ""O"", ""O""]","[{""start"": 37, ""end"": 53, ""label"": ""MOUNTAIN"", ""text"": ""Mount Kosciuszko""}]",synthetic_positive_single
train-00573,The route to Mount Bromo was closed after the storm.,"[""The"", ""route"", ""to"", ""Mount"", ""Bromo"", ""was"", ""closed"", ""after"", ""the"", ""storm"", "".""]","[""O"", ""O"", ""O"", ""B-MOUNTAIN"", ""I-MOUNTAIN"", ""O"", ""O"", ""O"", ""O"", ""O"", ""O""]","[{""start"": 13, ""end"": 24, ""label"": ""MOUNTAIN"", ""text"": ""Mount Bromo""}]",synthetic_positive_single
train-00574,The travel company translated the forest trail during the conference.,"[""The"", ""travel"", ""company"", ""translated"", ""the"", ""forest"", ""trail"", ""during"", ""the"", ""conference"", "".""]","[""O"", ""O"", ""O"", ""O"", ""O"", ""O"", ""O"", ""O"", ""O"", ""O"", ""O""]",[],synthetic_negative
train-00575,The route to Mount Vancouver was closed after the storm.,"[""The"", ""route"", ""to"", ""Mount"", ""Vancouver"", ""was"", ""closed"", ""after"", ""the"", ""storm"", "".""]","[""O"", ""O"", ""O"", ""B-MOUNTAIN"", ""I-MOUNTAIN"", ""O"", ""O"", ""O"", ""O"", ""O"", ""O""]","[{""start"": 13, ""end"": 28, ""label"": ""MOUNTAIN"", ""text"": ""Mount Vancouver""}]",synthetic_positive_single
train-00576,The lecture included a case study about Mount Kilimanjaro.,"[""The"", ""lecture"", ""included"", ""a"", ""case"", ""study"", ""about"", ""Mount"", ""Kilimanjaro"", "".""]","[""O"", ""O"", ""O"", ""O"", ""O"", ""O"", ""O"", ""B-MOUNTAIN"", ""I-MOUNTAIN"", ""O""]","[{""start"": 40, ""end"": 57, ""label"": ""MOUNTAIN"", ""text"": ""Mount Kilimanjaro""}]",synthetic_positive_single
train-00577,Wind speeds increased rapidly around Cho Oyu.,"[""Wind"", ""speeds"", ""increased"", ""rapidly"", ""around"", ""Cho"", ""Oyu"", "".""]","[""O"", ""O"", ""O"", ""O"", ""O"", ""B-MOUNTAIN"", ""I-MOUNTAIN"", ""O""]","[{""start"": 37, ""end"": 44, ""label"": ""MOUNTAIN"", ""text"": ""Cho Oyu""}]",synthetic_positive_single
train-00578,A documentary crew filmed near Mount Tasman.,"[""A"", ""documentary"", ""crew"", ""filmed"", ""near"", ""Mount"", ""Tasman"", "".""]","[""O"", ""O"", ""O"", ""O"", ""O"", ""B-MOUNTAIN"", ""I-MOUNTAIN"", ""O""]","[{""start"": 31, ""end"": 43, ""label"": ""MOUNTAIN"", ""text"": ""Mount Tasman""}]",synthetic_positive_single
train-00579,The climbing club checked the sales peak at the airport.,"[""The"", ""climbing"", ""club"", ""checked"", ""the"", ""sales"", ""peak"", ""at"", ""the"", ""airport"", "".""]","[""O"", ""O"", ""O"", ""O"", ""O"", ""O"", ""O"", ""O"", ""O"", ""O"", ""O""]",[],synthetic_negative
train-00580,The northern face of Mount Kazbek looked almost vertical.,"[""The"", ""northern"", ""face"", ""of"", ""Mount"", ""Kazbek"", ""looked"", ""almost"", ""vertical"", "".""]","[""O"", ""O"", ""O"", ""O"", ""B-MOUNTAIN"", ""I-MOUNTAIN"", ""O"", ""O"", ""O"", ""O""]","[{""start"": 21, ""end"": 33, ""label"": ""MOUNTAIN"", ""text"": ""Mount Kazbek""}]",synthetic_positive_single
train-00581,"According to the itinerary, Jungfrau is the main destination.","[""According"", ""to"", ""the"", ""itinerary"", "","", ""Jungfrau"", ""is"", ""the"", ""main"", ""destination"", "".""]","[""O"", ""O"", ""O"", ""O"", ""O"", ""B-MOUNTAIN"", ""O"", ""O"", ""O"", ""O"", ""O""]","[{""start"": 28, ""end"": 36, ""label"": ""MOUNTAIN"", ""text"": ""Jungfrau""}]",synthetic_positive_single
train-00582,The rescue unit approved the research report at the office.,"[""The"", ""rescue"", ""unit"", ""approved"", ""the"", ""research"", ""report"", ""at"", ""the"", ""office"", "".""]","[""O"", ""O"", ""O"", ""O"", ""O"", ""O"", ""O"", ""O"", ""O"", ""O"", ""O""]",[],synthetic_negative
train-00583,The tourist group rejected the sales peak before the deadline.,"[""The"", ""tourist"", ""group"", ""rejected"", ""the"", ""sales"", ""peak"", ""before"", ""the"", ""deadline"", "".""]","[""O"", ""O"", ""O"", ""O"", ""O"", ""O"", ""O"", ""O"", ""O"", ""O"", ""O""]",[],synthetic_negative
train-00584,Heavy clouds covered Mauna Kea throughout the morning.,"[""Heavy"", ""clouds"", ""covered"", ""Mauna"", ""Kea"", ""throughout"", ""the"", ""morning"", "".""]","[""O"", ""O"", ""O"", ""B-MOUNTAIN"", ""I-MOUNTAIN"", ""O"", ""O"", ""O"", ""O""]","[{""start"": 21, ""end"": 30, ""label"": ""MOUNTAIN"", ""text"": ""Mauna Kea""}]",synthetic_positive_single
train-00585,Wind speeds increased rapidly around Jebel Toubkal.,"[""Wind"", ""speeds"", ""increased"", ""rapidly"", ""around"", ""Jebel"", ""Toubkal"", "".""]","[""O"", ""O"", ""O"", ""O"", ""O"", ""B-MOUNTAIN"", ""I-MOUNTAIN"", ""O""]","[{""start"": 37, ""end"": 50, ""label"": ""MOUNTAIN"", ""text"": ""Jebel Toubkal""}]",synthetic_positive_single
train-00586,Our route passes near Ras Dashen before turning toward Aconcagua.,"[""Our"", ""route"", ""passes"", ""near"", ""Ras"", ""Dashen"", ""before"", ""turning"", ""toward"", ""Aconcagua"", "".""]","[""O"", ""O"", ""O"", ""O"", ""B-MOUNTAIN"", ""I-MOUNTAIN"", ""O"", ""O"", ""O"", ""B-MOUNTAIN"", ""O""]","[{""start"": 22, ""end"": 32, ""label"": ""MOUNTAIN"", ""text"": ""Ras Dashen""}, {""start"": 55, ""end"": 64, ""label"": ""MOUNTAIN"", ""text"": ""Aconcagua""}]",synthetic_positive_multi
train-00587,The research team shared the forest trail on Monday.,"[""The"", ""research"", ""team"", ""shared"", ""the"", ""forest"", ""trail"", ""on"", ""Monday"", "".""]","[""O"", ""O"", ""O"", ""O"", ""O"", ""O"", ""O"", ""O"", ""O"", ""O""]",[],synthetic_negative
train-00588,The travel company checked the schedule in the laboratory.,"[""The"", ""travel"", ""company"", ""checked"", ""the"", ""schedule"", ""in"", ""the"", ""laboratory"", "".""]","[""O"", ""O"", ""O"", ""O"", ""O"", ""O"", ""O"", ""O"", ""O"", ""O""]",[],synthetic_negative
train-00589,The research team shared the hotel booking at the office.,"[""The"", ""research"", ""team"", ""shared"", ""the"", ""hotel"", ""booking"", ""at"", ""the"", ""office"", "".""]","[""O"", ""O"", ""O"", ""O"", ""O"", ""O"", ""O"", ""O"", ""O"", ""O"", ""O""]",[],synthetic_negative
train-00590,The film crew compared the satellite image during the meeting.,"[""The"", ""film"", ""crew"", ""compared"", ""the"", ""satellite"", ""image"", ""during"", ""the"", ""meeting"", "".""]","[""O"", ""O"", ""O"", ""O"", ""O"", ""O"", ""O"", ""O"", ""O"", ""O"", ""O""]",[],synthetic_negative
train-00591,The museum curator discussed the conference program before the deadline.,"[""The"", ""museum"", ""curator"", ""discussed"", ""the"", ""conference"", ""program"", ""before"", ""the"", ""deadline"", "".""]","[""O"", ""O"", ""O"", ""O"", ""O"", ""O"", ""O"", ""O"", ""O"", ""O"", ""O""]",[],synthetic_negative
train-00592,Tourists gathered at a viewpoint facing Mount Ngauruhoe.,"[""Tourists"", ""gathered"", ""at"", ""a"", ""viewpoint"", ""facing"", ""Mount"", ""Ngauruhoe"", "".""]","[""O"", ""O"", ""O"", ""O"", ""O"", ""O"", ""B-MOUNTAIN"", ""I-MOUNTAIN"", ""O""]","[{""start"": 40, ""end"": 55, ""label"": ""MOUNTAIN"", ""text"": ""Mount Ngauruhoe""}]",synthetic_positive_single
train-00593,The rescue unit published the hotel booking at the office.,"[""The"", ""rescue"", ""unit"", ""published"", ""the"", ""hotel"", ""booking"", ""at"", ""the"", ""office"", "".""]","[""O"", ""O"", ""O"", ""O"", ""O"", ""O"", ""O"", ""O"", ""O"", ""O"", ""O""]",[],synthetic_negative
train-00594,The local council translated the conference program at the office.,"[""The"", ""local"", ""council"", ""translated"", ""the"", ""conference"", ""program"", ""at"", ""the"", ""office"", "".""]","[""O"", ""O"", ""O"", ""O"", ""O"", ""O"", ""O"", ""O"", ""O"", ""O"", ""O""]",[],synthetic_negative
train-00595,The local council published the ridge map on Monday.,"[""The"", ""local"", ""council"", ""published"", ""the"", ""ridge"", ""map"", ""on"", ""Monday"", "".""]","[""O"", ""O"", ""O"", ""O"", ""O"", ""O"", ""O"", ""O"", ""O"", ""O""]",[],synthetic_negative
train-00596,The glacier on Mount Adams has retreated in recent decades.,"[""The"", ""glacier"", ""on"", ""Mount"", ""Adams"", ""has"", ""retreated"", ""in"", ""recent"", ""decades"", "".""]","[""O"", ""O"", ""O"", ""B-MOUNTAIN"", ""I-MOUNTAIN"", ""O"", ""O"", ""O"", ""O"", ""O"", ""O""]","[{""start"": 15, ""end"": 26, ""label"": ""MOUNTAIN"", ""text"": ""Mount Adams""}]",synthetic_positive_single
train-00597,The article compares climbing conditions on Mount Vancouver with those on Mount Baker.,"[""The"", ""article"", ""compares"", ""climbing"", ""conditions"", ""on"", ""Mount"", ""Vancouver"", ""with"", ""those"", ""on"", ""Mount"", ""Baker"", "".""]","[""O"", ""O"", ""O"", ""O"", ""O"", ""O"", ""B-MOUNTAIN"", ""I-MOUNTAIN"", ""O"", ""O"", ""O"", ""B-MOUNTAIN"", ""I-MOUNTAIN"", ""O""]","[{""start"": 44, ""end"": 59, ""label"": ""MOUNTAIN"", ""text"": ""Mount Vancouver""}, {""start"": 74, ""end"": 85, ""label"": ""MOUNTAIN"", ""text"": ""Mount Baker""}]",synthetic_positive_multi
train-00598,The film crew compared the product range in the laboratory.,"[""The"", ""film"", ""crew"", ""compared"", ""the"", ""product"", ""range"", ""in"", ""the"", ""laboratory"", "".""]","[""O"", ""O"", ""O"", ""O"", ""O"", ""O"", ""O"", ""O"", ""O"", ""O"", ""O""]",[],synthetic_negative
train-00599,The local council updated the ridge map during the conference.,"[""The"", ""local"", ""council"", ""updated"", ""the"", ""ridge"", ""map"", ""during"", ""the"", ""conference"", "".""]","[""O"", ""O"", ""O"", ""O"", ""O"", ""O"", ""O"", ""O"", ""O"", ""O"", ""O""]",[],synthetic_negative
train-00600,The lecture included a case study about Hoverla.,"[""The"", ""lecture"", ""included"", ""a"", ""case"", ""study"", ""about"", ""Hoverla"", "".""]","[""O"", ""O"", ""O"", ""O"", ""O"", ""O"", ""O"", ""B-MOUNTAIN"", ""O""]","[{""start"": 40, ""end"": 47, ""label"": ""MOUNTAIN"", ""text"": ""Hoverla""}]",synthetic_positive_single
train-00601,Expeditions to Mount Jefferson and Aoraki Mount Cook were delayed by bad weather.,"[""Expeditions"", ""to"", ""Mount"", ""Jefferson"", ""and"", ""Aoraki"", ""Mount"", ""Cook"", ""were"", ""delayed"", ""by"", ""bad"", ""weather"", "".""]","[""O"", ""O"", ""B-MOUNTAIN"", ""I-MOUNTAIN"", ""O"", ""B-MOUNTAIN"", ""I-MOUNTAIN"", ""I-MOUNTAIN"", ""O"", ""O"", ""O"", ""O"", ""O"", ""O""]","[{""start"": 15, ""end"": 30, ""label"": ""MOUNTAIN"", ""text"": ""Mount Jefferson""}, {""start"": 35, ""end"": 52, ""label"": ""MOUNTAIN"", ""text"": ""Aoraki Mount Cook""}]",synthetic_positive_multi
train-00602,The rescue unit discussed the research report during the meeting.,"[""The"", ""rescue"", ""unit"", ""discussed"", ""the"", ""research"", ""report"", ""during"", ""the"", ""meeting"", "".""]","[""O"", ""O"", ""O"", ""O"", ""O"", ""O"", ""O"", ""O"", ""O"", ""O"", ""O""]",[],synthetic_negative
train-00603,The climbers postponed their attempt on Mount Foraker.,"[""The"", ""climbers"", ""postponed"", ""their"", ""attempt"", ""on"", ""Mount"", ""Foraker"", "".""]","[""O"", ""O"", ""O"", ""O"", ""O"", ""O"", ""B-MOUNTAIN"", ""I-MOUNTAIN"", ""O""]","[{""start"": 40, ""end"": 53, ""label"": ""MOUNTAIN"", ""text"": ""Mount Foraker""}]",synthetic_positive_single
train-00604,Images of Muztagh Ata were placed beside photographs of Mount Cameroon.,"[""Images"", ""of"", ""Muztagh"", ""Ata"", ""were"", ""placed"", ""beside"", ""photographs"", ""of"", ""Mount"", ""Cameroon"", "".""]","[""O"", ""O"", ""B-MOUNTAIN"", ""I-MOUNTAIN"", ""O"", ""O"", ""O"", ""O"", ""O"", ""B-MOUNTAIN"", ""I-MOUNTAIN"", ""O""]","[{""start"": 10, ""end"": 21, ""label"": ""MOUNTAIN"", ""text"": ""Muztagh Ata""}, {""start"": 56, ""end"": 70, ""label"": ""MOUNTAIN"", ""text"": ""Mount Cameroon""}]",synthetic_positive_multi
train-00605,The weather changed quickly as they approached Mount Hicks.,"[""The"", ""weather"", ""changed"", ""quickly"", ""as"", ""they"", ""approached"", ""Mount"", ""Hicks"", "".""]","[""O"", ""O"", ""O"", ""O"", ""O"", ""O"", ""O"", ""B-MOUNTAIN"", ""I-MOUNTAIN"", ""O""]","[{""start"": 47, ""end"": 58, ""label"": ""MOUNTAIN"", ""text"": ""Mount Hicks""}]",synthetic_positive_single
train-00606,The climbing club printed the ridge map before the deadline.,"[""The"", ""climbing"", ""club"", ""printed"", ""the"", ""ridge"", ""map"", ""before"", ""the"", ""deadline"", "".""]","[""O"", ""O"", ""O"", ""O"", ""O"", ""O"", ""O"", ""O"", ""O"", ""O"", ""O""]",[],synthetic_negative
train-00607,"Yesterday, Mount Mitchell was barely visible through the mist.","[""Yesterday"", "","", ""Mount"", ""Mitchell"", ""was"", ""barely"", ""visible"", ""through"", ""the"", ""mist"", "".""]","[""O"", ""O"", ""B-MOUNTAIN"", ""I-MOUNTAIN"", ""O"", ""O"", ""O"", ""O"", ""O"", ""O"", ""O""]","[{""start"": 11, ""end"": 25, ""label"": ""MOUNTAIN"", ""text"": ""Mount Mitchell""}]",synthetic_positive_single
train-00608,"In the final chapter, the author describes an ascent of Mount Adams.","[""In"", ""the"", ""final"", ""chapter"", "","", ""the"", ""author"", ""describes"", ""an"", ""ascent"", ""of"", ""Mount"", ""Adams"", "".""]","[""O"", ""O"", ""O"", ""O"", ""O"", ""O"", ""O"", ""O"", ""O"", ""O"", ""O"", ""B-MOUNTAIN"", ""I-MOUNTAIN"", ""O""]","[{""start"": 56, ""end"": 67, ""label"": ""MOUNTAIN"", ""text"": ""Mount Adams""}]",synthetic_positive_single
train-00609,A small village lies below Brebeneskul.,"[""A"", ""small"", ""village"", ""lies"", ""below"", ""Brebeneskul"", "".""]","[""O"", ""O"", ""O"", ""O"", ""O"", ""B-MOUNTAIN"", ""O""]","[{""start"": 27, ""end"": 38, ""label"": ""MOUNTAIN"", ""text"": ""Brebeneskul""}]",synthetic_positive_single
train-00610,The research team discussed the conference program before lunch.,"[""The"", ""research"", ""team"", ""discussed"", ""the"", ""conference"", ""program"", ""before"", ""lunch"", "".""]","[""O"", ""O"", ""O"", ""O"", ""O"", ""O"", ""O"", ""O"", ""O"", ""O""]",[],synthetic_negative
train-00611,The travel company checked the glacier report before the deadline.,"[""The"", ""travel"", ""company"", ""checked"", ""the"", ""glacier"", ""report"", ""before"", ""the"", ""deadline"", "".""]","[""O"", ""O"", ""O"", ""O"", ""O"", ""O"", ""O"", ""O"", ""O"", ""O"", ""O""]",[],synthetic_negative
train-00612,The film crew reviewed the route during the meeting.,"[""The"", ""film"", ""crew"", ""reviewed"", ""the"", ""route"", ""during"", ""the"", ""meeting"", "".""]","[""O"", ""O"", ""O"", ""O"", ""O"", ""O"", ""O"", ""O"", ""O"", ""O""]",[],synthetic_negative
train-00613,The research team reviewed the product range before the deadline.,"[""The"", ""research"", ""team"", ""reviewed"", ""the"", ""product"", ""range"", ""before"", ""the"", ""deadline"", "".""]","[""O"", ""O"", ""O"", ""O"", ""O"", ""O"", ""O"", ""O"", ""O"", ""O"", ""O""]",[],synthetic_negative
train-00614,"According to the itinerary, Nanga Parbat is the main destination.","[""According"", ""to"", ""the"", ""itinerary"", "","", ""Nanga"", ""Parbat"", ""is"", ""the"", ""main"", ""destination"", "".""]","[""O"", ""O"", ""O"", ""O"", ""O"", ""B-MOUNTAIN"", ""I-MOUNTAIN"", ""O"", ""O"", ""O"", ""O"", ""O""]","[{""start"": 28, ""end"": 40, ""label"": ""MOUNTAIN"", ""text"": ""Nanga Parbat""}]",synthetic_positive_single
train-00615,The expedition leader discussed the schedule at the airport.,"[""The"", ""expedition"", ""leader"", ""discussed"", ""the"", ""schedule"", ""at"", ""the"", ""airport"", "".""]","[""O"", ""O"", ""O"", ""O"", ""O"", ""O"", ""O"", ""O"", ""O"", ""O""]",[],synthetic_negative
train-00616,The tourist group checked the forest trail before lunch.,"[""The"", ""tourist"", ""group"", ""checked"", ""the"", ""forest"", ""trail"", ""before"", ""lunch"", "".""]","[""O"", ""O"", ""O"", ""O"", ""O"", ""O"", ""O"", ""O"", ""O"", ""O""]",[],synthetic_negative
train-00617,The mountain road is closed during winter.,"[""The"", ""mountain"", ""road"", ""is"", ""closed"", ""during"", ""winter"", "".""]","[""O"", ""O"", ""O"", ""O"", ""O"", ""O"", ""O"", ""O""]",[],synthetic_hard_negative
train-00618,The rescue team returned safely from Mount Taranaki.,"[""The"", ""rescue"", ""team"", ""returned"", ""safely"", ""from"", ""Mount"", ""Taranaki"", "".""]","[""O"", ""O"", ""O"", ""O"", ""O"", ""O"", ""B-MOUNTAIN"", ""I-MOUNTAIN"", ""O""]","[{""start"": 37, ""end"": 51, ""label"": ""MOUNTAIN"", ""text"": ""Mount Taranaki""}]",synthetic_positive_single
train-00619,The lecture included a case study about Cho Oyu.,"[""The"", ""lecture"", ""included"", ""a"", ""case"", ""study"", ""about"", ""Cho"", ""Oyu"", "".""]","[""O"", ""O"", ""O"", ""O"", ""O"", ""O"", ""O"", ""B-MOUNTAIN"", ""I-MOUNTAIN"", ""O""]","[{""start"": 40, ""end"": 47, ""label"": ""MOUNTAIN"", ""text"": ""Cho Oyu""}]",synthetic_positive_single
train-00620,The route to Table Mountain was closed after the storm.,"[""The"", ""route"", ""to"", ""Table"", ""Mountain"", ""was"", ""closed"", ""after"", ""the"", ""storm"", "".""]","[""O"", ""O"", ""O"", ""B-MOUNTAIN"", ""I-MOUNTAIN"", ""O"", ""O"", ""O"", ""O"", ""O"", ""O""]","[{""start"": 13, ""end"": 27, ""label"": ""MOUNTAIN"", ""text"": ""Table Mountain""}]",synthetic_positive_single
train-00621,The tourist group reviewed the ridge map during the meeting.,"[""The"", ""tourist"", ""group"", ""reviewed"", ""the"", ""ridge"", ""map"", ""during"", ""the"", ""meeting"", "".""]","[""O"", ""O"", ""O"", ""O"", ""O"", ""O"", ""O"", ""O"", ""O"", ""O"", ""O""]",[],synthetic_negative
train-00622,The climbers postponed their attempt on Mount Vancouver.,"[""The"", ""climbers"", ""postponed"", ""their"", ""attempt"", ""on"", ""Mount"", ""Vancouver"", "".""]","[""O"", ""O"", ""O"", ""O"", ""O"", ""O"", ""B-MOUNTAIN"", ""I-MOUNTAIN"", ""O""]","[{""start"": 40, ""end"": 55, ""label"": ""MOUNTAIN"", ""text"": ""Mount Vancouver""}]",synthetic_positive_single
train-00623,"In the final chapter, the author describes an ascent of Vinson Massif.","[""In"", ""the"", ""final"", ""chapter"", "","", ""the"", ""author"", ""describes"", ""an"", ""ascent"", ""of"", ""Vinson"", ""Massif"", "".""]","[""O"", ""O"", ""O"", ""O"", ""O"", ""O"", ""O"", ""O"", ""O"", ""O"", ""O"", ""B-MOUNTAIN"", ""I-MOUNTAIN"", ""O""]","[{""start"": 56, ""end"": 69, ""label"": ""MOUNTAIN"", ""text"": ""Vinson Massif""}]",synthetic_positive_single
train-00624,We could clearly see Mount Everest from the valley.,"[""We"", ""could"", ""clearly"", ""see"", ""Mount"", ""Everest"", ""from"", ""the"", ""valley"", "".""]","[""O"", ""O"", ""O"", ""O"", ""B-MOUNTAIN"", ""I-MOUNTAIN"", ""O"", ""O"", ""O"", ""O""]","[{""start"": 21, ""end"": 34, ""label"": ""MOUNTAIN"", ""text"": ""Mount Everest""}]",synthetic_positive_single
train-00625,The university department shared the sensor reading in the final report.,"[""The"", ""university"", ""department"", ""shared"", ""the"", ""sensor"", ""reading"", ""in"", ""the"", ""final"", ""report"", "".""]","[""O"", ""O"", ""O"", ""O"", ""O"", ""O"", ""O"", ""O"", ""O"", ""O"", ""O"", ""O""]",[],synthetic_negative
train-00626,They began their ascent of Mount Kosciuszko at dawn.,"[""They"", ""began"", ""their"", ""ascent"", ""of"", ""Mount"", ""Kosciuszko"", ""at"", ""dawn"", "".""]","[""O"", ""O"", ""O"", ""O"", ""O"", ""B-MOUNTAIN"", ""I-MOUNTAIN"", ""O"", ""O"", ""O""]","[{""start"": 27, ""end"": 43, ""label"": ""MOUNTAIN"", ""text"": ""Mount Kosciuszko""}]",synthetic_positive_single
train-00627,"Despite the forecast, the climbers continued toward Mont Blanc.","[""Despite"", ""the"", ""forecast"", "","", ""the"", ""climbers"", ""continued"", ""toward"", ""Mont"", ""Blanc"", "".""]","[""O"", ""O"", ""O"", ""O"", ""O"", ""O"", ""O"", ""O"", ""B-MOUNTAIN"", ""I-MOUNTAIN"", ""O""]","[{""start"": 52, ""end"": 62, ""label"": ""MOUNTAIN"", ""text"": ""Mont Blanc""}]",synthetic_positive_single
train-00628,The research team rejected the training notebook on Monday.,"[""The"", ""research"", ""team"", ""rejected"", ""the"", ""training"", ""notebook"", ""on"", ""Monday"", "".""]","[""O"", ""O"", ""O"", ""O"", ""O"", ""O"", ""O"", ""O"", ""O"", ""O""]",[],synthetic_negative
train-00629,The film crew reviewed the expedition permit on Monday.,"[""The"", ""film"", ""crew"", ""reviewed"", ""the"", ""expedition"", ""permit"", ""on"", ""Monday"", "".""]","[""O"", ""O"", ""O"", ""O"", ""O"", ""O"", ""O"", ""O"", ""O"", ""O""]",[],synthetic_negative
train-00630,An avalanche warning was issued for the area around Mount Sidley.,"[""An"", ""avalanche"", ""warning"", ""was"", ""issued"", ""for"", ""the"", ""area"", ""around"", ""Mount"", ""Sidley"", "".""]","[""O"", ""O"", ""O"", ""O"", ""O"", ""O"", ""O"", ""O"", ""O"", ""B-MOUNTAIN"", ""I-MOUNTAIN"", ""O""]","[{""start"": 52, ""end"": 64, ""label"": ""MOUNTAIN"", ""text"": ""Mount Sidley""}]",synthetic_positive_single
train-00631,Images of Makalu were placed beside photographs of Mount Sidley.,"[""Images"", ""of"", ""Makalu"", ""were"", ""placed"", ""beside"", ""photographs"", ""of"", ""Mount"", ""Sidley"", "".""]","[""O"", ""O"", ""B-MOUNTAIN"", ""O"", ""O"", ""O"", ""O"", ""O"", ""B-MOUNTAIN"", ""I-MOUNTAIN"", ""O""]","[{""start"": 10, ""end"": 16, ""label"": ""MOUNTAIN"", ""text"": ""Makalu""}, {""start"": 51, ""end"": 63, ""label"": ""MOUNTAIN"", ""text"": ""Mount Sidley""}]",synthetic_positive_multi
train-00632,Expeditions to Mount Vancouver and Table Mountain were delayed by bad weather.,"[""Expeditions"", ""to"", ""Mount"", ""Vancouver"", ""and"", ""Table"", ""Mountain"", ""were"", ""delayed"", ""by"", ""bad"", ""weather"", "".""]","[""O"", ""O"", ""B-MOUNTAIN"", ""I-MOUNTAIN"", ""O"", ""B-MOUNTAIN"", ""I-MOUNTAIN"", ""O"", ""O"", ""O"", ""O"", ""O"", ""O""]","[{""start"": 15, ""end"": 30, ""label"": ""MOUNTAIN"", ""text"": ""Mount Vancouver""}, {""start"": 35, ""end"": 49, ""label"": ""MOUNTAIN"", ""text"": ""Table Mountain""}]",synthetic_positive_multi
train-00633,"According to the itinerary, Mount Assiniboine is the main destination.","[""According"", ""to"", ""the"", ""itinerary"", "","", ""Mount"", ""Assiniboine"", ""is"", ""the"", ""main"", ""destination"", "".""]","[""O"", ""O"", ""O"", ""O"", ""O"", ""B-MOUNTAIN"", ""I-MOUNTAIN"", ""O"", ""O"", ""O"", ""O"", ""O""]","[{""start"": 28, ""end"": 45, ""label"": ""MOUNTAIN"", ""text"": ""Mount Assiniboine""}]",synthetic_positive_single
train-00634,An avalanche warning was issued for the area around Mount Whitney.,"[""An"", ""avalanche"", ""warning"", ""was"", ""issued"", ""for"", ""the"", ""area"", ""around"", ""Mount"", ""Whitney"", "".""]","[""O"", ""O"", ""O"", ""O"", ""O"", ""O"", ""O"", ""O"", ""O"", ""B-MOUNTAIN"", ""I-MOUNTAIN"", ""O""]","[{""start"": 52, ""end"": 65, ""label"": ""MOUNTAIN"", ""text"": ""Mount Whitney""}]",synthetic_positive_single
train-00635,A documentary crew filmed near Mount Foraker.,"[""A"", ""documentary"", ""crew"", ""filmed"", ""near"", ""Mount"", ""Foraker"", "".""]","[""O"", ""O"", ""O"", ""O"", ""O"", ""B-MOUNTAIN"", ""I-MOUNTAIN"", ""O""]","[{""start"": 31, ""end"": 44, ""label"": ""MOUNTAIN"", ""text"": ""Mount Foraker""}]",synthetic_positive_single
train-00636,The university department rejected the algorithm on Monday.,"[""The"", ""university"", ""department"", ""rejected"", ""the"", ""algorithm"", ""on"", ""Monday"", "".""]","[""O"", ""O"", ""O"", ""O"", ""O"", ""O"", ""O"", ""O"", ""O""]",[],synthetic_negative
train-00637,The university department approved the valley after the presentation.,"[""The"", ""university"", ""department"", ""approved"", ""the"", ""valley"", ""after"", ""the"", ""presentation"", "".""]","[""O"", ""O"", ""O"", ""O"", ""O"", ""O"", ""O"", ""O"", ""O"", ""O""]",[],synthetic_negative
train-00638,"Despite the forecast, the climbers continued toward Mount Ararat.","[""Despite"", ""the"", ""forecast"", "","", ""the"", ""climbers"", ""continued"", ""toward"", ""Mount"", ""Ararat"", "".""]","[""O"", ""O"", ""O"", ""O"", ""O"", ""O"", ""O"", ""O"", ""B-MOUNTAIN"", ""I-MOUNTAIN"", ""O""]","[{""start"": 52, ""end"": 64, ""label"": ""MOUNTAIN"", ""text"": ""Mount Ararat""}]",synthetic_positive_single
train-00639,The photograph shows Jungfrau at sunrise.,"[""The"", ""photograph"", ""shows"", ""Jungfrau"", ""at"", ""sunrise"", "".""]","[""O"", ""O"", ""O"", ""B-MOUNTAIN"", ""O"", ""O"", ""O""]","[{""start"": 21, ""end"": 29, ""label"": ""MOUNTAIN"", ""text"": ""Jungfrau""}]",synthetic_positive_single
train-00640,"After weeks of preparation, the group departed for Pip Ivan.","[""After"", ""weeks"", ""of"", ""preparation"", "","", ""the"", ""group"", ""departed"", ""for"", ""Pip"", ""Ivan"", "".""]","[""O"", ""O"", ""O"", ""O"", ""O"", ""O"", ""O"", ""O"", ""O"", ""B-MOUNTAIN"", ""I-MOUNTAIN"", ""O""]","[{""start"": 51, ""end"": 59, ""label"": ""MOUNTAIN"", ""text"": ""Pip Ivan""}]",synthetic_positive_single
train-00641,The weather changed quickly as they approached Mount Fairweather.,"[""The"", ""weather"", ""changed"", ""quickly"", ""as"", ""they"", ""approached"", ""Mount"", ""Fairweather"", "".""]","[""O"", ""O"", ""O"", ""O"", ""O"", ""O"", ""O"", ""B-MOUNTAIN"", ""I-MOUNTAIN"", ""O""]","[{""start"": 47, ""end"": 64, ""label"": ""MOUNTAIN"", ""text"": ""Mount Fairweather""}]",synthetic_positive_single
train-00642,The university department shared the summit plan before the deadline.,"[""The"", ""university"", ""department"", ""shared"", ""the"", ""summit"", ""plan"", ""before"", ""the"", ""deadline"", "".""]","[""O"", ""O"", ""O"", ""O"", ""O"", ""O"", ""O"", ""O"", ""O"", ""O"", ""O""]",[],synthetic_negative
train-00643,We could clearly see Mount Ruapehu from the valley.,"[""We"", ""could"", ""clearly"", ""see"", ""Mount"", ""Ruapehu"", ""from"", ""the"", ""valley"", "".""]","[""O"", ""O"", ""O"", ""O"", ""B-MOUNTAIN"", ""I-MOUNTAIN"", ""O"", ""O"", ""O"", ""O""]","[{""start"": 21, ""end"": 34, ""label"": ""MOUNTAIN"", ""text"": ""Mount Ruapehu""}]",synthetic_positive_single
train-00644,Matterhorn attracts climbers from around the world.,"[""Matterhorn"", ""attracts"", ""climbers"", ""from"", ""around"", ""the"", ""world"", "".""]","[""B-MOUNTAIN"", ""O"", ""O"", ""O"", ""O"", ""O"", ""O"", ""O""]","[{""start"": 0, ""end"": 10, ""label"": ""MOUNTAIN"", ""text"": ""Matterhorn""}]",synthetic_positive_single
train-00645,"During the spring survey, scientists visited Fitz Roy.","[""During"", ""the"", ""spring"", ""survey"", "","", ""scientists"", ""visited"", ""Fitz"", ""Roy"", "".""]","[""O"", ""O"", ""O"", ""O"", ""O"", ""O"", ""O"", ""B-MOUNTAIN"", ""I-MOUNTAIN"", ""O""]","[{""start"": 45, ""end"": 53, ""label"": ""MOUNTAIN"", ""text"": ""Fitz Roy""}]",synthetic_positive_single
train-00646,The tourist group rejected the budget in the final report.,"[""The"", ""tourist"", ""group"", ""rejected"", ""the"", ""budget"", ""in"", ""the"", ""final"", ""report"", "".""]","[""O"", ""O"", ""O"", ""O"", ""O"", ""O"", ""O"", ""O"", ""O"", ""O"", ""O""]",[],synthetic_negative
train-00647,He plans to study glaciers on Mount Murchison and Mount Ararat.,"[""He"", ""plans"", ""to"", ""study"", ""glaciers"", ""on"", ""Mount"", ""Murchison"", ""and"", ""Mount"", ""Ararat"", "".""]","[""O"", ""O"", ""O"", ""O"", ""O"", ""O"", ""B-MOUNTAIN"", ""I-MOUNTAIN"", ""O"", ""B-MOUNTAIN"", ""I-MOUNTAIN"", ""O""]","[{""start"": 30, ""end"": 45, ""label"": ""MOUNTAIN"", ""text"": ""Mount Murchison""}, {""start"": 50, ""end"": 62, ""label"": ""MOUNTAIN"", ""text"": ""Mount Ararat""}]",synthetic_positive_multi
train-00648,Mount Ruapehu attracts climbers from around the world.,"[""Mount"", ""Ruapehu"", ""attracts"", ""climbers"", ""from"", ""around"", ""the"", ""world"", "".""]","[""B-MOUNTAIN"", ""I-MOUNTAIN"", ""O"", ""O"", ""O"", ""O"", ""O"", ""O"", ""O""]","[{""start"": 0, ""end"": 13, ""label"": ""MOUNTAIN"", ""text"": ""Mount Ruapehu""}]",synthetic_positive_single
train-00649,"Unlike Cho Oyu, Mount Kenya was hidden by clouds.","[""Unlike"", ""Cho"", ""Oyu"", "","", ""Mount"", ""Kenya"", ""was"", ""hidden"", ""by"", ""clouds"", "".""]","[""O"", ""B-MOUNTAIN"", ""I-MOUNTAIN"", ""O"", ""B-MOUNTAIN"", ""I-MOUNTAIN"", ""O"", ""O"", ""O"", ""O"", ""O""]","[{""start"": 7, ""end"": 14, ""label"": ""MOUNTAIN"", ""text"": ""Cho Oyu""}, {""start"": 16, ""end"": 27, ""label"": ""MOUNTAIN"", ""text"": ""Mount Kenya""}]",synthetic_positive_multi
train-00650,Have you ever seen Mount Semeru in winter?,"[""Have"", ""you"", ""ever"", ""seen"", ""Mount"", ""Semeru"", ""in"", ""winter"", ""?""]","[""O"", ""O"", ""O"", ""O"", ""B-MOUNTAIN"", ""I-MOUNTAIN"", ""O"", ""O"", ""O""]","[{""start"": 19, ""end"": 31, ""label"": ""MOUNTAIN"", ""text"": ""Mount Semeru""}]",synthetic_positive_single
train-00651,A documentary crew filmed near Mount Elbrus.,"[""A"", ""documentary"", ""crew"", ""filmed"", ""near"", ""Mount"", ""Elbrus"", "".""]","[""O"", ""O"", ""O"", ""O"", ""O"", ""B-MOUNTAIN"", ""I-MOUNTAIN"", ""O""]","[{""start"": 31, ""end"": 43, ""label"": ""MOUNTAIN"", ""text"": ""Mount Elbrus""}]",synthetic_positive_single
train-00652,He plans to study glaciers on Cho Oyu and Mount Elie de Beaumont.,"[""He"", ""plans"", ""to"", ""study"", ""glaciers"", ""on"", ""Cho"", ""Oyu"", ""and"", ""Mount"", ""Elie"", ""de"", ""Beaumont"", "".""]","[""O"", ""O"", ""O"", ""O"", ""O"", ""O"", ""B-MOUNTAIN"", ""I-MOUNTAIN"", ""O"", ""B-MOUNTAIN"", ""I-MOUNTAIN"", ""I-MOUNTAIN"", ""I-MOUNTAIN"", ""O""]","[{""start"": 30, ""end"": 37, ""label"": ""MOUNTAIN"", ""text"": ""Cho Oyu""}, {""start"": 42, ""end"": 64, ""label"": ""MOUNTAIN"", ""text"": ""Mount Elie de Beaumont""}]",synthetic_positive_multi
train-00653,Photos of Pikes Peak were displayed in the museum.,"[""Photos"", ""of"", ""Pikes"", ""Peak"", ""were"", ""displayed"", ""in"", ""the"", ""museum"", "".""]","[""O"", ""O"", ""B-MOUNTAIN"", ""I-MOUNTAIN"", ""O"", ""O"", ""O"", ""O"", ""O"", ""O""]","[{""start"": 10, ""end"": 20, ""label"": ""MOUNTAIN"", ""text"": ""Pikes Peak""}]",synthetic_positive_single
train-00654,The mapping agency shared the ridge map at the airport.,"[""The"", ""mapping"", ""agency"", ""shared"", ""the"", ""ridge"", ""map"", ""at"", ""the"", ""airport"", "".""]","[""O"", ""O"", ""O"", ""O"", ""O"", ""O"", ""O"", ""O"", ""O"", ""O"", ""O""]",[],synthetic_negative
train-00655,The local council published the ridge map before lunch.,"[""The"", ""local"", ""council"", ""published"", ""the"", ""ridge"", ""map"", ""before"", ""lunch"", "".""]","[""O"", ""O"", ""O"", ""O"", ""O"", ""O"", ""O"", ""O"", ""O"", ""O""]",[],synthetic_negative
train-00656,The tourist group shared the forest trail on Monday.,"[""The"", ""tourist"", ""group"", ""shared"", ""the"", ""forest"", ""trail"", ""on"", ""Monday"", "".""]","[""O"", ""O"", ""O"", ""O"", ""O"", ""O"", ""O"", ""O"", ""O"", ""O""]",[],synthetic_negative
train-00657,The map labels both Scafell Pike and Mount Hubbard.,"[""The"", ""map"", ""labels"", ""both"", ""Scafell"", ""Pike"", ""and"", ""Mount"", ""Hubbard"", "".""]","[""O"", ""O"", ""O"", ""O"", ""B-MOUNTAIN"", ""I-MOUNTAIN"", ""O"", ""B-MOUNTAIN"", ""I-MOUNTAIN"", ""O""]","[{""start"": 20, ""end"": 32, ""label"": ""MOUNTAIN"", ""text"": ""Scafell Pike""}, {""start"": 37, ""end"": 50, ""label"": ""MOUNTAIN"", ""text"": ""Mount Hubbard""}]",synthetic_positive_multi
train-00658,Local guides described conditions on Mount Columbia as difficult.,"[""Local"", ""guides"", ""described"", ""conditions"", ""on"", ""Mount"", ""Columbia"", ""as"", ""difficult"", "".""]","[""O"", ""O"", ""O"", ""O"", ""O"", ""B-MOUNTAIN"", ""I-MOUNTAIN"", ""O"", ""O"", ""O""]","[{""start"": 37, ""end"": 51, ""label"": ""MOUNTAIN"", ""text"": ""Mount Columbia""}]",synthetic_positive_single
train-00659,The guide warned us not to underestimate Mount Hunter.,"[""The"", ""guide"", ""warned"", ""us"", ""not"", ""to"", ""underestimate"", ""Mount"", ""Hunter"", "".""]","[""O"", ""O"", ""O"", ""O"", ""O"", ""O"", ""O"", ""B-MOUNTAIN"", ""I-MOUNTAIN"", ""O""]","[{""start"": 41, ""end"": 53, ""label"": ""MOUNTAIN"", ""text"": ""Mount Hunter""}]",synthetic_positive_single
train-00660,The team discussed whether to attempt Mount Fairweather or Mount Wilhelm.,"[""The"", ""team"", ""discussed"", ""whether"", ""to"", ""attempt"", ""Mount"", ""Fairweather"", ""or"", ""Mount"", ""Wilhelm"", "".""]","[""O"", ""O"", ""O"", ""O"", ""O"", ""O"", ""B-MOUNTAIN"", ""I-MOUNTAIN"", ""O"", ""B-MOUNTAIN"", ""I-MOUNTAIN"", ""O""]","[{""start"": 38, ""end"": 55, ""label"": ""MOUNTAIN"", ""text"": ""Mount Fairweather""}, {""start"": 59, ""end"": 72, ""label"": ""MOUNTAIN"", ""text"": ""Mount Wilhelm""}]",synthetic_positive_multi
train-00661,The museum curator discussed the forest trail on Monday.,"[""The"", ""museum"", ""curator"", ""discussed"", ""the"", ""forest"", ""trail"", ""on"", ""Monday"", "".""]","[""O"", ""O"", ""O"", ""O"", ""O"", ""O"", ""O"", ""O"", ""O"", ""O""]",[],synthetic_negative
train-00662,The weather service compared the hotel booking during the meeting.,"[""The"", ""weather"", ""service"", ""compared"", ""the"", ""hotel"", ""booking"", ""during"", ""the"", ""meeting"", "".""]","[""O"", ""O"", ""O"", ""O"", ""O"", ""O"", ""O"", ""O"", ""O"", ""O"", ""O""]",[],synthetic_negative
train-00663,"After weeks of preparation, the group departed for Mount Ararat.","[""After"", ""weeks"", ""of"", ""preparation"", "","", ""the"", ""group"", ""departed"", ""for"", ""Mount"", ""Ararat"", "".""]","[""O"", ""O"", ""O"", ""O"", ""O"", ""O"", ""O"", ""O"", ""O"", ""B-MOUNTAIN"", ""I-MOUNTAIN"", ""O""]","[{""start"": 51, ""end"": 63, ""label"": ""MOUNTAIN"", ""text"": ""Mount Ararat""}]",synthetic_positive_single
train-00664,A helicopter circled above Mount Kosciuszko during the rescue.,"[""A"", ""helicopter"", ""circled"", ""above"", ""Mount"", ""Kosciuszko"", ""during"", ""the"", ""rescue"", "".""]","[""O"", ""O"", ""O"", ""O"", ""B-MOUNTAIN"", ""I-MOUNTAIN"", ""O"", ""O"", ""O"", ""O""]","[{""start"": 27, ""end"": 43, ""label"": ""MOUNTAIN"", ""text"": ""Mount Kosciuszko""}]",synthetic_positive_single
train-00665,The northern face of Cerro Torre looked almost vertical.,"[""The"", ""northern"", ""face"", ""of"", ""Cerro"", ""Torre"", ""looked"", ""almost"", ""vertical"", "".""]","[""O"", ""O"", ""O"", ""O"", ""B-MOUNTAIN"", ""I-MOUNTAIN"", ""O"", ""O"", ""O"", ""O""]","[{""start"": 21, ""end"": 32, ""label"": ""MOUNTAIN"", ""text"": ""Cerro Torre""}]",synthetic_positive_single
train-00666,Wind speeds increased rapidly around Shishapangma.,"[""Wind"", ""speeds"", ""increased"", ""rapidly"", ""around"", ""Shishapangma"", "".""]","[""O"", ""O"", ""O"", ""O"", ""O"", ""B-MOUNTAIN"", ""O""]","[{""start"": 37, ""end"": 49, ""label"": ""MOUNTAIN"", ""text"": ""Shishapangma""}]",synthetic_positive_single
train-00667,The map labels both Pikes Peak and Cerro Torre.,"[""The"", ""map"", ""labels"", ""both"", ""Pikes"", ""Peak"", ""and"", ""Cerro"", ""Torre"", "".""]","[""O"", ""O"", ""O"", ""O"", ""B-MOUNTAIN"", ""I-MOUNTAIN"", ""O"", ""B-MOUNTAIN"", ""I-MOUNTAIN"", ""O""]","[{""start"": 20, ""end"": 30, ""label"": ""MOUNTAIN"", ""text"": ""Pikes Peak""}, {""start"": 35, ""end"": 46, ""label"": ""MOUNTAIN"", ""text"": ""Cerro Torre""}]",synthetic_positive_multi
train-00668,Our route passes near Kangchenjunga before turning toward Mount Aso.,"[""Our"", ""route"", ""passes"", ""near"", ""Kangchenjunga"", ""before"", ""turning"", ""toward"", ""Mount"", ""Aso"", "".""]","[""O"", ""O"", ""O"", ""O"", ""B-MOUNTAIN"", ""O"", ""O"", ""O"", ""B-MOUNTAIN"", ""I-MOUNTAIN"", ""O""]","[{""start"": 22, ""end"": 35, ""label"": ""MOUNTAIN"", ""text"": ""Kangchenjunga""}, {""start"": 58, ""end"": 67, ""label"": ""MOUNTAIN"", ""text"": ""Mount Aso""}]",synthetic_positive_multi
train-00669,The travel company published the glacier report in the final report.,"[""The"", ""travel"", ""company"", ""published"", ""the"", ""glacier"", ""report"", ""in"", ""the"", ""final"", ""report"", "".""]","[""O"", ""O"", ""O"", ""O"", ""O"", ""O"", ""O"", ""O"", ""O"", ""O"", ""O"", ""O""]",[],synthetic_negative
train-00670,Snow remained on the upper slopes of Nanga Parbat.,"[""Snow"", ""remained"", ""on"", ""the"", ""upper"", ""slopes"", ""of"", ""Nanga"", ""Parbat"", "".""]","[""O"", ""O"", ""O"", ""O"", ""O"", ""O"", ""O"", ""B-MOUNTAIN"", ""I-MOUNTAIN"", ""O""]","[{""start"": 37, ""end"": 49, ""label"": ""MOUNTAIN"", ""text"": ""Nanga Parbat""}]",synthetic_positive_single
train-00671,The glacier on Mount Olympus has retreated in recent decades.,"[""The"", ""glacier"", ""on"", ""Mount"", ""Olympus"", ""has"", ""retreated"", ""in"", ""recent"", ""decades"", "".""]","[""O"", ""O"", ""O"", ""B-MOUNTAIN"", ""I-MOUNTAIN"", ""O"", ""O"", ""O"", ""O"", ""O"", ""O""]","[{""start"": 15, ""end"": 28, ""label"": ""MOUNTAIN"", ""text"": ""Mount Olympus""}]",synthetic_positive_single
train-00672,The travel company compared the aircraft on Monday.,"[""The"", ""travel"", ""company"", ""compared"", ""the"", ""aircraft"", ""on"", ""Monday"", "".""]","[""O"", ""O"", ""O"", ""O"", ""O"", ""O"", ""O"", ""O"", ""O""]",[],synthetic_negative
train-00673,The weather changed quickly as they approached Mount Assiniboine.,"[""The"", ""weather"", ""changed"", ""quickly"", ""as"", ""they"", ""approached"", ""Mount"", ""Assiniboine"", "".""]","[""O"", ""O"", ""O"", ""O"", ""O"", ""O"", ""O"", ""B-MOUNTAIN"", ""I-MOUNTAIN"", ""O""]","[{""start"": 47, ""end"": 64, ""label"": ""MOUNTAIN"", ""text"": ""Mount Assiniboine""}]",synthetic_positive_single
train-00674,The travel company compared the camera in the laboratory.,"[""The"", ""travel"", ""company"", ""compared"", ""the"", ""camera"", ""in"", ""the"", ""laboratory"", "".""]","[""O"", ""O"", ""O"", ""O"", ""O"", ""O"", ""O"", ""O"", ""O"", ""O""]",[],synthetic_negative
train-00675,They began their ascent of Huascaran at dawn.,"[""They"", ""began"", ""their"", ""ascent"", ""of"", ""Huascaran"", ""at"", ""dawn"", "".""]","[""O"", ""O"", ""O"", ""O"", ""O"", ""B-MOUNTAIN"", ""O"", ""O"", ""O""]","[{""start"": 27, ""end"": 36, ""label"": ""MOUNTAIN"", ""text"": ""Huascaran""}]",synthetic_positive_single
train-00676,The tourist group compared the expedition permit at the office.,"[""The"", ""tourist"", ""group"", ""compared"", ""the"", ""expedition"", ""permit"", ""at"", ""the"", ""office"", "".""]","[""O"", ""O"", ""O"", ""O"", ""O"", ""O"", ""O"", ""O"", ""O"", ""O"", ""O""]",[],synthetic_negative
train-00677,The map labels both Jebel Toubkal and Kangchenjunga.,"[""The"", ""map"", ""labels"", ""both"", ""Jebel"", ""Toubkal"", ""and"", ""Kangchenjunga"", "".""]","[""O"", ""O"", ""O"", ""O"", ""B-MOUNTAIN"", ""I-MOUNTAIN"", ""O"", ""B-MOUNTAIN"", ""O""]","[{""start"": 20, ""end"": 33, ""label"": ""MOUNTAIN"", ""text"": ""Jebel Toubkal""}, {""start"": 38, ""end"": 51, ""label"": ""MOUNTAIN"", ""text"": ""Kangchenjunga""}]",synthetic_positive_multi
train-00678,The article compares climbing conditions on Grand Teton with those on Mount Hubbard.,"[""The"", ""article"", ""compares"", ""climbing"", ""conditions"", ""on"", ""Grand"", ""Teton"", ""with"", ""those"", ""on"", ""Mount"", ""Hubbard"", "".""]","[""O"", ""O"", ""O"", ""O"", ""O"", ""O"", ""B-MOUNTAIN"", ""I-MOUNTAIN"", ""O"", ""O"", ""O"", ""B-MOUNTAIN"", ""I-MOUNTAIN"", ""O""]","[{""start"": 44, ""end"": 55, ""label"": ""MOUNTAIN"", ""text"": ""Grand Teton""}, {""start"": 70, ""end"": 83, ""label"": ""MOUNTAIN"", ""text"": ""Mount Hubbard""}]",synthetic_positive_multi
train-00679,The expedition leader rejected the algorithm on Monday.,"[""The"", ""expedition"", ""leader"", ""rejected"", ""the"", ""algorithm"", ""on"", ""Monday"", "".""]","[""O"", ""O"", ""O"", ""O"", ""O"", ""O"", ""O"", ""O"", ""O""]",[],synthetic_negative
train-00680,The museum curator compared the algorithm in the final report.,"[""The"", ""museum"", ""curator"", ""compared"", ""the"", ""algorithm"", ""in"", ""the"", ""final"", ""report"", "".""]","[""O"", ""O"", ""O"", ""O"", ""O"", ""O"", ""O"", ""O"", ""O"", ""O"", ""O""]",[],synthetic_negative
train-00681,The university department reviewed the expedition permit during the meeting.,"[""The"", ""university"", ""department"", ""reviewed"", ""the"", ""expedition"", ""permit"", ""during"", ""the"", ""meeting"", "".""]","[""O"", ""O"", ""O"", ""O"", ""O"", ""O"", ""O"", ""O"", ""O"", ""O"", ""O""]",[],synthetic_negative
train-00682,"From the eastern ridge, we watched the sun rise behind Mount Fuji.","[""From"", ""the"", ""eastern"", ""ridge"", "","", ""we"", ""watched"", ""the"", ""sun"", ""rise"", ""behind"", ""Mount"", ""Fuji"", "".""]","[""O"", ""O"", ""O"", ""O"", ""O"", ""O"", ""O"", ""O"", ""O"", ""O"", ""O"", ""B-MOUNTAIN"", ""I-MOUNTAIN"", ""O""]","[{""start"": 55, ""end"": 65, ""label"": ""MOUNTAIN"", ""text"": ""Mount Fuji""}]",synthetic_positive_single
train-00683,The team measured snow depth on Mount Everest.,"[""The"", ""team"", ""measured"", ""snow"", ""depth"", ""on"", ""Mount"", ""Everest"", "".""]","[""O"", ""O"", ""O"", ""O"", ""O"", ""O"", ""B-MOUNTAIN"", ""I-MOUNTAIN"", ""O""]","[{""start"": 32, ""end"": 45, ""label"": ""MOUNTAIN"", ""text"": ""Mount Everest""}]",synthetic_positive_single
train-00684,Researchers installed weather sensors on Mount Kilimanjaro.,"[""Researchers"", ""installed"", ""weather"", ""sensors"", ""on"", ""Mount"", ""Kilimanjaro"", "".""]","[""O"", ""O"", ""O"", ""O"", ""O"", ""B-MOUNTAIN"", ""I-MOUNTAIN"", ""O""]","[{""start"": 41, ""end"": 58, ""label"": ""MOUNTAIN"", ""text"": ""Mount Kilimanjaro""}]",synthetic_positive_single
train-00685,Several routes lead toward the summit of Huascaran.,"[""Several"", ""routes"", ""lead"", ""toward"", ""the"", ""summit"", ""of"", ""Huascaran"", "".""]","[""O"", ""O"", ""O"", ""O"", ""O"", ""O"", ""O"", ""B-MOUNTAIN"", ""O""]","[{""start"": 41, ""end"": 50, ""label"": ""MOUNTAIN"", ""text"": ""Huascaran""}]",synthetic_positive_single
train-00686,They began their ascent of Ras Dashen at dawn.,"[""They"", ""began"", ""their"", ""ascent"", ""of"", ""Ras"", ""Dashen"", ""at"", ""dawn"", "".""]","[""O"", ""O"", ""O"", ""O"", ""O"", ""B-MOUNTAIN"", ""I-MOUNTAIN"", ""O"", ""O"", ""O""]","[{""start"": 27, ""end"": 37, ""label"": ""MOUNTAIN"", ""text"": ""Ras Dashen""}]",synthetic_positive_single
train-00687,The lecture included a case study about Shishapangma.,"[""The"", ""lecture"", ""included"", ""a"", ""case"", ""study"", ""about"", ""Shishapangma"", "".""]","[""O"", ""O"", ""O"", ""O"", ""O"", ""O"", ""O"", ""B-MOUNTAIN"", ""O""]","[{""start"": 40, ""end"": 52, ""label"": ""MOUNTAIN"", ""text"": ""Shishapangma""}]",synthetic_positive_single
train-00688,"For safety reasons, access to Aoraki Mount Cook was temporarily restricted.","[""For"", ""safety"", ""reasons"", "","", ""access"", ""to"", ""Aoraki"", ""Mount"", ""Cook"", ""was"", ""temporarily"", ""restricted"", "".""]","[""O"", ""O"", ""O"", ""O"", ""O"", ""O"", ""B-MOUNTAIN"", ""I-MOUNTAIN"", ""I-MOUNTAIN"", ""O"", ""O"", ""O"", ""O""]","[{""start"": 30, ""end"": 47, ""label"": ""MOUNTAIN"", ""text"": ""Aoraki Mount Cook""}]",synthetic_positive_single
train-00689,The northern face of Mount Tasman looked almost vertical.,"[""The"", ""northern"", ""face"", ""of"", ""Mount"", ""Tasman"", ""looked"", ""almost"", ""vertical"", "".""]","[""O"", ""O"", ""O"", ""O"", ""B-MOUNTAIN"", ""I-MOUNTAIN"", ""O"", ""O"", ""O"", ""O""]","[{""start"": 21, ""end"": 33, ""label"": ""MOUNTAIN"", ""text"": ""Mount Tasman""}]",synthetic_positive_single
train-00690,The photograph shows Mount Hicks at sunrise.,"[""The"", ""photograph"", ""shows"", ""Mount"", ""Hicks"", ""at"", ""sunrise"", "".""]","[""O"", ""O"", ""O"", ""B-MOUNTAIN"", ""I-MOUNTAIN"", ""O"", ""O"", ""O""]","[{""start"": 21, ""end"": 32, ""label"": ""MOUNTAIN"", ""text"": ""Mount Hicks""}]",synthetic_positive_single
train-00691,They began their ascent of Snowdon at dawn.,"[""They"", ""began"", ""their"", ""ascent"", ""of"", ""Snowdon"", ""at"", ""dawn"", "".""]","[""O"", ""O"", ""O"", ""O"", ""O"", ""B-MOUNTAIN"", ""O"", ""O"", ""O""]","[{""start"": 27, ""end"": 34, ""label"": ""MOUNTAIN"", ""text"": ""Snowdon""}]",synthetic_positive_single
train-00692,The weather service translated the camera in the final report.,"[""The"", ""weather"", ""service"", ""translated"", ""the"", ""camera"", ""in"", ""the"", ""final"", ""report"", "".""]","[""O"", ""O"", ""O"", ""O"", ""O"", ""O"", ""O"", ""O"", ""O"", ""O"", ""O""]",[],synthetic_negative
train-00693,The weather service updated the valley in the final report.,"[""The"", ""weather"", ""service"", ""updated"", ""the"", ""valley"", ""in"", ""the"", ""final"", ""report"", "".""]","[""O"", ""O"", ""O"", ""O"", ""O"", ""O"", ""O"", ""O"", ""O"", ""O"", ""O""]",[],synthetic_negative
train-00694,Weather stations near Sajama and Table Mountain recorded strong winds.,"[""Weather"", ""stations"", ""near"", ""Sajama"", ""and"", ""Table"", ""Mountain"", ""recorded"", ""strong"", ""winds"", "".""]","[""O"", ""O"", ""O"", ""B-MOUNTAIN"", ""O"", ""B-MOUNTAIN"", ""I-MOUNTAIN"", ""O"", ""O"", ""O"", ""O""]","[{""start"": 22, ""end"": 28, ""label"": ""MOUNTAIN"", ""text"": ""Sajama""}, {""start"": 33, ""end"": 47, ""label"": ""MOUNTAIN"", ""text"": ""Table Mountain""}]",synthetic_positive_multi
train-00695,The expedition leader archived the conference program during the meeting.,"[""The"", ""expedition"", ""leader"", ""archived"", ""the"", ""conference"", ""program"", ""during"", ""the"", ""meeting"", "".""]","[""O"", ""O"", ""O"", ""O"", ""O"", ""O"", ""O"", ""O"", ""O"", ""O"", ""O""]",[],synthetic_negative
train-00696,The museum curator updated the hotel booking at the airport.,"[""The"", ""museum"", ""curator"", ""updated"", ""the"", ""hotel"", ""booking"", ""at"", ""the"", ""airport"", "".""]","[""O"", ""O"", ""O"", ""O"", ""O"", ""O"", ""O"", ""O"", ""O"", ""O"", ""O""]",[],synthetic_negative
train-00697,The article compares climbing conditions on Mount Lendenfeld with those on Mount Alverstone.,"[""The"", ""article"", ""compares"", ""climbing"", ""conditions"", ""on"", ""Mount"", ""Lendenfeld"", ""with"", ""those"", ""on"", ""Mount"", ""Alverstone"", "".""]","[""O"", ""O"", ""O"", ""O"", ""O"", ""O"", ""B-MOUNTAIN"", ""I-MOUNTAIN"", ""O"", ""O"", ""O"", ""B-MOUNTAIN"", ""I-MOUNTAIN"", ""O""]","[{""start"": 44, ""end"": 60, ""label"": ""MOUNTAIN"", ""text"": ""Mount Lendenfeld""}, {""start"": 75, ""end"": 91, ""label"": ""MOUNTAIN"", ""text"": ""Mount Alverstone""}]",synthetic_positive_multi
train-00698,The rescue unit published the budget in the final report.,"[""The"", ""rescue"", ""unit"", ""published"", ""the"", ""budget"", ""in"", ""the"", ""final"", ""report"", "".""]","[""O"", ""O"", ""O"", ""O"", ""O"", ""O"", ""O"", ""O"", ""O"", ""O"", ""O""]",[],synthetic_negative
train-00699,"According to the itinerary, Mount Silverthrone is the main destination.","[""According"", ""to"", ""the"", ""itinerary"", "","", ""Mount"", ""Silverthrone"", ""is"", ""the"", ""main"", ""destination"", "".""]","[""O"", ""O"", ""O"", ""O"", ""O"", ""B-MOUNTAIN"", ""I-MOUNTAIN"", ""O"", ""O"", ""O"", ""O"", ""O""]","[{""start"": 28, ""end"": 46, ""label"": ""MOUNTAIN"", ""text"": ""Mount Silverthrone""}]",synthetic_positive_single
train-00700,Weather stations near Monte Rosa and Huascaran recorded strong winds.,"[""Weather"", ""stations"", ""near"", ""Monte"", ""Rosa"", ""and"", ""Huascaran"", ""recorded"", ""strong"", ""winds"", "".""]","[""O"", ""O"", ""O"", ""B-MOUNTAIN"", ""I-MOUNTAIN"", ""O"", ""B-MOUNTAIN"", ""O"", ""O"", ""O"", ""O""]","[{""start"": 22, ""end"": 32, ""label"": ""MOUNTAIN"", ""text"": ""Monte Rosa""}, {""start"": 37, ""end"": 46, ""label"": ""MOUNTAIN"", ""text"": ""Huascaran""}]",synthetic_positive_multi
train-00701,"From the eastern ridge, we watched the sun rise behind Mount Meru.","[""From"", ""the"", ""eastern"", ""ridge"", "","", ""we"", ""watched"", ""the"", ""sun"", ""rise"", ""behind"", ""Mount"", ""Meru"", "".""]","[""O"", ""O"", ""O"", ""O"", ""O"", ""O"", ""O"", ""O"", ""O"", ""O"", ""O"", ""B-MOUNTAIN"", ""I-MOUNTAIN"", ""O""]","[{""start"": 55, ""end"": 65, ""label"": ""MOUNTAIN"", ""text"": ""Mount Meru""}]",synthetic_positive_single
train-00702,Tourists gathered at a viewpoint facing Mount Shasta.,"[""Tourists"", ""gathered"", ""at"", ""a"", ""viewpoint"", ""facing"", ""Mount"", ""Shasta"", "".""]","[""O"", ""O"", ""O"", ""O"", ""O"", ""O"", ""B-MOUNTAIN"", ""I-MOUNTAIN"", ""O""]","[{""start"": 40, ""end"": 52, ""label"": ""MOUNTAIN"", ""text"": ""Mount Shasta""}]",synthetic_positive_single
train-00703,"Despite the forecast, the climbers continued toward Mauna Kea.","[""Despite"", ""the"", ""forecast"", "","", ""the"", ""climbers"", ""continued"", ""toward"", ""Mauna"", ""Kea"", "".""]","[""O"", ""O"", ""O"", ""O"", ""O"", ""O"", ""O"", ""O"", ""B-MOUNTAIN"", ""I-MOUNTAIN"", ""O""]","[{""start"": 52, ""end"": 61, ""label"": ""MOUNTAIN"", ""text"": ""Mauna Kea""}]",synthetic_positive_single
train-00704,"During the spring survey, scientists visited K2.","[""During"", ""the"", ""spring"", ""survey"", "","", ""scientists"", ""visited"", ""K2"", "".""]","[""O"", ""O"", ""O"", ""O"", ""O"", ""O"", ""O"", ""B-MOUNTAIN"", ""O""]","[{""start"": 45, ""end"": 47, ""label"": ""MOUNTAIN"", ""text"": ""K2""}]",synthetic_positive_single
train-00705,The film crew archived the ridge map in the laboratory.,"[""The"", ""film"", ""crew"", ""archived"", ""the"", ""ridge"", ""map"", ""in"", ""the"", ""laboratory"", "".""]","[""O"", ""O"", ""O"", ""O"", ""O"", ""O"", ""O"", ""O"", ""O"", ""O"", ""O""]",[],synthetic_negative
train-00706,"According to the itinerary, Mount Bona is the main destination.","[""According"", ""to"", ""the"", ""itinerary"", "","", ""Mount"", ""Bona"", ""is"", ""the"", ""main"", ""destination"", "".""]","[""O"", ""O"", ""O"", ""O"", ""O"", ""B-MOUNTAIN"", ""I-MOUNTAIN"", ""O"", ""O"", ""O"", ""O"", ""O""]","[{""start"": 28, ""end"": 38, ""label"": ""MOUNTAIN"", ""text"": ""Mount Bona""}]",synthetic_positive_single
train-00707,A documentary crew filmed near Mont Blanc.,"[""A"", ""documentary"", ""crew"", ""filmed"", ""near"", ""Mont"", ""Blanc"", "".""]","[""O"", ""O"", ""O"", ""O"", ""O"", ""B-MOUNTAIN"", ""I-MOUNTAIN"", ""O""]","[{""start"": 31, ""end"": 41, ""label"": ""MOUNTAIN"", ""text"": ""Mont Blanc""}]",synthetic_positive_single
train-00708,"From the eastern ridge, we watched the sun rise behind Mount Kazbek.","[""From"", ""the"", ""eastern"", ""ridge"", "","", ""we"", ""watched"", ""the"", ""sun"", ""rise"", ""behind"", ""Mount"", ""Kazbek"", "".""]","[""O"", ""O"", ""O"", ""O"", ""O"", ""O"", ""O"", ""O"", ""O"", ""O"", ""O"", ""B-MOUNTAIN"", ""I-MOUNTAIN"", ""O""]","[{""start"": 55, ""end"": 67, ""label"": ""MOUNTAIN"", ""text"": ""Mount Kazbek""}]",synthetic_positive_single
train-00709,Have you ever seen Mount Dampier in winter?,"[""Have"", ""you"", ""ever"", ""seen"", ""Mount"", ""Dampier"", ""in"", ""winter"", ""?""]","[""O"", ""O"", ""O"", ""O"", ""B-MOUNTAIN"", ""I-MOUNTAIN"", ""O"", ""O"", ""O""]","[{""start"": 19, ""end"": 32, ""label"": ""MOUNTAIN"", ""text"": ""Mount Dampier""}]",synthetic_positive_single
train-00710,The base camp below Mount Blackburn was moved to safer ground.,"[""The"", ""base"", ""camp"", ""below"", ""Mount"", ""Blackburn"", ""was"", ""moved"", ""to"", ""safer"", ""ground"", "".""]","[""O"", ""O"", ""O"", ""O"", ""B-MOUNTAIN"", ""I-MOUNTAIN"", ""O"", ""O"", ""O"", ""O"", ""O"", ""O""]","[{""start"": 20, ""end"": 35, ""label"": ""MOUNTAIN"", ""text"": ""Mount Blackburn""}]",synthetic_positive_single
train-00711,"From the eastern ridge, we watched the sun rise behind Mount Saint Elias.","[""From"", ""the"", ""eastern"", ""ridge"", "","", ""we"", ""watched"", ""the"", ""sun"", ""rise"", ""behind"", ""Mount"", ""Saint"", ""Elias"", "".""]","[""O"", ""O"", ""O"", ""O"", ""O"", ""O"", ""O"", ""O"", ""O"", ""O"", ""O"", ""B-MOUNTAIN"", ""I-MOUNTAIN"", ""I-MOUNTAIN"", ""O""]","[{""start"": 55, ""end"": 72, ""label"": ""MOUNTAIN"", ""text"": ""Mount Saint Elias""}]",synthetic_positive_single
train-00712,The route to Mount Fuji was closed after the storm.,"[""The"", ""route"", ""to"", ""Mount"", ""Fuji"", ""was"", ""closed"", ""after"", ""the"", ""storm"", "".""]","[""O"", ""O"", ""O"", ""B-MOUNTAIN"", ""I-MOUNTAIN"", ""O"", ""O"", ""O"", ""O"", ""O"", ""O""]","[{""start"": 13, ""end"": 23, ""label"": ""MOUNTAIN"", ""text"": ""Mount Fuji""}]",synthetic_positive_single
train-00713,The weather service approved the schedule before lunch.,"[""The"", ""weather"", ""service"", ""approved"", ""the"", ""schedule"", ""before"", ""lunch"", "".""]","[""O"", ""O"", ""O"", ""O"", ""O"", ""O"", ""O"", ""O"", ""O""]",[],synthetic_negative
train-00714,The weather service updated the camera at the office.,"[""The"", ""weather"", ""service"", ""updated"", ""the"", ""camera"", ""at"", ""the"", ""office"", "".""]","[""O"", ""O"", ""O"", ""O"", ""O"", ""O"", ""O"", ""O"", ""O"", ""O""]",[],synthetic_negative
train-00715,The rescue unit discussed the route after the presentation.,"[""The"", ""rescue"", ""unit"", ""discussed"", ""the"", ""route"", ""after"", ""the"", ""presentation"", "".""]","[""O"", ""O"", ""O"", ""O"", ""O"", ""O"", ""O"", ""O"", ""O"", ""O""]",[],synthetic_negative
train-00716,The weather service printed the aircraft during the conference.,"[""The"", ""weather"", ""service"", ""printed"", ""the"", ""aircraft"", ""during"", ""the"", ""conference"", "".""]","[""O"", ""O"", ""O"", ""O"", ""O"", ""O"", ""O"", ""O"", ""O"", ""O""]",[],synthetic_negative
train-00717,The article compares climbing conditions on Huascaran with those on Pikes Peak.,"[""The"", ""article"", ""compares"", ""climbing"", ""conditions"", ""on"", ""Huascaran"", ""with"", ""those"", ""on"", ""Pikes"", ""Peak"", "".""]","[""O"", ""O"", ""O"", ""O"", ""O"", ""O"", ""B-MOUNTAIN"", ""O"", ""O"", ""O"", ""B-MOUNTAIN"", ""I-MOUNTAIN"", ""O""]","[{""start"": 44, ""end"": 53, ""label"": ""MOUNTAIN"", ""text"": ""Huascaran""}, {""start"": 68, ""end"": 78, ""label"": ""MOUNTAIN"", ""text"": ""Pikes Peak""}]",synthetic_positive_multi
train-00718,K2 attracts climbers from around the world.,"[""K2"", ""attracts"", ""climbers"", ""from"", ""around"", ""the"", ""world"", "".""]","[""B-MOUNTAIN"", ""O"", ""O"", ""O"", ""O"", ""O"", ""O"", ""O""]","[{""start"": 0, ""end"": 2, ""label"": ""MOUNTAIN"", ""text"": ""K2""}]",synthetic_positive_single
train-00719,"She has photographed Mount Mitchell, Mount Cook, and several nearby peaks.","[""She"", ""has"", ""photographed"", ""Mount"", ""Mitchell"", "","", ""Mount"", ""Cook"", "","", ""and"", ""several"", ""nearby"", ""peaks"", "".""]","[""O"", ""O"", ""O"", ""B-MOUNTAIN"", ""I-MOUNTAIN"", ""O"", ""B-MOUNTAIN"", ""I-MOUNTAIN"", ""O"", ""O"", ""O"", ""O"", ""O"", ""O""]","[{""start"": 21, ""end"": 35, ""label"": ""MOUNTAIN"", ""text"": ""Mount Mitchell""}, {""start"": 37, ""end"": 47, ""label"": ""MOUNTAIN"", ""text"": ""Mount Cook""}]",synthetic_positive_multi
train-00720,The rescue unit translated the conference program during the meeting.,"[""The"", ""rescue"", ""unit"", ""translated"", ""the"", ""conference"", ""program"", ""during"", ""the"", ""meeting"", "".""]","[""O"", ""O"", ""O"", ""O"", ""O"", ""O"", ""O"", ""O"", ""O"", ""O"", ""O""]",[],synthetic_negative
train-00721,The expedition leader shared the conference program at the airport.,"[""The"", ""expedition"", ""leader"", ""shared"", ""the"", ""conference"", ""program"", ""at"", ""the"", ""airport"", "".""]","[""O"", ""O"", ""O"", ""O"", ""O"", ""O"", ""O"", ""O"", ""O"", ""O"", ""O""]",[],synthetic_negative
train-00722,A new trail provides access to Mount Wilhelm.,"[""A"", ""new"", ""trail"", ""provides"", ""access"", ""to"", ""Mount"", ""Wilhelm"", "".""]","[""O"", ""O"", ""O"", ""O"", ""O"", ""O"", ""B-MOUNTAIN"", ""I-MOUNTAIN"", ""O""]","[{""start"": 31, ""end"": 44, ""label"": ""MOUNTAIN"", ""text"": ""Mount Wilhelm""}]",synthetic_positive_single
train-00723,The expedition leader published the satellite image before the deadline.,"[""The"", ""expedition"", ""leader"", ""published"", ""the"", ""satellite"", ""image"", ""before"", ""the"", ""deadline"", "".""]","[""O"", ""O"", ""O"", ""O"", ""O"", ""O"", ""O"", ""O"", ""O"", ""O"", ""O""]",[],synthetic_negative
train-00724,The team measured snow depth on Muztagh Ata.,"[""The"", ""team"", ""measured"", ""snow"", ""depth"", ""on"", ""Muztagh"", ""Ata"", "".""]","[""O"", ""O"", ""O"", ""O"", ""O"", ""O"", ""B-MOUNTAIN"", ""I-MOUNTAIN"", ""O""]","[{""start"": 32, ""end"": 43, ""label"": ""MOUNTAIN"", ""text"": ""Muztagh Ata""}]",synthetic_positive_single
train-00725,The museum curator discussed the research report in the laboratory.,"[""The"", ""museum"", ""curator"", ""discussed"", ""the"", ""research"", ""report"", ""in"", ""the"", ""laboratory"", "".""]","[""O"", ""O"", ""O"", ""O"", ""O"", ""O"", ""O"", ""O"", ""O"", ""O"", ""O""]",[],synthetic_negative
train-00726,The rescue team returned safely from Mount Cook.,"[""The"", ""rescue"", ""team"", ""returned"", ""safely"", ""from"", ""Mount"", ""Cook"", "".""]","[""O"", ""O"", ""O"", ""O"", ""O"", ""O"", ""B-MOUNTAIN"", ""I-MOUNTAIN"", ""O""]","[{""start"": 37, ""end"": 47, ""label"": ""MOUNTAIN"", ""text"": ""Mount Cook""}]",synthetic_positive_single
train-00727,Wind speeds increased rapidly around Mount Assiniboine.,"[""Wind"", ""speeds"", ""increased"", ""rapidly"", ""around"", ""Mount"", ""Assiniboine"", "".""]","[""O"", ""O"", ""O"", ""O"", ""O"", ""B-MOUNTAIN"", ""I-MOUNTAIN"", ""O""]","[{""start"": 37, ""end"": 54, ""label"": ""MOUNTAIN"", ""text"": ""Mount Assiniboine""}]",synthetic_positive_single
train-00728,The film crew approved the camera during the meeting.,"[""The"", ""film"", ""crew"", ""approved"", ""the"", ""camera"", ""during"", ""the"", ""meeting"", "".""]","[""O"", ""O"", ""O"", ""O"", ""O"", ""O"", ""O"", ""O"", ""O"", ""O""]",[],synthetic_negative
train-00729,He plans to study glaciers on Mount Steele and Ojos del Salado.,"[""He"", ""plans"", ""to"", ""study"", ""glaciers"", ""on"", ""Mount"", ""Steele"", ""and"", ""Ojos"", ""del"", ""Salado"", "".""]","[""O"", ""O"", ""O"", ""O"", ""O"", ""O"", ""B-MOUNTAIN"", ""I-MOUNTAIN"", ""O"", ""B-MOUNTAIN"", ""I-MOUNTAIN"", ""I-MOUNTAIN"", ""O""]","[{""start"": 30, ""end"": 42, ""label"": ""MOUNTAIN"", ""text"": ""Mount Steele""}, {""start"": 47, ""end"": 62, ""label"": ""MOUNTAIN"", ""text"": ""Ojos del Salado""}]",synthetic_positive_multi
train-00730,"For safety reasons, access to Mount Murchison was temporarily restricted.","[""For"", ""safety"", ""reasons"", "","", ""access"", ""to"", ""Mount"", ""Murchison"", ""was"", ""temporarily"", ""restricted"", "".""]","[""O"", ""O"", ""O"", ""O"", ""O"", ""O"", ""B-MOUNTAIN"", ""I-MOUNTAIN"", ""O"", ""O"", ""O"", ""O""]","[{""start"": 30, ""end"": 45, ""label"": ""MOUNTAIN"", ""text"": ""Mount Murchison""}]",synthetic_positive_single
train-00731,The article compares climbing conditions on Mount Ruapehu with those on Gasherbrum II.,"[""The"", ""article"", ""compares"", ""climbing"", ""conditions"", ""on"", ""Mount"", ""Ruapehu"", ""with"", ""those"", ""on"", ""Gasherbrum"", ""II"", "".""]","[""O"", ""O"", ""O"", ""O"", ""O"", ""O"", ""B-MOUNTAIN"", ""I-MOUNTAIN"", ""O"", ""O"", ""O"", ""B-MOUNTAIN"", ""I-MOUNTAIN"", ""O""]","[{""start"": 44, ""end"": 57, ""label"": ""MOUNTAIN"", ""text"": ""Mount Ruapehu""}, {""start"": 72, ""end"": 85, ""label"": ""MOUNTAIN"", ""text"": ""Gasherbrum II""}]",synthetic_positive_multi
train-00732,The weather service updated the glacier report on Monday.,"[""The"", ""weather"", ""service"", ""updated"", ""the"", ""glacier"", ""report"", ""on"", ""Monday"", "".""]","[""O"", ""O"", ""O"", ""O"", ""O"", ""O"", ""O"", ""O"", ""O"", ""O""]",[],synthetic_negative
train-00733,The film crew rejected the route during the meeting.,"[""The"", ""film"", ""crew"", ""rejected"", ""the"", ""route"", ""during"", ""the"", ""meeting"", "".""]","[""O"", ""O"", ""O"", ""O"", ""O"", ""O"", ""O"", ""O"", ""O"", ""O""]",[],synthetic_negative
train-00734,"In the final chapter, the author describes an ascent of Pikes Peak.","[""In"", ""the"", ""final"", ""chapter"", "","", ""the"", ""author"", ""describes"", ""an"", ""ascent"", ""of"", ""Pikes"", ""Peak"", "".""]","[""O"", ""O"", ""O"", ""O"", ""O"", ""O"", ""O"", ""O"", ""O"", ""O"", ""O"", ""B-MOUNTAIN"", ""I-MOUNTAIN"", ""O""]","[{""start"": 56, ""end"": 66, ""label"": ""MOUNTAIN"", ""text"": ""Pikes Peak""}]",synthetic_positive_single
train-00735,The rescue unit archived the hotel booking in the laboratory.,"[""The"", ""rescue"", ""unit"", ""archived"", ""the"", ""hotel"", ""booking"", ""in"", ""the"", ""laboratory"", "".""]","[""O"", ""O"", ""O"", ""O"", ""O"", ""O"", ""O"", ""O"", ""O"", ""O"", ""O""]",[],synthetic_negative
train-00736,The northern face of Mount Everest looked almost vertical.,"[""The"", ""northern"", ""face"", ""of"", ""Mount"", ""Everest"", ""looked"", ""almost"", ""vertical"", "".""]","[""O"", ""O"", ""O"", ""O"", ""B-MOUNTAIN"", ""I-MOUNTAIN"", ""O"", ""O"", ""O"", ""O""]","[{""start"": 21, ""end"": 34, ""label"": ""MOUNTAIN"", ""text"": ""Mount Everest""}]",synthetic_positive_single
train-00737,The tourist group updated the forest trail in the final report.,"[""The"", ""tourist"", ""group"", ""updated"", ""the"", ""forest"", ""trail"", ""in"", ""the"", ""final"", ""report"", "".""]","[""O"", ""O"", ""O"", ""O"", ""O"", ""O"", ""O"", ""O"", ""O"", ""O"", ""O"", ""O""]",[],synthetic_negative
train-00738,"Yesterday, Mont Blanc was barely visible through the mist.","[""Yesterday"", "","", ""Mont"", ""Blanc"", ""was"", ""barely"", ""visible"", ""through"", ""the"", ""mist"", "".""]","[""O"", ""O"", ""B-MOUNTAIN"", ""I-MOUNTAIN"", ""O"", ""O"", ""O"", ""O"", ""O"", ""O"", ""O""]","[{""start"": 11, ""end"": 21, ""label"": ""MOUNTAIN"", ""text"": ""Mont Blanc""}]",synthetic_positive_single
train-00739,The rescue unit rejected the aircraft at the office.,"[""The"", ""rescue"", ""unit"", ""rejected"", ""the"", ""aircraft"", ""at"", ""the"", ""office"", "".""]","[""O"", ""O"", ""O"", ""O"", ""O"", ""O"", ""O"", ""O"", ""O"", ""O""]",[],synthetic_negative
train-00740,We could clearly see Mount Lucania from the valley.,"[""We"", ""could"", ""clearly"", ""see"", ""Mount"", ""Lucania"", ""from"", ""the"", ""valley"", "".""]","[""O"", ""O"", ""O"", ""O"", ""B-MOUNTAIN"", ""I-MOUNTAIN"", ""O"", ""O"", ""O"", ""O""]","[{""start"": 21, ""end"": 34, ""label"": ""MOUNTAIN"", ""text"": ""Mount Lucania""}]",synthetic_positive_single
train-00741,The travel company printed the satellite image before lunch.,"[""The"", ""travel"", ""company"", ""printed"", ""the"", ""satellite"", ""image"", ""before"", ""lunch"", "".""]","[""O"", ""O"", ""O"", ""O"", ""O"", ""O"", ""O"", ""O"", ""O"", ""O""]",[],synthetic_negative
train-00742,The mapping agency printed the product range after the presentation.,"[""The"", ""mapping"", ""agency"", ""printed"", ""the"", ""product"", ""range"", ""after"", ""the"", ""presentation"", "".""]","[""O"", ""O"", ""O"", ""O"", ""O"", ""O"", ""O"", ""O"", ""O"", ""O"", ""O""]",[],synthetic_negative
train-00743,The climbers postponed their attempt on Mount Kazbek.,"[""The"", ""climbers"", ""postponed"", ""their"", ""attempt"", ""on"", ""Mount"", ""Kazbek"", "".""]","[""O"", ""O"", ""O"", ""O"", ""O"", ""O"", ""B-MOUNTAIN"", ""I-MOUNTAIN"", ""O""]","[{""start"": 40, ""end"": 52, ""label"": ""MOUNTAIN"", ""text"": ""Mount Kazbek""}]",synthetic_positive_single
train-00744,Our route passes near Gasherbrum II before turning toward Mount Murchison.,"[""Our"", ""route"", ""passes"", ""near"", ""Gasherbrum"", ""II"", ""before"", ""turning"", ""toward"", ""Mount"", ""Murchison"", "".""]","[""O"", ""O"", ""O"", ""O"", ""B-MOUNTAIN"", ""I-MOUNTAIN"", ""O"", ""O"", ""O"", ""B-MOUNTAIN"", ""I-MOUNTAIN"", ""O""]","[{""start"": 22, ""end"": 35, ""label"": ""MOUNTAIN"", ""text"": ""Gasherbrum II""}, {""start"": 58, ""end"": 73, ""label"": ""MOUNTAIN"", ""text"": ""Mount Murchison""}]",synthetic_positive_multi
train-00745,A helicopter circled above Vinson Massif during the rescue.,"[""A"", ""helicopter"", ""circled"", ""above"", ""Vinson"", ""Massif"", ""during"", ""the"", ""rescue"", "".""]","[""O"", ""O"", ""O"", ""O"", ""B-MOUNTAIN"", ""I-MOUNTAIN"", ""O"", ""O"", ""O"", ""O""]","[{""start"": 27, ""end"": 40, ""label"": ""MOUNTAIN"", ""text"": ""Vinson Massif""}]",synthetic_positive_single
train-00746,The route to Mount Tate was closed after the storm.,"[""The"", ""route"", ""to"", ""Mount"", ""Tate"", ""was"", ""closed"", ""after"", ""the"", ""storm"", "".""]","[""O"", ""O"", ""O"", ""B-MOUNTAIN"", ""I-MOUNTAIN"", ""O"", ""O"", ""O"", ""O"", ""O"", ""O""]","[{""start"": 13, ""end"": 23, ""label"": ""MOUNTAIN"", ""text"": ""Mount Tate""}]",synthetic_positive_single
train-00747,"By late afternoon, shadows had covered the slopes of Mount Taranaki.","[""By"", ""late"", ""afternoon"", "","", ""shadows"", ""had"", ""covered"", ""the"", ""slopes"", ""of"", ""Mount"", ""Taranaki"", "".""]","[""O"", ""O"", ""O"", ""O"", ""O"", ""O"", ""O"", ""O"", ""O"", ""O"", ""B-MOUNTAIN"", ""I-MOUNTAIN"", ""O""]","[{""start"": 53, ""end"": 67, ""label"": ""MOUNTAIN"", ""text"": ""Mount Taranaki""}]",synthetic_positive_single
train-00748,She hopes to climb Jungfrau next year.,"[""She"", ""hopes"", ""to"", ""climb"", ""Jungfrau"", ""next"", ""year"", "".""]","[""O"", ""O"", ""O"", ""O"", ""B-MOUNTAIN"", ""O"", ""O"", ""O""]","[{""start"": 19, ""end"": 27, ""label"": ""MOUNTAIN"", ""text"": ""Jungfrau""}]",synthetic_positive_single
train-00749,Tourists gathered at a viewpoint facing Dhaulagiri.,"[""Tourists"", ""gathered"", ""at"", ""a"", ""viewpoint"", ""facing"", ""Dhaulagiri"", "".""]","[""O"", ""O"", ""O"", ""O"", ""O"", ""O"", ""B-MOUNTAIN"", ""O""]","[{""start"": 40, ""end"": 50, ""label"": ""MOUNTAIN"", ""text"": ""Dhaulagiri""}]",synthetic_positive_single
train-00750,The route to Sajama was closed after the storm.,"[""The"", ""route"", ""to"", ""Sajama"", ""was"", ""closed"", ""after"", ""the"", ""storm"", "".""]","[""O"", ""O"", ""O"", ""B-MOUNTAIN"", ""O"", ""O"", ""O"", ""O"", ""O"", ""O""]","[{""start"": 13, ""end"": 19, ""label"": ""MOUNTAIN"", ""text"": ""Sajama""}]",synthetic_positive_single
train-00751,An avalanche warning was issued for the area around Brebeneskul.,"[""An"", ""avalanche"", ""warning"", ""was"", ""issued"", ""for"", ""the"", ""area"", ""around"", ""Brebeneskul"", "".""]","[""O"", ""O"", ""O"", ""O"", ""O"", ""O"", ""O"", ""O"", ""O"", ""B-MOUNTAIN"", ""O""]","[{""start"": 52, ""end"": 63, ""label"": ""MOUNTAIN"", ""text"": ""Brebeneskul""}]",synthetic_positive_single
train-00752,The weather service discussed the research report after the presentation.,"[""The"", ""weather"", ""service"", ""discussed"", ""the"", ""research"", ""report"", ""after"", ""the"", ""presentation"", "".""]","[""O"", ""O"", ""O"", ""O"", ""O"", ""O"", ""O"", ""O"", ""O"", ""O"", ""O""]",[],synthetic_negative
train-00753,Machapuchare attracts climbers from around the world.,"[""Machapuchare"", ""attracts"", ""climbers"", ""from"", ""around"", ""the"", ""world"", "".""]","[""B-MOUNTAIN"", ""O"", ""O"", ""O"", ""O"", ""O"", ""O"", ""O""]","[{""start"": 0, ""end"": 12, ""label"": ""MOUNTAIN"", ""text"": ""Machapuchare""}]",synthetic_positive_single
train-00754,The climbing club reviewed the forest trail in the laboratory.,"[""The"", ""climbing"", ""club"", ""reviewed"", ""the"", ""forest"", ""trail"", ""in"", ""the"", ""laboratory"", "".""]","[""O"", ""O"", ""O"", ""O"", ""O"", ""O"", ""O"", ""O"", ""O"", ""O"", ""O""]",[],synthetic_negative
train-00755,The film crew checked the ridge map during the meeting.,"[""The"", ""film"", ""crew"", ""checked"", ""the"", ""ridge"", ""map"", ""during"", ""the"", ""meeting"", "".""]","[""O"", ""O"", ""O"", ""O"", ""O"", ""O"", ""O"", ""O"", ""O"", ""O"", ""O""]",[],synthetic_negative
train-00756,The university department printed the weather forecast before the deadline.,"[""The"", ""university"", ""department"", ""printed"", ""the"", ""weather"", ""forecast"", ""before"", ""the"", ""deadline"", "".""]","[""O"", ""O"", ""O"", ""O"", ""O"", ""O"", ""O"", ""O"", ""O"", ""O"", ""O""]",[],synthetic_negative
train-00757,The guide warned us not to underestimate Lhotse.,"[""The"", ""guide"", ""warned"", ""us"", ""not"", ""to"", ""underestimate"", ""Lhotse"", "".""]","[""O"", ""O"", ""O"", ""O"", ""O"", ""O"", ""O"", ""B-MOUNTAIN"", ""O""]","[{""start"": 41, ""end"": 47, ""label"": ""MOUNTAIN"", ""text"": ""Lhotse""}]",synthetic_positive_single
train-00758,Local guides described conditions on Mount Shasta as difficult.,"[""Local"", ""guides"", ""described"", ""conditions"", ""on"", ""Mount"", ""Shasta"", ""as"", ""difficult"", "".""]","[""O"", ""O"", ""O"", ""O"", ""O"", ""B-MOUNTAIN"", ""I-MOUNTAIN"", ""O"", ""O"", ""O""]","[{""start"": 37, ""end"": 49, ""label"": ""MOUNTAIN"", ""text"": ""Mount Shasta""}]",synthetic_positive_single
train-00759,We could clearly see Annapurna from the valley.,"[""We"", ""could"", ""clearly"", ""see"", ""Annapurna"", ""from"", ""the"", ""valley"", "".""]","[""O"", ""O"", ""O"", ""O"", ""B-MOUNTAIN"", ""O"", ""O"", ""O"", ""O""]","[{""start"": 21, ""end"": 30, ""label"": ""MOUNTAIN"", ""text"": ""Annapurna""}]",synthetic_positive_single
train-00760,Images of Ben Nevis were placed beside photographs of Jebel Toubkal.,"[""Images"", ""of"", ""Ben"", ""Nevis"", ""were"", ""placed"", ""beside"", ""photographs"", ""of"", ""Jebel"", ""Toubkal"", "".""]","[""O"", ""O"", ""B-MOUNTAIN"", ""I-MOUNTAIN"", ""O"", ""O"", ""O"", ""O"", ""O"", ""B-MOUNTAIN"", ""I-MOUNTAIN"", ""O""]","[{""start"": 10, ""end"": 19, ""label"": ""MOUNTAIN"", ""text"": ""Ben Nevis""}, {""start"": 54, ""end"": 67, ""label"": ""MOUNTAIN"", ""text"": ""Jebel Toubkal""}]",synthetic_positive_multi
train-00761,The lecture included a case study about Gasherbrum I.,"[""The"", ""lecture"", ""included"", ""a"", ""case"", ""study"", ""about"", ""Gasherbrum"", ""I"", "".""]","[""O"", ""O"", ""O"", ""O"", ""O"", ""O"", ""O"", ""B-MOUNTAIN"", ""I-MOUNTAIN"", ""O""]","[{""start"": 40, ""end"": 52, ""label"": ""MOUNTAIN"", ""text"": ""Gasherbrum I""}]",synthetic_positive_single
train-00762,The research team published the route at the airport.,"[""The"", ""research"", ""team"", ""published"", ""the"", ""route"", ""at"", ""the"", ""airport"", "".""]","[""O"", ""O"", ""O"", ""O"", ""O"", ""O"", ""O"", ""O"", ""O"", ""O""]",[],synthetic_negative
train-00763,The mapping agency checked the sales peak in the laboratory.,"[""The"", ""mapping"", ""agency"", ""checked"", ""the"", ""sales"", ""peak"", ""in"", ""the"", ""laboratory"", "".""]","[""O"", ""O"", ""O"", ""O"", ""O"", ""O"", ""O"", ""O"", ""O"", ""O"", ""O""]",[],synthetic_negative
train-00764,The mapping agency rejected the dataset during the meeting.,"[""The"", ""mapping"", ""agency"", ""rejected"", ""the"", ""dataset"", ""during"", ""the"", ""meeting"", "".""]","[""O"", ""O"", ""O"", ""O"", ""O"", ""O"", ""O"", ""O"", ""O"", ""O""]",[],synthetic_negative
train-00765,A new trail provides access to Kangchenjunga.,"[""A"", ""new"", ""trail"", ""provides"", ""access"", ""to"", ""Kangchenjunga"", "".""]","[""O"", ""O"", ""O"", ""O"", ""O"", ""O"", ""B-MOUNTAIN"", ""O""]","[{""start"": 31, ""end"": 44, ""label"": ""MOUNTAIN"", ""text"": ""Kangchenjunga""}]",synthetic_positive_single
train-00766,Several routes lead toward the summit of Mount Dampier.,"[""Several"", ""routes"", ""lead"", ""toward"", ""the"", ""summit"", ""of"", ""Mount"", ""Dampier"", "".""]","[""O"", ""O"", ""O"", ""O"", ""O"", ""O"", ""O"", ""B-MOUNTAIN"", ""I-MOUNTAIN"", ""O""]","[{""start"": 41, ""end"": 54, ""label"": ""MOUNTAIN"", ""text"": ""Mount Dampier""}]",synthetic_positive_single
train-00767,"In the final chapter, the author describes an ascent of Machapuchare.","[""In"", ""the"", ""final"", ""chapter"", "","", ""the"", ""author"", ""describes"", ""an"", ""ascent"", ""of"", ""Machapuchare"", "".""]","[""O"", ""O"", ""O"", ""O"", ""O"", ""O"", ""O"", ""O"", ""O"", ""O"", ""O"", ""B-MOUNTAIN"", ""O""]","[{""start"": 56, ""end"": 68, ""label"": ""MOUNTAIN"", ""text"": ""Machapuchare""}]",synthetic_positive_single
train-00768,The university department published the training notebook during the conference.,"[""The"", ""university"", ""department"", ""published"", ""the"", ""training"", ""notebook"", ""during"", ""the"", ""conference"", "".""]","[""O"", ""O"", ""O"", ""O"", ""O"", ""O"", ""O"", ""O"", ""O"", ""O"", ""O""]",[],synthetic_negative
train-00769,Snow remained on the upper slopes of Fitz Roy.,"[""Snow"", ""remained"", ""on"", ""the"", ""upper"", ""slopes"", ""of"", ""Fitz"", ""Roy"", "".""]","[""O"", ""O"", ""O"", ""O"", ""O"", ""O"", ""O"", ""B-MOUNTAIN"", ""I-MOUNTAIN"", ""O""]","[{""start"": 37, ""end"": 45, ""label"": ""MOUNTAIN"", ""text"": ""Fitz Roy""}]",synthetic_positive_single
train-00770,Mont Blanc and Gasherbrum II were both visible from the aircraft.,"[""Mont"", ""Blanc"", ""and"", ""Gasherbrum"", ""II"", ""were"", ""both"", ""visible"", ""from"", ""the"", ""aircraft"", "".""]","[""B-MOUNTAIN"", ""I-MOUNTAIN"", ""O"", ""B-MOUNTAIN"", ""I-MOUNTAIN"", ""O"", ""O"", ""O"", ""O"", ""O"", ""O"", ""O""]","[{""start"": 0, ""end"": 10, ""label"": ""MOUNTAIN"", ""text"": ""Mont Blanc""}, {""start"": 15, ""end"": 28, ""label"": ""MOUNTAIN"", ""text"": ""Gasherbrum II""}]",synthetic_positive_multi
train-00771,"Despite the forecast, the climbers continued toward Mount Blackburn.","[""Despite"", ""the"", ""forecast"", "","", ""the"", ""climbers"", ""continued"", ""toward"", ""Mount"", ""Blackburn"", "".""]","[""O"", ""O"", ""O"", ""O"", ""O"", ""O"", ""O"", ""O"", ""B-MOUNTAIN"", ""I-MOUNTAIN"", ""O""]","[{""start"": 52, ""end"": 67, ""label"": ""MOUNTAIN"", ""text"": ""Mount Blackburn""}]",synthetic_positive_single
train-00772,"After weeks of preparation, the group departed for Mount Foraker.","[""After"", ""weeks"", ""of"", ""preparation"", "","", ""the"", ""group"", ""departed"", ""for"", ""Mount"", ""Foraker"", "".""]","[""O"", ""O"", ""O"", ""O"", ""O"", ""O"", ""O"", ""O"", ""O"", ""B-MOUNTAIN"", ""I-MOUNTAIN"", ""O""]","[{""start"": 51, ""end"": 64, ""label"": ""MOUNTAIN"", ""text"": ""Mount Foraker""}]",synthetic_positive_single
train-00773,"She has photographed Hoverla, Mount Foraker, and several nearby peaks.","[""She"", ""has"", ""photographed"", ""Hoverla"", "","", ""Mount"", ""Foraker"", "","", ""and"", ""several"", ""nearby"", ""peaks"", "".""]","[""O"", ""O"", ""O"", ""B-MOUNTAIN"", ""O"", ""B-MOUNTAIN"", ""I-MOUNTAIN"", ""O"", ""O"", ""O"", ""O"", ""O"", ""O""]","[{""start"": 21, ""end"": 28, ""label"": ""MOUNTAIN"", ""text"": ""Hoverla""}, {""start"": 30, ""end"": 43, ""label"": ""MOUNTAIN"", ""text"": ""Mount Foraker""}]",synthetic_positive_multi
train-00774,The expedition reached the summit of Matterhorn before noon.,"[""The"", ""expedition"", ""reached"", ""the"", ""summit"", ""of"", ""Matterhorn"", ""before"", ""noon"", "".""]","[""O"", ""O"", ""O"", ""O"", ""O"", ""O"", ""B-MOUNTAIN"", ""O"", ""O"", ""O""]","[{""start"": 37, ""end"": 47, ""label"": ""MOUNTAIN"", ""text"": ""Matterhorn""}]",synthetic_positive_single
train-00775,He plans to study glaciers on Mount Rinjani and Petros.,"[""He"", ""plans"", ""to"", ""study"", ""glaciers"", ""on"", ""Mount"", ""Rinjani"", ""and"", ""Petros"", "".""]","[""O"", ""O"", ""O"", ""O"", ""O"", ""O"", ""B-MOUNTAIN"", ""I-MOUNTAIN"", ""O"", ""B-MOUNTAIN"", ""O""]","[{""start"": 30, ""end"": 43, ""label"": ""MOUNTAIN"", ""text"": ""Mount Rinjani""}, {""start"": 48, ""end"": 54, ""label"": ""MOUNTAIN"", ""text"": ""Petros""}]",synthetic_positive_multi
train-00776,The film crew reviewed the training notebook during the conference.,"[""The"", ""film"", ""crew"", ""reviewed"", ""the"", ""training"", ""notebook"", ""during"", ""the"", ""conference"", "".""]","[""O"", ""O"", ""O"", ""O"", ""O"", ""O"", ""O"", ""O"", ""O"", ""O"", ""O""]",[],synthetic_negative
train-00777,"Despite the forecast, the climbers continued toward Mount Stanley.","[""Despite"", ""the"", ""forecast"", "","", ""the"", ""climbers"", ""continued"", ""toward"", ""Mount"", ""Stanley"", "".""]","[""O"", ""O"", ""O"", ""O"", ""O"", ""O"", ""O"", ""O"", ""B-MOUNTAIN"", ""I-MOUNTAIN"", ""O""]","[{""start"": 52, ""end"": 65, ""label"": ""MOUNTAIN"", ""text"": ""Mount Stanley""}]",synthetic_positive_single
train-00778,Several routes lead toward the summit of Ol Doinyo Lengai.,"[""Several"", ""routes"", ""lead"", ""toward"", ""the"", ""summit"", ""of"", ""Ol"", ""Doinyo"", ""Lengai"", "".""]","[""O"", ""O"", ""O"", ""O"", ""O"", ""O"", ""O"", ""B-MOUNTAIN"", ""I-MOUNTAIN"", ""I-MOUNTAIN"", ""O""]","[{""start"": 41, ""end"": 57, ""label"": ""MOUNTAIN"", ""text"": ""Ol Doinyo Lengai""}]",synthetic_positive_single
train-00779,The weather service updated the ridge map after the presentation.,"[""The"", ""weather"", ""service"", ""updated"", ""the"", ""ridge"", ""map"", ""after"", ""the"", ""presentation"", "".""]","[""O"", ""O"", ""O"", ""O"", ""O"", ""O"", ""O"", ""O"", ""O"", ""O"", ""O""]",[],synthetic_negative
train-00780,The university department printed the valley at the airport.,"[""The"", ""university"", ""department"", ""printed"", ""the"", ""valley"", ""at"", ""the"", ""airport"", "".""]","[""O"", ""O"", ""O"", ""O"", ""O"", ""O"", ""O"", ""O"", ""O"", ""O""]",[],synthetic_negative
train-00781,The museum curator updated the ridge map during the conference.,"[""The"", ""museum"", ""curator"", ""updated"", ""the"", ""ridge"", ""map"", ""during"", ""the"", ""conference"", "".""]","[""O"", ""O"", ""O"", ""O"", ""O"", ""O"", ""O"", ""O"", ""O"", ""O"", ""O""]",[],synthetic_negative
train-00782,The rescue team returned safely from Mount Sidley.,"[""The"", ""rescue"", ""team"", ""returned"", ""safely"", ""from"", ""Mount"", ""Sidley"", "".""]","[""O"", ""O"", ""O"", ""O"", ""O"", ""O"", ""B-MOUNTAIN"", ""I-MOUNTAIN"", ""O""]","[{""start"": 37, ""end"": 49, ""label"": ""MOUNTAIN"", ""text"": ""Mount Sidley""}]",synthetic_positive_single
train-00783,Snow remained on the upper slopes of Mount Steele.,"[""Snow"", ""remained"", ""on"", ""the"", ""upper"", ""slopes"", ""of"", ""Mount"", ""Steele"", "".""]","[""O"", ""O"", ""O"", ""O"", ""O"", ""O"", ""O"", ""B-MOUNTAIN"", ""I-MOUNTAIN"", ""O""]","[{""start"": 37, ""end"": 49, ""label"": ""MOUNTAIN"", ""text"": ""Mount Steele""}]",synthetic_positive_single
train-00784,The climbing club shared the camera during the conference.,"[""The"", ""climbing"", ""club"", ""shared"", ""the"", ""camera"", ""during"", ""the"", ""conference"", "".""]","[""O"", ""O"", ""O"", ""O"", ""O"", ""O"", ""O"", ""O"", ""O"", ""O""]",[],synthetic_negative
train-00785,Expeditions to Mount Steele and Cho Oyu were delayed by bad weather.,"[""Expeditions"", ""to"", ""Mount"", ""Steele"", ""and"", ""Cho"", ""Oyu"", ""were"", ""delayed"", ""by"", ""bad"", ""weather"", "".""]","[""O"", ""O"", ""B-MOUNTAIN"", ""I-MOUNTAIN"", ""O"", ""B-MOUNTAIN"", ""I-MOUNTAIN"", ""O"", ""O"", ""O"", ""O"", ""O"", ""O""]","[{""start"": 15, ""end"": 27, ""label"": ""MOUNTAIN"", ""text"": ""Mount Steele""}, {""start"": 32, ""end"": 39, ""label"": ""MOUNTAIN"", ""text"": ""Cho Oyu""}]",synthetic_positive_multi
train-00786,Weather stations near Alpamayo and Mount Haidinger recorded strong winds.,"[""Weather"", ""stations"", ""near"", ""Alpamayo"", ""and"", ""Mount"", ""Haidinger"", ""recorded"", ""strong"", ""winds"", "".""]","[""O"", ""O"", ""O"", ""B-MOUNTAIN"", ""O"", ""B-MOUNTAIN"", ""I-MOUNTAIN"", ""O"", ""O"", ""O"", ""O""]","[{""start"": 22, ""end"": 30, ""label"": ""MOUNTAIN"", ""text"": ""Alpamayo""}, {""start"": 35, ""end"": 50, ""label"": ""MOUNTAIN"", ""text"": ""Mount Haidinger""}]",synthetic_positive_multi
train-00787,Have you ever seen Mount Saint Elias in winter?,"[""Have"", ""you"", ""ever"", ""seen"", ""Mount"", ""Saint"", ""Elias"", ""in"", ""winter"", ""?""]","[""O"", ""O"", ""O"", ""O"", ""B-MOUNTAIN"", ""I-MOUNTAIN"", ""I-MOUNTAIN"", ""O"", ""O"", ""O""]","[{""start"": 19, ""end"": 36, ""label"": ""MOUNTAIN"", ""text"": ""Mount Saint Elias""}]",synthetic_positive_single
train-00788,"In the final chapter, the author describes an ascent of Mount Silverthrone.","[""In"", ""the"", ""final"", ""chapter"", "","", ""the"", ""author"", ""describes"", ""an"", ""ascent"", ""of"", ""Mount"", ""Silverthrone"", "".""]","[""O"", ""O"", ""O"", ""O"", ""O"", ""O"", ""O"", ""O"", ""O"", ""O"", ""O"", ""B-MOUNTAIN"", ""I-MOUNTAIN"", ""O""]","[{""start"": 56, ""end"": 74, ""label"": ""MOUNTAIN"", ""text"": ""Mount Silverthrone""}]",synthetic_positive_single
train-00789,The route to Mount Stanley was closed after the storm.,"[""The"", ""route"", ""to"", ""Mount"", ""Stanley"", ""was"", ""closed"", ""after"", ""the"", ""storm"", "".""]","[""O"", ""O"", ""O"", ""B-MOUNTAIN"", ""I-MOUNTAIN"", ""O"", ""O"", ""O"", ""O"", ""O"", ""O""]","[{""start"": 13, ""end"": 26, ""label"": ""MOUNTAIN"", ""text"": ""Mount Stanley""}]",synthetic_positive_single
train-00790,The climbers postponed their attempt on Huascaran.,"[""The"", ""climbers"", ""postponed"", ""their"", ""attempt"", ""on"", ""Huascaran"", "".""]","[""O"", ""O"", ""O"", ""O"", ""O"", ""O"", ""B-MOUNTAIN"", ""O""]","[{""start"": 40, ""end"": 49, ""label"": ""MOUNTAIN"", ""text"": ""Huascaran""}]",synthetic_positive_single
train-00791,Local guides described conditions on Mount Washington as difficult.,"[""Local"", ""guides"", ""described"", ""conditions"", ""on"", ""Mount"", ""Washington"", ""as"", ""difficult"", "".""]","[""O"", ""O"", ""O"", ""O"", ""O"", ""B-MOUNTAIN"", ""I-MOUNTAIN"", ""O"", ""O"", ""O""]","[{""start"": 37, ""end"": 53, ""label"": ""MOUNTAIN"", ""text"": ""Mount Washington""}]",synthetic_positive_single
train-00792,The guide warned us not to underestimate Mount Haku.,"[""The"", ""guide"", ""warned"", ""us"", ""not"", ""to"", ""underestimate"", ""Mount"", ""Haku"", "".""]","[""O"", ""O"", ""O"", ""O"", ""O"", ""O"", ""O"", ""B-MOUNTAIN"", ""I-MOUNTAIN"", ""O""]","[{""start"": 41, ""end"": 51, ""label"": ""MOUNTAIN"", ""text"": ""Mount Haku""}]",synthetic_positive_single
train-00793,"Yesterday, Mauna Kea was barely visible through the mist.","[""Yesterday"", "","", ""Mauna"", ""Kea"", ""was"", ""barely"", ""visible"", ""through"", ""the"", ""mist"", "".""]","[""O"", ""O"", ""B-MOUNTAIN"", ""I-MOUNTAIN"", ""O"", ""O"", ""O"", ""O"", ""O"", ""O"", ""O""]","[{""start"": 11, ""end"": 20, ""label"": ""MOUNTAIN"", ""text"": ""Mauna Kea""}]",synthetic_positive_single
train-00794,The tourist group checked the schedule in the laboratory.,"[""The"", ""tourist"", ""group"", ""checked"", ""the"", ""schedule"", ""in"", ""the"", ""laboratory"", "".""]","[""O"", ""O"", ""O"", ""O"", ""O"", ""O"", ""O"", ""O"", ""O"", ""O""]",[],synthetic_negative
train-00795,"According to the itinerary, Snowdon is the main destination.","[""According"", ""to"", ""the"", ""itinerary"", "","", ""Snowdon"", ""is"", ""the"", ""main"", ""destination"", "".""]","[""O"", ""O"", ""O"", ""O"", ""O"", ""B-MOUNTAIN"", ""O"", ""O"", ""O"", ""O"", ""O""]","[{""start"": 28, ""end"": 35, ""label"": ""MOUNTAIN"", ""text"": ""Snowdon""}]",synthetic_positive_single
train-00796,"Unlike Machapuchare, Mount Kilimanjaro was hidden by clouds.","[""Unlike"", ""Machapuchare"", "","", ""Mount"", ""Kilimanjaro"", ""was"", ""hidden"", ""by"", ""clouds"", "".""]","[""O"", ""B-MOUNTAIN"", ""O"", ""B-MOUNTAIN"", ""I-MOUNTAIN"", ""O"", ""O"", ""O"", ""O"", ""O""]","[{""start"": 7, ""end"": 19, ""label"": ""MOUNTAIN"", ""text"": ""Machapuchare""}, {""start"": 21, ""end"": 38, ""label"": ""MOUNTAIN"", ""text"": ""Mount Kilimanjaro""}]",synthetic_positive_multi
train-00797,"According to the itinerary, Mount Tasman is the main destination.","[""According"", ""to"", ""the"", ""itinerary"", "","", ""Mount"", ""Tasman"", ""is"", ""the"", ""main"", ""destination"", "".""]","[""O"", ""O"", ""O"", ""O"", ""O"", ""B-MOUNTAIN"", ""I-MOUNTAIN"", ""O"", ""O"", ""O"", ""O"", ""O""]","[{""start"": 28, ""end"": 40, ""label"": ""MOUNTAIN"", ""text"": ""Mount Tasman""}]",synthetic_positive_single
train-00798,He plans to study glaciers on K2 and Aconcagua.,"[""He"", ""plans"", ""to"", ""study"", ""glaciers"", ""on"", ""K2"", ""and"", ""Aconcagua"", "".""]","[""O"", ""O"", ""O"", ""O"", ""O"", ""O"", ""B-MOUNTAIN"", ""O"", ""B-MOUNTAIN"", ""O""]","[{""start"": 30, ""end"": 32, ""label"": ""MOUNTAIN"", ""text"": ""K2""}, {""start"": 37, ""end"": 46, ""label"": ""MOUNTAIN"", ""text"": ""Aconcagua""}]",synthetic_positive_multi
train-00799,The weather service updated the product range on Monday.,"[""The"", ""weather"", ""service"", ""updated"", ""the"", ""product"", ""range"", ""on"", ""Monday"", "".""]","[""O"", ""O"", ""O"", ""O"", ""O"", ""O"", ""O"", ""O"", ""O"", ""O""]",[],synthetic_negative
train-00800,Logan submitted the report before lunch.,"[""Logan"", ""submitted"", ""the"", ""report"", ""before"", ""lunch"", "".""]","[""O"", ""O"", ""O"", ""O"", ""O"", ""O"", ""O""]",[],synthetic_hard_negative
train-00801,The documentary follows expeditions to Ama Dablam and later to Mount Kenya.,"[""The"", ""documentary"", ""follows"", ""expeditions"", ""to"", ""Ama"", ""Dablam"", ""and"", ""later"", ""to"", ""Mount"", ""Kenya"", "".""]","[""O"", ""O"", ""O"", ""O"", ""O"", ""B-MOUNTAIN"", ""I-MOUNTAIN"", ""O"", ""O"", ""O"", ""B-MOUNTAIN"", ""I-MOUNTAIN"", ""O""]","[{""start"": 39, ""end"": 49, ""label"": ""MOUNTAIN"", ""text"": ""Ama Dablam""}, {""start"": 63, ""end"": 74, ""label"": ""MOUNTAIN"", ""text"": ""Mount Kenya""}]",synthetic_positive_multi
train-00802,He plans to study glaciers on Mount Ararat and Mount Hicks.,"[""He"", ""plans"", ""to"", ""study"", ""glaciers"", ""on"", ""Mount"", ""Ararat"", ""and"", ""Mount"", ""Hicks"", "".""]","[""O"", ""O"", ""O"", ""O"", ""O"", ""O"", ""B-MOUNTAIN"", ""I-MOUNTAIN"", ""O"", ""B-MOUNTAIN"", ""I-MOUNTAIN"", ""O""]","[{""start"": 30, ""end"": 42, ""label"": ""MOUNTAIN"", ""text"": ""Mount Ararat""}, {""start"": 47, ""end"": 58, ""label"": ""MOUNTAIN"", ""text"": ""Mount Hicks""}]",synthetic_positive_multi
train-00803,"In the final chapter, the author describes an ascent of Cerro Torre.","[""In"", ""the"", ""final"", ""chapter"", "","", ""the"", ""author"", ""describes"", ""an"", ""ascent"", ""of"", ""Cerro"", ""Torre"", "".""]","[""O"", ""O"", ""O"", ""O"", ""O"", ""O"", ""O"", ""O"", ""O"", ""O"", ""O"", ""B-MOUNTAIN"", ""I-MOUNTAIN"", ""O""]","[{""start"": 56, ""end"": 67, ""label"": ""MOUNTAIN"", ""text"": ""Cerro Torre""}]",synthetic_positive_single
train-00804,The museum curator rejected the sales peak before lunch.,"[""The"", ""museum"", ""curator"", ""rejected"", ""the"", ""sales"", ""peak"", ""before"", ""lunch"", "".""]","[""O"", ""O"", ""O"", ""O"", ""O"", ""O"", ""O"", ""O"", ""O"", ""O""]",[],synthetic_negative
train-00805,The mapping agency shared the sensor reading at the office.,"[""The"", ""mapping"", ""agency"", ""shared"", ""the"", ""sensor"", ""reading"", ""at"", ""the"", ""office"", "".""]","[""O"", ""O"", ""O"", ""O"", ""O"", ""O"", ""O"", ""O"", ""O"", ""O"", ""O""]",[],synthetic_negative
train-00806,Weather stations near Illimani and Huayna Potosi recorded strong winds.,"[""Weather"", ""stations"", ""near"", ""Illimani"", ""and"", ""Huayna"", ""Potosi"", ""recorded"", ""strong"", ""winds"", "".""]","[""O"", ""O"", ""O"", ""B-MOUNTAIN"", ""O"", ""B-MOUNTAIN"", ""I-MOUNTAIN"", ""O"", ""O"", ""O"", ""O""]","[{""start"": 22, ""end"": 30, ""label"": ""MOUNTAIN"", ""text"": ""Illimani""}, {""start"": 35, ""end"": 48, ""label"": ""MOUNTAIN"", ""text"": ""Huayna Potosi""}]",synthetic_positive_multi
train-00807,The expedition leader updated the forest trail before lunch.,"[""The"", ""expedition"", ""leader"", ""updated"", ""the"", ""forest"", ""trail"", ""before"", ""lunch"", "".""]","[""O"", ""O"", ""O"", ""O"", ""O"", ""O"", ""O"", ""O"", ""O"", ""O""]",[],synthetic_negative
train-00808,We could clearly see Cho Oyu from the valley.,"[""We"", ""could"", ""clearly"", ""see"", ""Cho"", ""Oyu"", ""from"", ""the"", ""valley"", "".""]","[""O"", ""O"", ""O"", ""O"", ""B-MOUNTAIN"", ""I-MOUNTAIN"", ""O"", ""O"", ""O"", ""O""]","[{""start"": 21, ""end"": 28, ""label"": ""MOUNTAIN"", ""text"": ""Cho Oyu""}]",synthetic_positive_single
train-00809,A small village lies below Chimborazo.,"[""A"", ""small"", ""village"", ""lies"", ""below"", ""Chimborazo"", "".""]","[""O"", ""O"", ""O"", ""O"", ""O"", ""B-MOUNTAIN"", ""O""]","[{""start"": 27, ""end"": 37, ""label"": ""MOUNTAIN"", ""text"": ""Chimborazo""}]",synthetic_positive_single
train-00810,"From the eastern ridge, we watched the sun rise behind Huascaran.","[""From"", ""the"", ""eastern"", ""ridge"", "","", ""we"", ""watched"", ""the"", ""sun"", ""rise"", ""behind"", ""Huascaran"", "".""]","[""O"", ""O"", ""O"", ""O"", ""O"", ""O"", ""O"", ""O"", ""O"", ""O"", ""O"", ""B-MOUNTAIN"", ""O""]","[{""start"": 55, ""end"": 64, ""label"": ""MOUNTAIN"", ""text"": ""Huascaran""}]",synthetic_positive_single
train-00811,The photograph shows Mount Wilhelm at sunrise.,"[""The"", ""photograph"", ""shows"", ""Mount"", ""Wilhelm"", ""at"", ""sunrise"", "".""]","[""O"", ""O"", ""O"", ""B-MOUNTAIN"", ""I-MOUNTAIN"", ""O"", ""O"", ""O""]","[{""start"": 21, ""end"": 34, ""label"": ""MOUNTAIN"", ""text"": ""Mount Wilhelm""}]",synthetic_positive_single
train-00812,She hopes to climb Cho Oyu next year.,"[""She"", ""hopes"", ""to"", ""climb"", ""Cho"", ""Oyu"", ""next"", ""year"", "".""]","[""O"", ""O"", ""O"", ""O"", ""B-MOUNTAIN"", ""I-MOUNTAIN"", ""O"", ""O"", ""O""]","[{""start"": 19, ""end"": 26, ""label"": ""MOUNTAIN"", ""text"": ""Cho Oyu""}]",synthetic_positive_single
train-00813,Photos of Haleakala were displayed in the museum.,"[""Photos"", ""of"", ""Haleakala"", ""were"", ""displayed"", ""in"", ""the"", ""museum"", "".""]","[""O"", ""O"", ""B-MOUNTAIN"", ""O"", ""O"", ""O"", ""O"", ""O"", ""O""]","[{""start"": 10, ""end"": 19, ""label"": ""MOUNTAIN"", ""text"": ""Haleakala""}]",synthetic_positive_single
train-00814,The rescue unit compared the research report before the deadline.,"[""The"", ""rescue"", ""unit"", ""compared"", ""the"", ""research"", ""report"", ""before"", ""the"", ""deadline"", "".""]","[""O"", ""O"", ""O"", ""O"", ""O"", ""O"", ""O"", ""O"", ""O"", ""O"", ""O""]",[],synthetic_negative
train-00815,The climbing club approved the training notebook during the conference.,"[""The"", ""climbing"", ""club"", ""approved"", ""the"", ""training"", ""notebook"", ""during"", ""the"", ""conference"", "".""]","[""O"", ""O"", ""O"", ""O"", ""O"", ""O"", ""O"", ""O"", ""O"", ""O"", ""O""]",[],synthetic_negative
train-00816,Photos of Mount Sanford were displayed in the museum.,"[""Photos"", ""of"", ""Mount"", ""Sanford"", ""were"", ""displayed"", ""in"", ""the"", ""museum"", "".""]","[""O"", ""O"", ""B-MOUNTAIN"", ""I-MOUNTAIN"", ""O"", ""O"", ""O"", ""O"", ""O"", ""O""]","[{""start"": 10, ""end"": 23, ""label"": ""MOUNTAIN"", ""text"": ""Mount Sanford""}]",synthetic_positive_single
train-00817,The museum curator shared the expedition permit before lunch.,"[""The"", ""museum"", ""curator"", ""shared"", ""the"", ""expedition"", ""permit"", ""before"", ""lunch"", "".""]","[""O"", ""O"", ""O"", ""O"", ""O"", ""O"", ""O"", ""O"", ""O"", ""O""]",[],synthetic_negative
train-00818,Weather stations near Brebeneskul and Ben Nevis recorded strong winds.,"[""Weather"", ""stations"", ""near"", ""Brebeneskul"", ""and"", ""Ben"", ""Nevis"", ""recorded"", ""strong"", ""winds"", "".""]","[""O"", ""O"", ""O"", ""B-MOUNTAIN"", ""O"", ""B-MOUNTAIN"", ""I-MOUNTAIN"", ""O"", ""O"", ""O"", ""O""]","[{""start"": 22, ""end"": 33, ""label"": ""MOUNTAIN"", ""text"": ""Brebeneskul""}, {""start"": 38, ""end"": 47, ""label"": ""MOUNTAIN"", ""text"": ""Ben Nevis""}]",synthetic_positive_multi
train-00819,The base camp below Mount Sidley was moved to safer ground.,"[""The"", ""base"", ""camp"", ""below"", ""Mount"", ""Sidley"", ""was"", ""moved"", ""to"", ""safer"", ""ground"", "".""]","[""O"", ""O"", ""O"", ""O"", ""B-MOUNTAIN"", ""I-MOUNTAIN"", ""O"", ""O"", ""O"", ""O"", ""O"", ""O""]","[{""start"": 20, ""end"": 32, ""label"": ""MOUNTAIN"", ""text"": ""Mount Sidley""}]",synthetic_positive_single
train-00820,The route to Gasherbrum II was closed after the storm.,"[""The"", ""route"", ""to"", ""Gasherbrum"", ""II"", ""was"", ""closed"", ""after"", ""the"", ""storm"", "".""]","[""O"", ""O"", ""O"", ""B-MOUNTAIN"", ""I-MOUNTAIN"", ""O"", ""O"", ""O"", ""O"", ""O"", ""O""]","[{""start"": 13, ""end"": 26, ""label"": ""MOUNTAIN"", ""text"": ""Gasherbrum II""}]",synthetic_positive_single
train-00821,The climbing club reviewed the glacier report before the deadline.,"[""The"", ""climbing"", ""club"", ""reviewed"", ""the"", ""glacier"", ""report"", ""before"", ""the"", ""deadline"", "".""]","[""O"", ""O"", ""O"", ""O"", ""O"", ""O"", ""O"", ""O"", ""O"", ""O"", ""O""]",[],synthetic_negative
train-00822,The team measured snow depth on Mount Sefton.,"[""The"", ""team"", ""measured"", ""snow"", ""depth"", ""on"", ""Mount"", ""Sefton"", "".""]","[""O"", ""O"", ""O"", ""O"", ""O"", ""O"", ""B-MOUNTAIN"", ""I-MOUNTAIN"", ""O""]","[{""start"": 32, ""end"": 44, ""label"": ""MOUNTAIN"", ""text"": ""Mount Sefton""}]",synthetic_positive_single
train-00823,The travel company shared the forest trail during the meeting.,"[""The"", ""travel"", ""company"", ""shared"", ""the"", ""forest"", ""trail"", ""during"", ""the"", ""meeting"", "".""]","[""O"", ""O"", ""O"", ""O"", ""O"", ""O"", ""O"", ""O"", ""O"", ""O"", ""O""]",[],synthetic_negative
train-00824,Mount Meru attracts climbers from around the world.,"[""Mount"", ""Meru"", ""attracts"", ""climbers"", ""from"", ""around"", ""the"", ""world"", "".""]","[""B-MOUNTAIN"", ""I-MOUNTAIN"", ""O"", ""O"", ""O"", ""O"", ""O"", ""O"", ""O""]","[{""start"": 0, ""end"": 10, ""label"": ""MOUNTAIN"", ""text"": ""Mount Meru""}]",synthetic_positive_single
train-00825,Wind speeds increased rapidly around Manaslu.,"[""Wind"", ""speeds"", ""increased"", ""rapidly"", ""around"", ""Manaslu"", "".""]","[""O"", ""O"", ""O"", ""O"", ""O"", ""B-MOUNTAIN"", ""O""]","[{""start"": 37, ""end"": 44, ""label"": ""MOUNTAIN"", ""text"": ""Manaslu""}]",synthetic_positive_single
train-00826,She hopes to climb Mount Taranaki next year.,"[""She"", ""hopes"", ""to"", ""climb"", ""Mount"", ""Taranaki"", ""next"", ""year"", "".""]","[""O"", ""O"", ""O"", ""O"", ""B-MOUNTAIN"", ""I-MOUNTAIN"", ""O"", ""O"", ""O""]","[{""start"": 19, ""end"": 33, ""label"": ""MOUNTAIN"", ""text"": ""Mount Taranaki""}]",synthetic_positive_single
train-00827,The film crew approved the sensor reading on Monday.,"[""The"", ""film"", ""crew"", ""approved"", ""the"", ""sensor"", ""reading"", ""on"", ""Monday"", "".""]","[""O"", ""O"", ""O"", ""O"", ""O"", ""O"", ""O"", ""O"", ""O"", ""O""]",[],synthetic_negative
train-00828,The team discussed whether to attempt Mount Hicks or Broad Peak.,"[""The"", ""team"", ""discussed"", ""whether"", ""to"", ""attempt"", ""Mount"", ""Hicks"", ""or"", ""Broad"", ""Peak"", "".""]","[""O"", ""O"", ""O"", ""O"", ""O"", ""O"", ""B-MOUNTAIN"", ""I-MOUNTAIN"", ""O"", ""B-MOUNTAIN"", ""I-MOUNTAIN"", ""O""]","[{""start"": 38, ""end"": 49, ""label"": ""MOUNTAIN"", ""text"": ""Mount Hicks""}, {""start"": 53, ""end"": 63, ""label"": ""MOUNTAIN"", ""text"": ""Broad Peak""}]",synthetic_positive_multi
train-00829,"Despite the forecast, the climbers continued toward Jungfrau.","[""Despite"", ""the"", ""forecast"", "","", ""the"", ""climbers"", ""continued"", ""toward"", ""Jungfrau"", "".""]","[""O"", ""O"", ""O"", ""O"", ""O"", ""O"", ""O"", ""O"", ""B-MOUNTAIN"", ""O""]","[{""start"": 52, ""end"": 60, ""label"": ""MOUNTAIN"", ""text"": ""Jungfrau""}]",synthetic_positive_single
train-00830,The team measured snow depth on Gasherbrum II.,"[""The"", ""team"", ""measured"", ""snow"", ""depth"", ""on"", ""Gasherbrum"", ""II"", "".""]","[""O"", ""O"", ""O"", ""O"", ""O"", ""O"", ""B-MOUNTAIN"", ""I-MOUNTAIN"", ""O""]","[{""start"": 32, ""end"": 45, ""label"": ""MOUNTAIN"", ""text"": ""Gasherbrum II""}]",synthetic_positive_single
train-00831,We could clearly see Kongur Tagh from the valley.,"[""We"", ""could"", ""clearly"", ""see"", ""Kongur"", ""Tagh"", ""from"", ""the"", ""valley"", "".""]","[""O"", ""O"", ""O"", ""O"", ""B-MOUNTAIN"", ""I-MOUNTAIN"", ""O"", ""O"", ""O"", ""O""]","[{""start"": 21, ""end"": 32, ""label"": ""MOUNTAIN"", ""text"": ""Kongur Tagh""}]",synthetic_positive_single
train-00832,A small village lies below Mount Bromo.,"[""A"", ""small"", ""village"", ""lies"", ""below"", ""Mount"", ""Bromo"", "".""]","[""O"", ""O"", ""O"", ""O"", ""O"", ""B-MOUNTAIN"", ""I-MOUNTAIN"", ""O""]","[{""start"": 27, ""end"": 38, ""label"": ""MOUNTAIN"", ""text"": ""Mount Bromo""}]",synthetic_positive_single
train-00833,Fuji produces cameras and imaging equipment.,"[""Fuji"", ""produces"", ""cameras"", ""and"", ""imaging"", ""equipment"", "".""]","[""O"", ""O"", ""O"", ""O"", ""O"", ""O"", ""O""]",[],synthetic_hard_negative
train-00834,"After weeks of preparation, the group departed for Mount Wilhelm.","[""After"", ""weeks"", ""of"", ""preparation"", "","", ""the"", ""group"", ""departed"", ""for"", ""Mount"", ""Wilhelm"", "".""]","[""O"", ""O"", ""O"", ""O"", ""O"", ""O"", ""O"", ""O"", ""O"", ""B-MOUNTAIN"", ""I-MOUNTAIN"", ""O""]","[{""start"": 51, ""end"": 64, ""label"": ""MOUNTAIN"", ""text"": ""Mount Wilhelm""}]",synthetic_positive_single
train-00835,The lecture included a case study about Mount Bear.,"[""The"", ""lecture"", ""included"", ""a"", ""case"", ""study"", ""about"", ""Mount"", ""Bear"", "".""]","[""O"", ""O"", ""O"", ""O"", ""O"", ""O"", ""O"", ""B-MOUNTAIN"", ""I-MOUNTAIN"", ""O""]","[{""start"": 40, ""end"": 50, ""label"": ""MOUNTAIN"", ""text"": ""Mount Bear""}]",synthetic_positive_single
train-00836,Several routes lead toward the summit of Mount Foraker.,"[""Several"", ""routes"", ""lead"", ""toward"", ""the"", ""summit"", ""of"", ""Mount"", ""Foraker"", "".""]","[""O"", ""O"", ""O"", ""O"", ""O"", ""O"", ""O"", ""B-MOUNTAIN"", ""I-MOUNTAIN"", ""O""]","[{""start"": 41, ""end"": 54, ""label"": ""MOUNTAIN"", ""text"": ""Mount Foraker""}]",synthetic_positive_single
train-00837,A helicopter circled above Eiger during the rescue.,"[""A"", ""helicopter"", ""circled"", ""above"", ""Eiger"", ""during"", ""the"", ""rescue"", "".""]","[""O"", ""O"", ""O"", ""O"", ""B-MOUNTAIN"", ""O"", ""O"", ""O"", ""O""]","[{""start"": 27, ""end"": 32, ""label"": ""MOUNTAIN"", ""text"": ""Eiger""}]",synthetic_positive_single
train-00838,A new trail provides access to Mount Elbrus.,"[""A"", ""new"", ""trail"", ""provides"", ""access"", ""to"", ""Mount"", ""Elbrus"", "".""]","[""O"", ""O"", ""O"", ""O"", ""O"", ""O"", ""B-MOUNTAIN"", ""I-MOUNTAIN"", ""O""]","[{""start"": 31, ""end"": 43, ""label"": ""MOUNTAIN"", ""text"": ""Mount Elbrus""}]",synthetic_positive_single
train-00839,"After weeks of preparation, the group departed for Ojos del Salado.","[""After"", ""weeks"", ""of"", ""preparation"", "","", ""the"", ""group"", ""departed"", ""for"", ""Ojos"", ""del"", ""Salado"", "".""]","[""O"", ""O"", ""O"", ""O"", ""O"", ""O"", ""O"", ""O"", ""O"", ""B-MOUNTAIN"", ""I-MOUNTAIN"", ""I-MOUNTAIN"", ""O""]","[{""start"": 51, ""end"": 66, ""label"": ""MOUNTAIN"", ""text"": ""Ojos del Salado""}]",synthetic_positive_single
train-00840,The mapping agency rejected the sales peak in the final report.,"[""The"", ""mapping"", ""agency"", ""rejected"", ""the"", ""sales"", ""peak"", ""in"", ""the"", ""final"", ""report"", "".""]","[""O"", ""O"", ""O"", ""O"", ""O"", ""O"", ""O"", ""O"", ""O"", ""O"", ""O"", ""O""]",[],synthetic_negative
train-00841,"Despite the forecast, the climbers continued toward Table Mountain.","[""Despite"", ""the"", ""forecast"", "","", ""the"", ""climbers"", ""continued"", ""toward"", ""Table"", ""Mountain"", "".""]","[""O"", ""O"", ""O"", ""O"", ""O"", ""O"", ""O"", ""O"", ""B-MOUNTAIN"", ""I-MOUNTAIN"", ""O""]","[{""start"": 52, ""end"": 66, ""label"": ""MOUNTAIN"", ""text"": ""Table Mountain""}]",synthetic_positive_single
train-00842,The documentary follows expeditions to Gasherbrum II and later to Mount Tate.,"[""The"", ""documentary"", ""follows"", ""expeditions"", ""to"", ""Gasherbrum"", ""II"", ""and"", ""later"", ""to"", ""Mount"", ""Tate"", "".""]","[""O"", ""O"", ""O"", ""O"", ""O"", ""B-MOUNTAIN"", ""I-MOUNTAIN"", ""O"", ""O"", ""O"", ""B-MOUNTAIN"", ""I-MOUNTAIN"", ""O""]","[{""start"": 39, ""end"": 52, ""label"": ""MOUNTAIN"", ""text"": ""Gasherbrum II""}, {""start"": 66, ""end"": 76, ""label"": ""MOUNTAIN"", ""text"": ""Mount Tate""}]",synthetic_positive_multi
train-00843,"Unlike Ojos del Salado, Mount Stanley was hidden by clouds.","[""Unlike"", ""Ojos"", ""del"", ""Salado"", "","", ""Mount"", ""Stanley"", ""was"", ""hidden"", ""by"", ""clouds"", "".""]","[""O"", ""B-MOUNTAIN"", ""I-MOUNTAIN"", ""I-MOUNTAIN"", ""O"", ""B-MOUNTAIN"", ""I-MOUNTAIN"", ""O"", ""O"", ""O"", ""O"", ""O""]","[{""start"": 7, ""end"": 22, ""label"": ""MOUNTAIN"", ""text"": ""Ojos del Salado""}, {""start"": 24, ""end"": 37, ""label"": ""MOUNTAIN"", ""text"": ""Mount Stanley""}]",synthetic_positive_multi
train-00844,The research team shared the sensor reading in the laboratory.,"[""The"", ""research"", ""team"", ""shared"", ""the"", ""sensor"", ""reading"", ""in"", ""the"", ""laboratory"", "".""]","[""O"", ""O"", ""O"", ""O"", ""O"", ""O"", ""O"", ""O"", ""O"", ""O"", ""O""]",[],synthetic_negative
train-00845,"According to the itinerary, Mount Rinjani is the main destination.","[""According"", ""to"", ""the"", ""itinerary"", "","", ""Mount"", ""Rinjani"", ""is"", ""the"", ""main"", ""destination"", "".""]","[""O"", ""O"", ""O"", ""O"", ""O"", ""B-MOUNTAIN"", ""I-MOUNTAIN"", ""O"", ""O"", ""O"", ""O"", ""O""]","[{""start"": 28, ""end"": 41, ""label"": ""MOUNTAIN"", ""text"": ""Mount Rinjani""}]",synthetic_positive_single
train-00846,Rainier is sometimes used as a personal name.,"[""Rainier"", ""is"", ""sometimes"", ""used"", ""as"", ""a"", ""personal"", ""name"", "".""]","[""O"", ""O"", ""O"", ""O"", ""O"", ""O"", ""O"", ""O"", ""O""]",[],synthetic_hard_negative
train-00847,Have you ever seen Alpamayo in winter?,"[""Have"", ""you"", ""ever"", ""seen"", ""Alpamayo"", ""in"", ""winter"", ""?""]","[""O"", ""O"", ""O"", ""O"", ""B-MOUNTAIN"", ""O"", ""O"", ""O""]","[{""start"": 19, ""end"": 27, ""label"": ""MOUNTAIN"", ""text"": ""Alpamayo""}]",synthetic_positive_single
train-00848,The local council checked the satellite image during the conference.,"[""The"", ""local"", ""council"", ""checked"", ""the"", ""satellite"", ""image"", ""during"", ""the"", ""conference"", "".""]","[""O"", ""O"", ""O"", ""O"", ""O"", ""O"", ""O"", ""O"", ""O"", ""O"", ""O""]",[],synthetic_negative
train-00849,"Yesterday, Mount Lucania was barely visible through the mist.","[""Yesterday"", "","", ""Mount"", ""Lucania"", ""was"", ""barely"", ""visible"", ""through"", ""the"", ""mist"", "".""]","[""O"", ""O"", ""B-MOUNTAIN"", ""I-MOUNTAIN"", ""O"", ""O"", ""O"", ""O"", ""O"", ""O"", ""O""]","[{""start"": 11, ""end"": 24, ""label"": ""MOUNTAIN"", ""text"": ""Mount Lucania""}]",synthetic_positive_single
train-00850,The local council rejected the cliff photograph in the final report.,"[""The"", ""local"", ""council"", ""rejected"", ""the"", ""cliff"", ""photograph"", ""in"", ""the"", ""final"", ""report"", "".""]","[""O"", ""O"", ""O"", ""O"", ""O"", ""O"", ""O"", ""O"", ""O"", ""O"", ""O"", ""O""]",[],synthetic_negative
train-00851,The weather service approved the dataset in the final report.,"[""The"", ""weather"", ""service"", ""approved"", ""the"", ""dataset"", ""in"", ""the"", ""final"", ""report"", "".""]","[""O"", ""O"", ""O"", ""O"", ""O"", ""O"", ""O"", ""O"", ""O"", ""O"", ""O""]",[],synthetic_negative
train-00852,The glacier on Mount Saint Elias has retreated in recent decades.,"[""The"", ""glacier"", ""on"", ""Mount"", ""Saint"", ""Elias"", ""has"", ""retreated"", ""in"", ""recent"", ""decades"", "".""]","[""O"", ""O"", ""O"", ""B-MOUNTAIN"", ""I-MOUNTAIN"", ""I-MOUNTAIN"", ""O"", ""O"", ""O"", ""O"", ""O"", ""O""]","[{""start"": 15, ""end"": 32, ""label"": ""MOUNTAIN"", ""text"": ""Mount Saint Elias""}]",synthetic_positive_single
train-00853,The film crew reviewed the validation result in the final report.,"[""The"", ""film"", ""crew"", ""reviewed"", ""the"", ""validation"", ""result"", ""in"", ""the"", ""final"", ""report"", "".""]","[""O"", ""O"", ""O"", ""O"", ""O"", ""O"", ""O"", ""O"", ""O"", ""O"", ""O"", ""O""]",[],synthetic_negative
train-00854,The rescue unit published the algorithm during the meeting.,"[""The"", ""rescue"", ""unit"", ""published"", ""the"", ""algorithm"", ""during"", ""the"", ""meeting"", "".""]","[""O"", ""O"", ""O"", ""O"", ""O"", ""O"", ""O"", ""O"", ""O"", ""O""]",[],synthetic_negative
train-00855,The documentary follows expeditions to Vinson Massif and later to Cotopaxi.,"[""The"", ""documentary"", ""follows"", ""expeditions"", ""to"", ""Vinson"", ""Massif"", ""and"", ""later"", ""to"", ""Cotopaxi"", "".""]","[""O"", ""O"", ""O"", ""O"", ""O"", ""B-MOUNTAIN"", ""I-MOUNTAIN"", ""O"", ""O"", ""O"", ""B-MOUNTAIN"", ""O""]","[{""start"": 39, ""end"": 52, ""label"": ""MOUNTAIN"", ""text"": ""Vinson Massif""}, {""start"": 66, ""end"": 74, ""label"": ""MOUNTAIN"", ""text"": ""Cotopaxi""}]",synthetic_positive_multi
train-00856,The lecture included a case study about Mount Rinjani.,"[""The"", ""lecture"", ""included"", ""a"", ""case"", ""study"", ""about"", ""Mount"", ""Rinjani"", "".""]","[""O"", ""O"", ""O"", ""O"", ""O"", ""O"", ""O"", ""B-MOUNTAIN"", ""I-MOUNTAIN"", ""O""]","[{""start"": 40, ""end"": 53, ""label"": ""MOUNTAIN"", ""text"": ""Mount Rinjani""}]",synthetic_positive_single
train-00857,The university department archived the cliff photograph before lunch.,"[""The"", ""university"", ""department"", ""archived"", ""the"", ""cliff"", ""photograph"", ""before"", ""lunch"", "".""]","[""O"", ""O"", ""O"", ""O"", ""O"", ""O"", ""O"", ""O"", ""O"", ""O""]",[],synthetic_negative
train-00858,The lecture included a case study about Huayna Potosi.,"[""The"", ""lecture"", ""included"", ""a"", ""case"", ""study"", ""about"", ""Huayna"", ""Potosi"", "".""]","[""O"", ""O"", ""O"", ""O"", ""O"", ""O"", ""O"", ""B-MOUNTAIN"", ""I-MOUNTAIN"", ""O""]","[{""start"": 40, ""end"": 53, ""label"": ""MOUNTAIN"", ""text"": ""Huayna Potosi""}]",synthetic_positive_single
train-00859,"She has photographed Ol Doinyo Lengai, Huascaran, and several nearby peaks.","[""She"", ""has"", ""photographed"", ""Ol"", ""Doinyo"", ""Lengai"", "","", ""Huascaran"", "","", ""and"", ""several"", ""nearby"", ""peaks"", "".""]","[""O"", ""O"", ""O"", ""B-MOUNTAIN"", ""I-MOUNTAIN"", ""I-MOUNTAIN"", ""O"", ""B-MOUNTAIN"", ""O"", ""O"", ""O"", ""O"", ""O"", ""O""]","[{""start"": 21, ""end"": 37, ""label"": ""MOUNTAIN"", ""text"": ""Ol Doinyo Lengai""}, {""start"": 39, ""end"": 48, ""label"": ""MOUNTAIN"", ""text"": ""Huascaran""}]",synthetic_positive_multi
train-00860,The expedition reached the summit of Mount Fuji before noon.,"[""The"", ""expedition"", ""reached"", ""the"", ""summit"", ""of"", ""Mount"", ""Fuji"", ""before"", ""noon"", "".""]","[""O"", ""O"", ""O"", ""O"", ""O"", ""O"", ""B-MOUNTAIN"", ""I-MOUNTAIN"", ""O"", ""O"", ""O""]","[{""start"": 37, ""end"": 47, ""label"": ""MOUNTAIN"", ""text"": ""Mount Fuji""}]",synthetic_positive_single
train-00861,Local guides described conditions on Mount Sanford as difficult.,"[""Local"", ""guides"", ""described"", ""conditions"", ""on"", ""Mount"", ""Sanford"", ""as"", ""difficult"", "".""]","[""O"", ""O"", ""O"", ""O"", ""O"", ""B-MOUNTAIN"", ""I-MOUNTAIN"", ""O"", ""O"", ""O""]","[{""start"": 37, ""end"": 50, ""label"": ""MOUNTAIN"", ""text"": ""Mount Sanford""}]",synthetic_positive_single
train-00862,The glacier on Mount Everest has retreated in recent decades.,"[""The"", ""glacier"", ""on"", ""Mount"", ""Everest"", ""has"", ""retreated"", ""in"", ""recent"", ""decades"", "".""]","[""O"", ""O"", ""O"", ""B-MOUNTAIN"", ""I-MOUNTAIN"", ""O"", ""O"", ""O"", ""O"", ""O"", ""O""]","[{""start"": 15, ""end"": 28, ""label"": ""MOUNTAIN"", ""text"": ""Mount Everest""}]",synthetic_positive_single
train-00863,Heavy clouds covered Mount Bromo throughout the morning.,"[""Heavy"", ""clouds"", ""covered"", ""Mount"", ""Bromo"", ""throughout"", ""the"", ""morning"", "".""]","[""O"", ""O"", ""O"", ""B-MOUNTAIN"", ""I-MOUNTAIN"", ""O"", ""O"", ""O"", ""O""]","[{""start"": 21, ""end"": 32, ""label"": ""MOUNTAIN"", ""text"": ""Mount Bromo""}]",synthetic_positive_single
train-00864,The travel company updated the dataset in the laboratory.,"[""The"", ""travel"", ""company"", ""updated"", ""the"", ""dataset"", ""in"", ""the"", ""laboratory"", "".""]","[""O"", ""O"", ""O"", ""O"", ""O"", ""O"", ""O"", ""O"", ""O"", ""O""]",[],synthetic_negative
train-00865,The lecture included a case study about Monte Rosa.,"[""The"", ""lecture"", ""included"", ""a"", ""case"", ""study"", ""about"", ""Monte"", ""Rosa"", "".""]","[""O"", ""O"", ""O"", ""O"", ""O"", ""O"", ""O"", ""B-MOUNTAIN"", ""I-MOUNTAIN"", ""O""]","[{""start"": 40, ""end"": 50, ""label"": ""MOUNTAIN"", ""text"": ""Monte Rosa""}]",synthetic_positive_single
train-00866,Local guides described conditions on Mount Elie de Beaumont as difficult.,"[""Local"", ""guides"", ""described"", ""conditions"", ""on"", ""Mount"", ""Elie"", ""de"", ""Beaumont"", ""as"", ""difficult"", "".""]","[""O"", ""O"", ""O"", ""O"", ""O"", ""B-MOUNTAIN"", ""I-MOUNTAIN"", ""I-MOUNTAIN"", ""I-MOUNTAIN"", ""O"", ""O"", ""O""]","[{""start"": 37, ""end"": 59, ""label"": ""MOUNTAIN"", ""text"": ""Mount Elie de Beaumont""}]",synthetic_positive_single
train-00867,The expedition reached the summit of Mount Murchison before noon.,"[""The"", ""expedition"", ""reached"", ""the"", ""summit"", ""of"", ""Mount"", ""Murchison"", ""before"", ""noon"", "".""]","[""O"", ""O"", ""O"", ""O"", ""O"", ""O"", ""B-MOUNTAIN"", ""I-MOUNTAIN"", ""O"", ""O"", ""O""]","[{""start"": 37, ""end"": 52, ""label"": ""MOUNTAIN"", ""text"": ""Mount Murchison""}]",synthetic_positive_single
train-00868,The route to Mount Washington was closed after the storm.,"[""The"", ""route"", ""to"", ""Mount"", ""Washington"", ""was"", ""closed"", ""after"", ""the"", ""storm"", "".""]","[""O"", ""O"", ""O"", ""B-MOUNTAIN"", ""I-MOUNTAIN"", ""O"", ""O"", ""O"", ""O"", ""O"", ""O""]","[{""start"": 13, ""end"": 29, ""label"": ""MOUNTAIN"", ""text"": ""Mount Washington""}]",synthetic_positive_single
train-00869,The mapping agency archived the weather forecast during the meeting.,"[""The"", ""mapping"", ""agency"", ""archived"", ""the"", ""weather"", ""forecast"", ""during"", ""the"", ""meeting"", "".""]","[""O"", ""O"", ""O"", ""O"", ""O"", ""O"", ""O"", ""O"", ""O"", ""O"", ""O""]",[],synthetic_negative
train-00870,We could clearly see Mount Saint Elias from the valley.,"[""We"", ""could"", ""clearly"", ""see"", ""Mount"", ""Saint"", ""Elias"", ""from"", ""the"", ""valley"", "".""]","[""O"", ""O"", ""O"", ""O"", ""B-MOUNTAIN"", ""I-MOUNTAIN"", ""I-MOUNTAIN"", ""O"", ""O"", ""O"", ""O""]","[{""start"": 21, ""end"": 38, ""label"": ""MOUNTAIN"", ""text"": ""Mount Saint Elias""}]",synthetic_positive_single
train-00871,The climbers postponed their attempt on Mount Robson.,"[""The"", ""climbers"", ""postponed"", ""their"", ""attempt"", ""on"", ""Mount"", ""Robson"", "".""]","[""O"", ""O"", ""O"", ""O"", ""O"", ""O"", ""B-MOUNTAIN"", ""I-MOUNTAIN"", ""O""]","[{""start"": 40, ""end"": 52, ""label"": ""MOUNTAIN"", ""text"": ""Mount Robson""}]",synthetic_positive_single
train-00872,Mount Ararat and Nanga Parbat were both visible from the aircraft.,"[""Mount"", ""Ararat"", ""and"", ""Nanga"", ""Parbat"", ""were"", ""both"", ""visible"", ""from"", ""the"", ""aircraft"", "".""]","[""B-MOUNTAIN"", ""I-MOUNTAIN"", ""O"", ""B-MOUNTAIN"", ""I-MOUNTAIN"", ""O"", ""O"", ""O"", ""O"", ""O"", ""O"", ""O""]","[{""start"": 0, ""end"": 12, ""label"": ""MOUNTAIN"", ""text"": ""Mount Ararat""}, {""start"": 17, ""end"": 29, ""label"": ""MOUNTAIN"", ""text"": ""Nanga Parbat""}]",synthetic_positive_multi
train-00873,The local council updated the validation result during the conference.,"[""The"", ""local"", ""council"", ""updated"", ""the"", ""validation"", ""result"", ""during"", ""the"", ""conference"", "".""]","[""O"", ""O"", ""O"", ""O"", ""O"", ""O"", ""O"", ""O"", ""O"", ""O"", ""O""]",[],synthetic_negative
train-00874,"For safety reasons, access to Mount Erebus was temporarily restricted.","[""For"", ""safety"", ""reasons"", "","", ""access"", ""to"", ""Mount"", ""Erebus"", ""was"", ""temporarily"", ""restricted"", "".""]","[""O"", ""O"", ""O"", ""O"", ""O"", ""O"", ""B-MOUNTAIN"", ""I-MOUNTAIN"", ""O"", ""O"", ""O"", ""O""]","[{""start"": 30, ""end"": 42, ""label"": ""MOUNTAIN"", ""text"": ""Mount Erebus""}]",synthetic_positive_single
train-00875,The weather changed quickly as they approached Ben Nevis.,"[""The"", ""weather"", ""changed"", ""quickly"", ""as"", ""they"", ""approached"", ""Ben"", ""Nevis"", "".""]","[""O"", ""O"", ""O"", ""O"", ""O"", ""O"", ""O"", ""B-MOUNTAIN"", ""I-MOUNTAIN"", ""O""]","[{""start"": 47, ""end"": 56, ""label"": ""MOUNTAIN"", ""text"": ""Ben Nevis""}]",synthetic_positive_single
train-00876,She hopes to climb Mount Sidley next year.,"[""She"", ""hopes"", ""to"", ""climb"", ""Mount"", ""Sidley"", ""next"", ""year"", "".""]","[""O"", ""O"", ""O"", ""O"", ""B-MOUNTAIN"", ""I-MOUNTAIN"", ""O"", ""O"", ""O""]","[{""start"": 19, ""end"": 31, ""label"": ""MOUNTAIN"", ""text"": ""Mount Sidley""}]",synthetic_positive_single
train-00877,A range of options was presented to the committee.,"[""A"", ""range"", ""of"", ""options"", ""was"", ""presented"", ""to"", ""the"", ""committee"", "".""]","[""O"", ""O"", ""O"", ""O"", ""O"", ""O"", ""O"", ""O"", ""O"", ""O""]",[],synthetic_hard_negative
train-00878,The word summit can describe a formal meeting.,"[""The"", ""word"", ""summit"", ""can"", ""describe"", ""a"", ""formal"", ""meeting"", "".""]","[""O"", ""O"", ""O"", ""O"", ""O"", ""O"", ""O"", ""O"", ""O""]",[],synthetic_hard_negative
train-00879,"She has photographed Jungfrau, Mount Murchison, and several nearby peaks.","[""She"", ""has"", ""photographed"", ""Jungfrau"", "","", ""Mount"", ""Murchison"", "","", ""and"", ""several"", ""nearby"", ""peaks"", "".""]","[""O"", ""O"", ""O"", ""B-MOUNTAIN"", ""O"", ""B-MOUNTAIN"", ""I-MOUNTAIN"", ""O"", ""O"", ""O"", ""O"", ""O"", ""O""]","[{""start"": 21, ""end"": 29, ""label"": ""MOUNTAIN"", ""text"": ""Jungfrau""}, {""start"": 31, ""end"": 46, ""label"": ""MOUNTAIN"", ""text"": ""Mount Murchison""}]",synthetic_positive_multi
train-00880,Mount Tasman attracts climbers from around the world.,"[""Mount"", ""Tasman"", ""attracts"", ""climbers"", ""from"", ""around"", ""the"", ""world"", "".""]","[""B-MOUNTAIN"", ""I-MOUNTAIN"", ""O"", ""O"", ""O"", ""O"", ""O"", ""O"", ""O""]","[{""start"": 0, ""end"": 12, ""label"": ""MOUNTAIN"", ""text"": ""Mount Tasman""}]",synthetic_positive_single
train-00881,Researchers installed weather sensors on Mount Hunter.,"[""Researchers"", ""installed"", ""weather"", ""sensors"", ""on"", ""Mount"", ""Hunter"", "".""]","[""O"", ""O"", ""O"", ""O"", ""O"", ""B-MOUNTAIN"", ""I-MOUNTAIN"", ""O""]","[{""start"": 41, ""end"": 53, ""label"": ""MOUNTAIN"", ""text"": ""Mount Hunter""}]",synthetic_positive_single
train-00882,The climbers postponed their attempt on Mount Vesuvius.,"[""The"", ""climbers"", ""postponed"", ""their"", ""attempt"", ""on"", ""Mount"", ""Vesuvius"", "".""]","[""O"", ""O"", ""O"", ""O"", ""O"", ""O"", ""B-MOUNTAIN"", ""I-MOUNTAIN"", ""O""]","[{""start"": 40, ""end"": 54, ""label"": ""MOUNTAIN"", ""text"": ""Mount Vesuvius""}]",synthetic_positive_single
train-00883,The lecture included a case study about Lhotse.,"[""The"", ""lecture"", ""included"", ""a"", ""case"", ""study"", ""about"", ""Lhotse"", "".""]","[""O"", ""O"", ""O"", ""O"", ""O"", ""O"", ""O"", ""B-MOUNTAIN"", ""O""]","[{""start"": 40, ""end"": 46, ""label"": ""MOUNTAIN"", ""text"": ""Lhotse""}]",synthetic_positive_single
train-00884,The climbing club reviewed the camera on Monday.,"[""The"", ""climbing"", ""club"", ""reviewed"", ""the"", ""camera"", ""on"", ""Monday"", "".""]","[""O"", ""O"", ""O"", ""O"", ""O"", ""O"", ""O"", ""O"", ""O""]",[],synthetic_negative
train-00885,The team discussed whether to attempt Mount Columbia or Mount Kenya.,"[""The"", ""team"", ""discussed"", ""whether"", ""to"", ""attempt"", ""Mount"", ""Columbia"", ""or"", ""Mount"", ""Kenya"", "".""]","[""O"", ""O"", ""O"", ""O"", ""O"", ""O"", ""B-MOUNTAIN"", ""I-MOUNTAIN"", ""O"", ""B-MOUNTAIN"", ""I-MOUNTAIN"", ""O""]","[{""start"": 38, ""end"": 52, ""label"": ""MOUNTAIN"", ""text"": ""Mount Columbia""}, {""start"": 56, ""end"": 67, ""label"": ""MOUNTAIN"", ""text"": ""Mount Kenya""}]",synthetic_positive_multi
train-00886,The base camp below Sajama was moved to safer ground.,"[""The"", ""base"", ""camp"", ""below"", ""Sajama"", ""was"", ""moved"", ""to"", ""safer"", ""ground"", "".""]","[""O"", ""O"", ""O"", ""O"", ""B-MOUNTAIN"", ""O"", ""O"", ""O"", ""O"", ""O"", ""O""]","[{""start"": 20, ""end"": 26, ""label"": ""MOUNTAIN"", ""text"": ""Sajama""}]",synthetic_positive_single
train-00887,The mapping agency discussed the aircraft during the meeting.,"[""The"", ""mapping"", ""agency"", ""discussed"", ""the"", ""aircraft"", ""during"", ""the"", ""meeting"", "".""]","[""O"", ""O"", ""O"", ""O"", ""O"", ""O"", ""O"", ""O"", ""O"", ""O""]",[],synthetic_negative
train-00888,"According to the itinerary, Haleakala is the main destination.","[""According"", ""to"", ""the"", ""itinerary"", "","", ""Haleakala"", ""is"", ""the"", ""main"", ""destination"", "".""]","[""O"", ""O"", ""O"", ""O"", ""O"", ""B-MOUNTAIN"", ""O"", ""O"", ""O"", ""O"", ""O""]","[{""start"": 28, ""end"": 37, ""label"": ""MOUNTAIN"", ""text"": ""Haleakala""}]",synthetic_positive_single
train-00889,Our map marks Mount Silverthrone with a red triangle.,"[""Our"", ""map"", ""marks"", ""Mount"", ""Silverthrone"", ""with"", ""a"", ""red"", ""triangle"", "".""]","[""O"", ""O"", ""O"", ""B-MOUNTAIN"", ""I-MOUNTAIN"", ""O"", ""O"", ""O"", ""O"", ""O""]","[{""start"": 14, ""end"": 32, ""label"": ""MOUNTAIN"", ""text"": ""Mount Silverthrone""}]",synthetic_positive_single
train-00890,Snow remained on the upper slopes of Alpamayo.,"[""Snow"", ""remained"", ""on"", ""the"", ""upper"", ""slopes"", ""of"", ""Alpamayo"", "".""]","[""O"", ""O"", ""O"", ""O"", ""O"", ""O"", ""O"", ""B-MOUNTAIN"", ""O""]","[{""start"": 37, ""end"": 45, ""label"": ""MOUNTAIN"", ""text"": ""Alpamayo""}]",synthetic_positive_single
train-00891,The map labels both Mount Hood and Mount Nyiragongo.,"[""The"", ""map"", ""labels"", ""both"", ""Mount"", ""Hood"", ""and"", ""Mount"", ""Nyiragongo"", "".""]","[""O"", ""O"", ""O"", ""O"", ""B-MOUNTAIN"", ""I-MOUNTAIN"", ""O"", ""B-MOUNTAIN"", ""I-MOUNTAIN"", ""O""]","[{""start"": 20, ""end"": 30, ""label"": ""MOUNTAIN"", ""text"": ""Mount Hood""}, {""start"": 35, ""end"": 51, ""label"": ""MOUNTAIN"", ""text"": ""Mount Nyiragongo""}]",synthetic_positive_multi
train-00892,The weather service updated the aircraft during the conference.,"[""The"", ""weather"", ""service"", ""updated"", ""the"", ""aircraft"", ""during"", ""the"", ""conference"", "".""]","[""O"", ""O"", ""O"", ""O"", ""O"", ""O"", ""O"", ""O"", ""O"", ""O""]",[],synthetic_negative
train-00893,"After weeks of preparation, the group departed for Mount Logan.","[""After"", ""weeks"", ""of"", ""preparation"", "","", ""the"", ""group"", ""departed"", ""for"", ""Mount"", ""Logan"", "".""]","[""O"", ""O"", ""O"", ""O"", ""O"", ""O"", ""O"", ""O"", ""O"", ""B-MOUNTAIN"", ""I-MOUNTAIN"", ""O""]","[{""start"": 51, ""end"": 62, ""label"": ""MOUNTAIN"", ""text"": ""Mount Logan""}]",synthetic_positive_single
train-00894,An avalanche warning was issued for the area around Scafell Pike.,"[""An"", ""avalanche"", ""warning"", ""was"", ""issued"", ""for"", ""the"", ""area"", ""around"", ""Scafell"", ""Pike"", "".""]","[""O"", ""O"", ""O"", ""O"", ""O"", ""O"", ""O"", ""O"", ""O"", ""B-MOUNTAIN"", ""I-MOUNTAIN"", ""O""]","[{""start"": 52, ""end"": 64, ""label"": ""MOUNTAIN"", ""text"": ""Scafell Pike""}]",synthetic_positive_single
train-00895,The local council shared the weather forecast in the final report.,"[""The"", ""local"", ""council"", ""shared"", ""the"", ""weather"", ""forecast"", ""in"", ""the"", ""final"", ""report"", "".""]","[""O"", ""O"", ""O"", ""O"", ""O"", ""O"", ""O"", ""O"", ""O"", ""O"", ""O"", ""O""]",[],synthetic_negative
train-00896,Researchers installed weather sensors on Mount Hicks.,"[""Researchers"", ""installed"", ""weather"", ""sensors"", ""on"", ""Mount"", ""Hicks"", "".""]","[""O"", ""O"", ""O"", ""O"", ""O"", ""B-MOUNTAIN"", ""I-MOUNTAIN"", ""O""]","[{""start"": 41, ""end"": 52, ""label"": ""MOUNTAIN"", ""text"": ""Mount Hicks""}]",synthetic_positive_single
train-00897,Snow remained on the upper slopes of Mount Jefferson.,"[""Snow"", ""remained"", ""on"", ""the"", ""upper"", ""slopes"", ""of"", ""Mount"", ""Jefferson"", "".""]","[""O"", ""O"", ""O"", ""O"", ""O"", ""O"", ""O"", ""B-MOUNTAIN"", ""I-MOUNTAIN"", ""O""]","[{""start"": 37, ""end"": 52, ""label"": ""MOUNTAIN"", ""text"": ""Mount Jefferson""}]",synthetic_positive_single
train-00898,The expedition leader reviewed the camera before lunch.,"[""The"", ""expedition"", ""leader"", ""reviewed"", ""the"", ""camera"", ""before"", ""lunch"", "".""]","[""O"", ""O"", ""O"", ""O"", ""O"", ""O"", ""O"", ""O"", ""O""]",[],synthetic_negative
train-00899,"After weeks of preparation, the group departed for Huascaran.","[""After"", ""weeks"", ""of"", ""preparation"", "","", ""the"", ""group"", ""departed"", ""for"", ""Huascaran"", "".""]","[""O"", ""O"", ""O"", ""O"", ""O"", ""O"", ""O"", ""O"", ""O"", ""B-MOUNTAIN"", ""O""]","[{""start"": 51, ""end"": 60, ""label"": ""MOUNTAIN"", ""text"": ""Huascaran""}]",synthetic_positive_single
train-00900,The documentary follows expeditions to Jebel Toubkal and later to Mount Fairweather.,"[""The"", ""documentary"", ""follows"", ""expeditions"", ""to"", ""Jebel"", ""Toubkal"", ""and"", ""later"", ""to"", ""Mount"", ""Fairweather"", "".""]","[""O"", ""O"", ""O"", ""O"", ""O"", ""B-MOUNTAIN"", ""I-MOUNTAIN"", ""O"", ""O"", ""O"", ""B-MOUNTAIN"", ""I-MOUNTAIN"", ""O""]","[{""start"": 39, ""end"": 52, ""label"": ""MOUNTAIN"", ""text"": ""Jebel Toubkal""}, {""start"": 66, ""end"": 83, ""label"": ""MOUNTAIN"", ""text"": ""Mount Fairweather""}]",synthetic_positive_multi
train-00901,Researchers installed weather sensors on Mount Meru.,"[""Researchers"", ""installed"", ""weather"", ""sensors"", ""on"", ""Mount"", ""Meru"", "".""]","[""O"", ""O"", ""O"", ""O"", ""O"", ""B-MOUNTAIN"", ""I-MOUNTAIN"", ""O""]","[{""start"": 41, ""end"": 51, ""label"": ""MOUNTAIN"", ""text"": ""Mount Meru""}]",synthetic_positive_single
train-00902,The map labels both Alpamayo and Mount Olympus.,"[""The"", ""map"", ""labels"", ""both"", ""Alpamayo"", ""and"", ""Mount"", ""Olympus"", "".""]","[""O"", ""O"", ""O"", ""O"", ""B-MOUNTAIN"", ""O"", ""B-MOUNTAIN"", ""I-MOUNTAIN"", ""O""]","[{""start"": 20, ""end"": 28, ""label"": ""MOUNTAIN"", ""text"": ""Alpamayo""}, {""start"": 33, ""end"": 46, ""label"": ""MOUNTAIN"", ""text"": ""Mount Olympus""}]",synthetic_positive_multi
train-00903,The weather service approved the cliff photograph in the final report.,"[""The"", ""weather"", ""service"", ""approved"", ""the"", ""cliff"", ""photograph"", ""in"", ""the"", ""final"", ""report"", "".""]","[""O"", ""O"", ""O"", ""O"", ""O"", ""O"", ""O"", ""O"", ""O"", ""O"", ""O"", ""O""]",[],synthetic_negative
train-00904,The tourist group archived the camera during the conference.,"[""The"", ""tourist"", ""group"", ""archived"", ""the"", ""camera"", ""during"", ""the"", ""conference"", "".""]","[""O"", ""O"", ""O"", ""O"", ""O"", ""O"", ""O"", ""O"", ""O"", ""O""]",[],synthetic_negative
train-00905,The guide warned us not to underestimate Jebel Toubkal.,"[""The"", ""guide"", ""warned"", ""us"", ""not"", ""to"", ""underestimate"", ""Jebel"", ""Toubkal"", "".""]","[""O"", ""O"", ""O"", ""O"", ""O"", ""O"", ""O"", ""B-MOUNTAIN"", ""I-MOUNTAIN"", ""O""]","[{""start"": 41, ""end"": 54, ""label"": ""MOUNTAIN"", ""text"": ""Jebel Toubkal""}]",synthetic_positive_single
train-00906,"By late afternoon, shadows had covered the slopes of Mount Vancouver.","[""By"", ""late"", ""afternoon"", "","", ""shadows"", ""had"", ""covered"", ""the"", ""slopes"", ""of"", ""Mount"", ""Vancouver"", "".""]","[""O"", ""O"", ""O"", ""O"", ""O"", ""O"", ""O"", ""O"", ""O"", ""O"", ""B-MOUNTAIN"", ""I-MOUNTAIN"", ""O""]","[{""start"": 53, ""end"": 68, ""label"": ""MOUNTAIN"", ""text"": ""Mount Vancouver""}]",synthetic_positive_single
train-00907,The guide warned us not to underestimate Mount Lendenfeld.,"[""The"", ""guide"", ""warned"", ""us"", ""not"", ""to"", ""underestimate"", ""Mount"", ""Lendenfeld"", "".""]","[""O"", ""O"", ""O"", ""O"", ""O"", ""O"", ""O"", ""B-MOUNTAIN"", ""I-MOUNTAIN"", ""O""]","[{""start"": 41, ""end"": 57, ""label"": ""MOUNTAIN"", ""text"": ""Mount Lendenfeld""}]",synthetic_positive_single
train-00908,She hopes to climb Mount Cameroon next year.,"[""She"", ""hopes"", ""to"", ""climb"", ""Mount"", ""Cameroon"", ""next"", ""year"", "".""]","[""O"", ""O"", ""O"", ""O"", ""B-MOUNTAIN"", ""I-MOUNTAIN"", ""O"", ""O"", ""O""]","[{""start"": 19, ""end"": 33, ""label"": ""MOUNTAIN"", ""text"": ""Mount Cameroon""}]",synthetic_positive_single
train-00909,Mount Olympus and Mount Dampier were both visible from the aircraft.,"[""Mount"", ""Olympus"", ""and"", ""Mount"", ""Dampier"", ""were"", ""both"", ""visible"", ""from"", ""the"", ""aircraft"", "".""]","[""B-MOUNTAIN"", ""I-MOUNTAIN"", ""O"", ""B-MOUNTAIN"", ""I-MOUNTAIN"", ""O"", ""O"", ""O"", ""O"", ""O"", ""O"", ""O""]","[{""start"": 0, ""end"": 13, ""label"": ""MOUNTAIN"", ""text"": ""Mount Olympus""}, {""start"": 18, ""end"": 31, ""label"": ""MOUNTAIN"", ""text"": ""Mount Dampier""}]",synthetic_positive_multi
train-00910,A documentary crew filmed near Jebel Toubkal.,"[""A"", ""documentary"", ""crew"", ""filmed"", ""near"", ""Jebel"", ""Toubkal"", "".""]","[""O"", ""O"", ""O"", ""O"", ""O"", ""B-MOUNTAIN"", ""I-MOUNTAIN"", ""O""]","[{""start"": 31, ""end"": 44, ""label"": ""MOUNTAIN"", ""text"": ""Jebel Toubkal""}]",synthetic_positive_single
train-00911,Heavy clouds covered Mount Lucania throughout the morning.,"[""Heavy"", ""clouds"", ""covered"", ""Mount"", ""Lucania"", ""throughout"", ""the"", ""morning"", "".""]","[""O"", ""O"", ""O"", ""B-MOUNTAIN"", ""I-MOUNTAIN"", ""O"", ""O"", ""O"", ""O""]","[{""start"": 21, ""end"": 34, ""label"": ""MOUNTAIN"", ""text"": ""Mount Lucania""}]",synthetic_positive_single
train-00912,Several routes lead toward the summit of Mount Rainier.,"[""Several"", ""routes"", ""lead"", ""toward"", ""the"", ""summit"", ""of"", ""Mount"", ""Rainier"", "".""]","[""O"", ""O"", ""O"", ""O"", ""O"", ""O"", ""O"", ""B-MOUNTAIN"", ""I-MOUNTAIN"", ""O""]","[{""start"": 41, ""end"": 54, ""label"": ""MOUNTAIN"", ""text"": ""Mount Rainier""}]",synthetic_positive_single
train-00913,She hopes to climb Ol Doinyo Lengai next year.,"[""She"", ""hopes"", ""to"", ""climb"", ""Ol"", ""Doinyo"", ""Lengai"", ""next"", ""year"", "".""]","[""O"", ""O"", ""O"", ""O"", ""B-MOUNTAIN"", ""I-MOUNTAIN"", ""I-MOUNTAIN"", ""O"", ""O"", ""O""]","[{""start"": 19, ""end"": 35, ""label"": ""MOUNTAIN"", ""text"": ""Ol Doinyo Lengai""}]",synthetic_positive_single
train-00914,"During the spring survey, scientists visited Mount Ruapehu.","[""During"", ""the"", ""spring"", ""survey"", "","", ""scientists"", ""visited"", ""Mount"", ""Ruapehu"", "".""]","[""O"", ""O"", ""O"", ""O"", ""O"", ""O"", ""O"", ""B-MOUNTAIN"", ""I-MOUNTAIN"", ""O""]","[{""start"": 45, ""end"": 58, ""label"": ""MOUNTAIN"", ""text"": ""Mount Ruapehu""}]",synthetic_positive_single
train-00915,"By late afternoon, shadows had covered the slopes of Mount Sabalan.","[""By"", ""late"", ""afternoon"", "","", ""shadows"", ""had"", ""covered"", ""the"", ""slopes"", ""of"", ""Mount"", ""Sabalan"", "".""]","[""O"", ""O"", ""O"", ""O"", ""O"", ""O"", ""O"", ""O"", ""O"", ""O"", ""B-MOUNTAIN"", ""I-MOUNTAIN"", ""O""]","[{""start"": 53, ""end"": 66, ""label"": ""MOUNTAIN"", ""text"": ""Mount Sabalan""}]",synthetic_positive_single
train-00916,"Despite the forecast, the climbers continued toward Mount Shasta.","[""Despite"", ""the"", ""forecast"", "","", ""the"", ""climbers"", ""continued"", ""toward"", ""Mount"", ""Shasta"", "".""]","[""O"", ""O"", ""O"", ""O"", ""O"", ""O"", ""O"", ""O"", ""B-MOUNTAIN"", ""I-MOUNTAIN"", ""O""]","[{""start"": 52, ""end"": 64, ""label"": ""MOUNTAIN"", ""text"": ""Mount Shasta""}]",synthetic_positive_single
train-00917,Have you ever seen Hoverla in winter?,"[""Have"", ""you"", ""ever"", ""seen"", ""Hoverla"", ""in"", ""winter"", ""?""]","[""O"", ""O"", ""O"", ""O"", ""B-MOUNTAIN"", ""O"", ""O"", ""O""]","[{""start"": 19, ""end"": 26, ""label"": ""MOUNTAIN"", ""text"": ""Hoverla""}]",synthetic_positive_single
train-00918,The university department archived the training notebook before the deadline.,"[""The"", ""university"", ""department"", ""archived"", ""the"", ""training"", ""notebook"", ""before"", ""the"", ""deadline"", "".""]","[""O"", ""O"", ""O"", ""O"", ""O"", ""O"", ""O"", ""O"", ""O"", ""O"", ""O""]",[],synthetic_negative
train-00919,"She has photographed Mount Damavand, Mount Mitchell, and several nearby peaks.","[""She"", ""has"", ""photographed"", ""Mount"", ""Damavand"", "","", ""Mount"", ""Mitchell"", "","", ""and"", ""several"", ""nearby"", ""peaks"", "".""]","[""O"", ""O"", ""O"", ""B-MOUNTAIN"", ""I-MOUNTAIN"", ""O"", ""B-MOUNTAIN"", ""I-MOUNTAIN"", ""O"", ""O"", ""O"", ""O"", ""O"", ""O""]","[{""start"": 21, ""end"": 35, ""label"": ""MOUNTAIN"", ""text"": ""Mount Damavand""}, {""start"": 37, ""end"": 51, ""label"": ""MOUNTAIN"", ""text"": ""Mount Mitchell""}]",synthetic_positive_multi
train-00920,The tourist group rejected the sensor reading during the conference.,"[""The"", ""tourist"", ""group"", ""rejected"", ""the"", ""sensor"", ""reading"", ""during"", ""the"", ""conference"", "".""]","[""O"", ""O"", ""O"", ""O"", ""O"", ""O"", ""O"", ""O"", ""O"", ""O"", ""O""]",[],synthetic_negative
train-00921,The mapping agency updated the product range on Monday.,"[""The"", ""mapping"", ""agency"", ""updated"", ""the"", ""product"", ""range"", ""on"", ""Monday"", "".""]","[""O"", ""O"", ""O"", ""O"", ""O"", ""O"", ""O"", ""O"", ""O"", ""O""]",[],synthetic_negative
train-00922,An avalanche warning was issued for the area around Table Mountain.,"[""An"", ""avalanche"", ""warning"", ""was"", ""issued"", ""for"", ""the"", ""area"", ""around"", ""Table"", ""Mountain"", "".""]","[""O"", ""O"", ""O"", ""O"", ""O"", ""O"", ""O"", ""O"", ""O"", ""B-MOUNTAIN"", ""I-MOUNTAIN"", ""O""]","[{""start"": 52, ""end"": 66, ""label"": ""MOUNTAIN"", ""text"": ""Table Mountain""}]",synthetic_positive_single
train-00923,The photograph shows Pip Ivan at sunrise.,"[""The"", ""photograph"", ""shows"", ""Pip"", ""Ivan"", ""at"", ""sunrise"", "".""]","[""O"", ""O"", ""O"", ""B-MOUNTAIN"", ""I-MOUNTAIN"", ""O"", ""O"", ""O""]","[{""start"": 21, ""end"": 29, ""label"": ""MOUNTAIN"", ""text"": ""Pip Ivan""}]",synthetic_positive_single
train-00924,The rescue unit approved the route in the final report.,"[""The"", ""rescue"", ""unit"", ""approved"", ""the"", ""route"", ""in"", ""the"", ""final"", ""report"", "".""]","[""O"", ""O"", ""O"", ""O"", ""O"", ""O"", ""O"", ""O"", ""O"", ""O"", ""O""]",[],synthetic_negative
train-00925,The weather service printed the expedition permit after the presentation.,"[""The"", ""weather"", ""service"", ""printed"", ""the"", ""expedition"", ""permit"", ""after"", ""the"", ""presentation"", "".""]","[""O"", ""O"", ""O"", ""O"", ""O"", ""O"", ""O"", ""O"", ""O"", ""O"", ""O""]",[],synthetic_negative
train-00926,The tourist group discussed the training notebook in the laboratory.,"[""The"", ""tourist"", ""group"", ""discussed"", ""the"", ""training"", ""notebook"", ""in"", ""the"", ""laboratory"", "".""]","[""O"", ""O"", ""O"", ""O"", ""O"", ""O"", ""O"", ""O"", ""O"", ""O"", ""O""]",[],synthetic_negative
train-00927,Tourists gathered at a viewpoint facing Matterhorn.,"[""Tourists"", ""gathered"", ""at"", ""a"", ""viewpoint"", ""facing"", ""Matterhorn"", "".""]","[""O"", ""O"", ""O"", ""O"", ""O"", ""O"", ""B-MOUNTAIN"", ""O""]","[{""start"": 40, ""end"": 50, ""label"": ""MOUNTAIN"", ""text"": ""Matterhorn""}]",synthetic_positive_single
train-00928,Cerro Torre attracts climbers from around the world.,"[""Cerro"", ""Torre"", ""attracts"", ""climbers"", ""from"", ""around"", ""the"", ""world"", "".""]","[""B-MOUNTAIN"", ""I-MOUNTAIN"", ""O"", ""O"", ""O"", ""O"", ""O"", ""O"", ""O""]","[{""start"": 0, ""end"": 11, ""label"": ""MOUNTAIN"", ""text"": ""Cerro Torre""}]",synthetic_positive_single
train-00929,The rescue unit updated the valley at the office.,"[""The"", ""rescue"", ""unit"", ""updated"", ""the"", ""valley"", ""at"", ""the"", ""office"", "".""]","[""O"", ""O"", ""O"", ""O"", ""O"", ""O"", ""O"", ""O"", ""O"", ""O""]",[],synthetic_negative
train-00930,Several routes lead toward the summit of Ben Nevis.,"[""Several"", ""routes"", ""lead"", ""toward"", ""the"", ""summit"", ""of"", ""Ben"", ""Nevis"", "".""]","[""O"", ""O"", ""O"", ""O"", ""O"", ""O"", ""O"", ""B-MOUNTAIN"", ""I-MOUNTAIN"", ""O""]","[{""start"": 41, ""end"": 50, ""label"": ""MOUNTAIN"", ""text"": ""Ben Nevis""}]",synthetic_positive_single
train-00931,The university department checked the ridge map before lunch.,"[""The"", ""university"", ""department"", ""checked"", ""the"", ""ridge"", ""map"", ""before"", ""lunch"", "".""]","[""O"", ""O"", ""O"", ""O"", ""O"", ""O"", ""O"", ""O"", ""O"", ""O""]",[],synthetic_negative
train-00932,The local council updated the dataset during the conference.,"[""The"", ""local"", ""council"", ""updated"", ""the"", ""dataset"", ""during"", ""the"", ""conference"", "".""]","[""O"", ""O"", ""O"", ""O"", ""O"", ""O"", ""O"", ""O"", ""O"", ""O""]",[],synthetic_negative
train-00933,The guide warned us not to underestimate Mauna Kea.,"[""The"", ""guide"", ""warned"", ""us"", ""not"", ""to"", ""underestimate"", ""Mauna"", ""Kea"", "".""]","[""O"", ""O"", ""O"", ""O"", ""O"", ""O"", ""O"", ""B-MOUNTAIN"", ""I-MOUNTAIN"", ""O""]","[{""start"": 41, ""end"": 50, ""label"": ""MOUNTAIN"", ""text"": ""Mauna Kea""}]",synthetic_positive_single
train-00934,The team discussed whether to attempt Fitz Roy or Mount Haidinger.,"[""The"", ""team"", ""discussed"", ""whether"", ""to"", ""attempt"", ""Fitz"", ""Roy"", ""or"", ""Mount"", ""Haidinger"", "".""]","[""O"", ""O"", ""O"", ""O"", ""O"", ""O"", ""B-MOUNTAIN"", ""I-MOUNTAIN"", ""O"", ""B-MOUNTAIN"", ""I-MOUNTAIN"", ""O""]","[{""start"": 38, ""end"": 46, ""label"": ""MOUNTAIN"", ""text"": ""Fitz Roy""}, {""start"": 50, ""end"": 65, ""label"": ""MOUNTAIN"", ""text"": ""Mount Haidinger""}]",synthetic_positive_multi
train-00935,The weather service archived the training notebook at the airport.,"[""The"", ""weather"", ""service"", ""archived"", ""the"", ""training"", ""notebook"", ""at"", ""the"", ""airport"", "".""]","[""O"", ""O"", ""O"", ""O"", ""O"", ""O"", ""O"", ""O"", ""O"", ""O"", ""O""]",[],synthetic_negative
train-00936,The guide warned us not to underestimate Fitz Roy.,"[""The"", ""guide"", ""warned"", ""us"", ""not"", ""to"", ""underestimate"", ""Fitz"", ""Roy"", "".""]","[""O"", ""O"", ""O"", ""O"", ""O"", ""O"", ""O"", ""B-MOUNTAIN"", ""I-MOUNTAIN"", ""O""]","[{""start"": 41, ""end"": 49, ""label"": ""MOUNTAIN"", ""text"": ""Fitz Roy""}]",synthetic_positive_single
train-00937,The team discussed whether to attempt Mount Baker or Annapurna.,"[""The"", ""team"", ""discussed"", ""whether"", ""to"", ""attempt"", ""Mount"", ""Baker"", ""or"", ""Annapurna"", "".""]","[""O"", ""O"", ""O"", ""O"", ""O"", ""O"", ""B-MOUNTAIN"", ""I-MOUNTAIN"", ""O"", ""B-MOUNTAIN"", ""O""]","[{""start"": 38, ""end"": 49, ""label"": ""MOUNTAIN"", ""text"": ""Mount Baker""}, {""start"": 53, ""end"": 62, ""label"": ""MOUNTAIN"", ""text"": ""Annapurna""}]",synthetic_positive_multi
train-00938,"She has photographed K2, Mount Silverthrone, and several nearby peaks.","[""She"", ""has"", ""photographed"", ""K2"", "","", ""Mount"", ""Silverthrone"", "","", ""and"", ""several"", ""nearby"", ""peaks"", "".""]","[""O"", ""O"", ""O"", ""B-MOUNTAIN"", ""O"", ""B-MOUNTAIN"", ""I-MOUNTAIN"", ""O"", ""O"", ""O"", ""O"", ""O"", ""O""]","[{""start"": 21, ""end"": 23, ""label"": ""MOUNTAIN"", ""text"": ""K2""}, {""start"": 25, ""end"": 43, ""label"": ""MOUNTAIN"", ""text"": ""Mount Silverthrone""}]",synthetic_positive_multi
train-00939,The photograph shows Mount Tasman at sunrise.,"[""The"", ""photograph"", ""shows"", ""Mount"", ""Tasman"", ""at"", ""sunrise"", "".""]","[""O"", ""O"", ""O"", ""B-MOUNTAIN"", ""I-MOUNTAIN"", ""O"", ""O"", ""O""]","[{""start"": 21, ""end"": 33, ""label"": ""MOUNTAIN"", ""text"": ""Mount Tasman""}]",synthetic_positive_single
train-00940,The guide warned us not to underestimate Mount Ruapehu.,"[""The"", ""guide"", ""warned"", ""us"", ""not"", ""to"", ""underestimate"", ""Mount"", ""Ruapehu"", "".""]","[""O"", ""O"", ""O"", ""O"", ""O"", ""O"", ""O"", ""B-MOUNTAIN"", ""I-MOUNTAIN"", ""O""]","[{""start"": 41, ""end"": 54, ""label"": ""MOUNTAIN"", ""text"": ""Mount Ruapehu""}]",synthetic_positive_single
train-00941,The travel company published the aircraft in the final report.,"[""The"", ""travel"", ""company"", ""published"", ""the"", ""aircraft"", ""in"", ""the"", ""final"", ""report"", "".""]","[""O"", ""O"", ""O"", ""O"", ""O"", ""O"", ""O"", ""O"", ""O"", ""O"", ""O""]",[],synthetic_negative
train-00942,"Unlike Shishapangma, Mount Dampier was hidden by clouds.","[""Unlike"", ""Shishapangma"", "","", ""Mount"", ""Dampier"", ""was"", ""hidden"", ""by"", ""clouds"", "".""]","[""O"", ""B-MOUNTAIN"", ""O"", ""B-MOUNTAIN"", ""I-MOUNTAIN"", ""O"", ""O"", ""O"", ""O"", ""O""]","[{""start"": 7, ""end"": 19, ""label"": ""MOUNTAIN"", ""text"": ""Shishapangma""}, {""start"": 21, ""end"": 34, ""label"": ""MOUNTAIN"", ""text"": ""Mount Dampier""}]",synthetic_positive_multi
train-00943,Our route passes near Mount Olympus before turning toward Denali.,"[""Our"", ""route"", ""passes"", ""near"", ""Mount"", ""Olympus"", ""before"", ""turning"", ""toward"", ""Denali"", "".""]","[""O"", ""O"", ""O"", ""O"", ""B-MOUNTAIN"", ""I-MOUNTAIN"", ""O"", ""O"", ""O"", ""B-MOUNTAIN"", ""O""]","[{""start"": 22, ""end"": 35, ""label"": ""MOUNTAIN"", ""text"": ""Mount Olympus""}, {""start"": 58, ""end"": 64, ""label"": ""MOUNTAIN"", ""text"": ""Denali""}]",synthetic_positive_multi
train-00944,The travel company translated the satellite image at the airport.,"[""The"", ""travel"", ""company"", ""translated"", ""the"", ""satellite"", ""image"", ""at"", ""the"", ""airport"", "".""]","[""O"", ""O"", ""O"", ""O"", ""O"", ""O"", ""O"", ""O"", ""O"", ""O"", ""O""]",[],synthetic_negative
train-00945,Several routes lead toward the summit of Jebel Toubkal.,"[""Several"", ""routes"", ""lead"", ""toward"", ""the"", ""summit"", ""of"", ""Jebel"", ""Toubkal"", "".""]","[""O"", ""O"", ""O"", ""O"", ""O"", ""O"", ""O"", ""B-MOUNTAIN"", ""I-MOUNTAIN"", ""O""]","[{""start"": 41, ""end"": 54, ""label"": ""MOUNTAIN"", ""text"": ""Jebel Toubkal""}]",synthetic_positive_single
train-00946,She hopes to climb Mount Alverstone next year.,"[""She"", ""hopes"", ""to"", ""climb"", ""Mount"", ""Alverstone"", ""next"", ""year"", "".""]","[""O"", ""O"", ""O"", ""O"", ""B-MOUNTAIN"", ""I-MOUNTAIN"", ""O"", ""O"", ""O""]","[{""start"": 19, ""end"": 35, ""label"": ""MOUNTAIN"", ""text"": ""Mount Alverstone""}]",synthetic_positive_single
train-00947,Weather stations near Lhotse and Fitz Roy recorded strong winds.,"[""Weather"", ""stations"", ""near"", ""Lhotse"", ""and"", ""Fitz"", ""Roy"", ""recorded"", ""strong"", ""winds"", "".""]","[""O"", ""O"", ""O"", ""B-MOUNTAIN"", ""O"", ""B-MOUNTAIN"", ""I-MOUNTAIN"", ""O"", ""O"", ""O"", ""O""]","[{""start"": 22, ""end"": 28, ""label"": ""MOUNTAIN"", ""text"": ""Lhotse""}, {""start"": 33, ""end"": 41, ""label"": ""MOUNTAIN"", ""text"": ""Fitz Roy""}]",synthetic_positive_multi
train-00948,Images of Pip Ivan were placed beside photographs of Denali.,"[""Images"", ""of"", ""Pip"", ""Ivan"", ""were"", ""placed"", ""beside"", ""photographs"", ""of"", ""Denali"", "".""]","[""O"", ""O"", ""B-MOUNTAIN"", ""I-MOUNTAIN"", ""O"", ""O"", ""O"", ""O"", ""O"", ""B-MOUNTAIN"", ""O""]","[{""start"": 10, ""end"": 18, ""label"": ""MOUNTAIN"", ""text"": ""Pip Ivan""}, {""start"": 53, ""end"": 59, ""label"": ""MOUNTAIN"", ""text"": ""Denali""}]",synthetic_positive_multi
train-00949,The travel company approved the hotel booking in the final report.,"[""The"", ""travel"", ""company"", ""approved"", ""the"", ""hotel"", ""booking"", ""in"", ""the"", ""final"", ""report"", "".""]","[""O"", ""O"", ""O"", ""O"", ""O"", ""O"", ""O"", ""O"", ""O"", ""O"", ""O"", ""O""]",[],synthetic_negative
train-00950,A documentary crew filmed near Scafell Pike.,"[""A"", ""documentary"", ""crew"", ""filmed"", ""near"", ""Scafell"", ""Pike"", "".""]","[""O"", ""O"", ""O"", ""O"", ""O"", ""B-MOUNTAIN"", ""I-MOUNTAIN"", ""O""]","[{""start"": 31, ""end"": 43, ""label"": ""MOUNTAIN"", ""text"": ""Scafell Pike""}]",synthetic_positive_single
train-00951,Expeditions to Manaslu and Broad Peak were delayed by bad weather.,"[""Expeditions"", ""to"", ""Manaslu"", ""and"", ""Broad"", ""Peak"", ""were"", ""delayed"", ""by"", ""bad"", ""weather"", "".""]","[""O"", ""O"", ""B-MOUNTAIN"", ""O"", ""B-MOUNTAIN"", ""I-MOUNTAIN"", ""O"", ""O"", ""O"", ""O"", ""O"", ""O""]","[{""start"": 15, ""end"": 22, ""label"": ""MOUNTAIN"", ""text"": ""Manaslu""}, {""start"": 27, ""end"": 37, ""label"": ""MOUNTAIN"", ""text"": ""Broad Peak""}]",synthetic_positive_multi
train-00952,A helicopter circled above Mount Ngauruhoe during the rescue.,"[""A"", ""helicopter"", ""circled"", ""above"", ""Mount"", ""Ngauruhoe"", ""during"", ""the"", ""rescue"", "".""]","[""O"", ""O"", ""O"", ""O"", ""B-MOUNTAIN"", ""I-MOUNTAIN"", ""O"", ""O"", ""O"", ""O""]","[{""start"": 27, ""end"": 42, ""label"": ""MOUNTAIN"", ""text"": ""Mount Ngauruhoe""}]",synthetic_positive_single
train-00953,A documentary crew filmed near Mount Augusta.,"[""A"", ""documentary"", ""crew"", ""filmed"", ""near"", ""Mount"", ""Augusta"", "".""]","[""O"", ""O"", ""O"", ""O"", ""O"", ""B-MOUNTAIN"", ""I-MOUNTAIN"", ""O""]","[{""start"": 31, ""end"": 44, ""label"": ""MOUNTAIN"", ""text"": ""Mount Augusta""}]",synthetic_positive_single
train-00954,The climbing club shared the sensor reading before lunch.,"[""The"", ""climbing"", ""club"", ""shared"", ""the"", ""sensor"", ""reading"", ""before"", ""lunch"", "".""]","[""O"", ""O"", ""O"", ""O"", ""O"", ""O"", ""O"", ""O"", ""O"", ""O""]",[],synthetic_negative
train-00955,The climbers postponed their attempt on Pip Ivan.,"[""The"", ""climbers"", ""postponed"", ""their"", ""attempt"", ""on"", ""Pip"", ""Ivan"", "".""]","[""O"", ""O"", ""O"", ""O"", ""O"", ""O"", ""B-MOUNTAIN"", ""I-MOUNTAIN"", ""O""]","[{""start"": 40, ""end"": 48, ""label"": ""MOUNTAIN"", ""text"": ""Pip Ivan""}]",synthetic_positive_single
train-00956,A helicopter circled above Mount Murchison during the rescue.,"[""A"", ""helicopter"", ""circled"", ""above"", ""Mount"", ""Murchison"", ""during"", ""the"", ""rescue"", "".""]","[""O"", ""O"", ""O"", ""O"", ""B-MOUNTAIN"", ""I-MOUNTAIN"", ""O"", ""O"", ""O"", ""O""]","[{""start"": 27, ""end"": 42, ""label"": ""MOUNTAIN"", ""text"": ""Mount Murchison""}]",synthetic_positive_single
train-00957,A new trail provides access to Mount Lucania.,"[""A"", ""new"", ""trail"", ""provides"", ""access"", ""to"", ""Mount"", ""Lucania"", "".""]","[""O"", ""O"", ""O"", ""O"", ""O"", ""O"", ""B-MOUNTAIN"", ""I-MOUNTAIN"", ""O""]","[{""start"": 31, ""end"": 44, ""label"": ""MOUNTAIN"", ""text"": ""Mount Lucania""}]",synthetic_positive_single
train-00958,The film crew approved the aircraft on Monday.,"[""The"", ""film"", ""crew"", ""approved"", ""the"", ""aircraft"", ""on"", ""Monday"", "".""]","[""O"", ""O"", ""O"", ""O"", ""O"", ""O"", ""O"", ""O"", ""O""]",[],synthetic_negative
train-00959,The travel company updated the research report in the final report.,"[""The"", ""travel"", ""company"", ""updated"", ""the"", ""research"", ""report"", ""in"", ""the"", ""final"", ""report"", "".""]","[""O"", ""O"", ""O"", ""O"", ""O"", ""O"", ""O"", ""O"", ""O"", ""O"", ""O"", ""O""]",[],synthetic_negative
train-00960,The rescue unit archived the training notebook during the meeting.,"[""The"", ""rescue"", ""unit"", ""archived"", ""the"", ""training"", ""notebook"", ""during"", ""the"", ""meeting"", "".""]","[""O"", ""O"", ""O"", ""O"", ""O"", ""O"", ""O"", ""O"", ""O"", ""O"", ""O""]",[],synthetic_negative
train-00961,The tourist group checked the validation result during the meeting.,"[""The"", ""tourist"", ""group"", ""checked"", ""the"", ""validation"", ""result"", ""during"", ""the"", ""meeting"", "".""]","[""O"", ""O"", ""O"", ""O"", ""O"", ""O"", ""O"", ""O"", ""O"", ""O"", ""O""]",[],synthetic_negative
train-00962,"Yesterday, Mount Kazbek was barely visible through the mist.","[""Yesterday"", "","", ""Mount"", ""Kazbek"", ""was"", ""barely"", ""visible"", ""through"", ""the"", ""mist"", "".""]","[""O"", ""O"", ""B-MOUNTAIN"", ""I-MOUNTAIN"", ""O"", ""O"", ""O"", ""O"", ""O"", ""O"", ""O""]","[{""start"": 11, ""end"": 23, ""label"": ""MOUNTAIN"", ""text"": ""Mount Kazbek""}]",synthetic_positive_single
train-00963,The local council printed the product range in the laboratory.,"[""The"", ""local"", ""council"", ""printed"", ""the"", ""product"", ""range"", ""in"", ""the"", ""laboratory"", "".""]","[""O"", ""O"", ""O"", ""O"", ""O"", ""O"", ""O"", ""O"", ""O"", ""O"", ""O""]",[],synthetic_negative
train-00964,A small village lies below Aconcagua.,"[""A"", ""small"", ""village"", ""lies"", ""below"", ""Aconcagua"", "".""]","[""O"", ""O"", ""O"", ""O"", ""O"", ""B-MOUNTAIN"", ""O""]","[{""start"": 27, ""end"": 36, ""label"": ""MOUNTAIN"", ""text"": ""Aconcagua""}]",synthetic_positive_single
train-00965,The expedition leader rejected the product range in the final report.,"[""The"", ""expedition"", ""leader"", ""rejected"", ""the"", ""product"", ""range"", ""in"", ""the"", ""final"", ""report"", "".""]","[""O"", ""O"", ""O"", ""O"", ""O"", ""O"", ""O"", ""O"", ""O"", ""O"", ""O"", ""O""]",[],synthetic_negative
train-00966,The rescue unit translated the sensor reading before lunch.,"[""The"", ""rescue"", ""unit"", ""translated"", ""the"", ""sensor"", ""reading"", ""before"", ""lunch"", "".""]","[""O"", ""O"", ""O"", ""O"", ""O"", ""O"", ""O"", ""O"", ""O"", ""O""]",[],synthetic_negative
train-00967,The photograph shows Brebeneskul at sunrise.,"[""The"", ""photograph"", ""shows"", ""Brebeneskul"", ""at"", ""sunrise"", "".""]","[""O"", ""O"", ""O"", ""B-MOUNTAIN"", ""O"", ""O"", ""O""]","[{""start"": 21, ""end"": 32, ""label"": ""MOUNTAIN"", ""text"": ""Brebeneskul""}]",synthetic_positive_single
train-00968,The travel company published the training notebook at the office.,"[""The"", ""travel"", ""company"", ""published"", ""the"", ""training"", ""notebook"", ""at"", ""the"", ""office"", "".""]","[""O"", ""O"", ""O"", ""O"", ""O"", ""O"", ""O"", ""O"", ""O"", ""O"", ""O""]",[],synthetic_negative
train-00969,The guide warned us not to underestimate Mount Tongariro.,"[""The"", ""guide"", ""warned"", ""us"", ""not"", ""to"", ""underestimate"", ""Mount"", ""Tongariro"", "".""]","[""O"", ""O"", ""O"", ""O"", ""O"", ""O"", ""O"", ""B-MOUNTAIN"", ""I-MOUNTAIN"", ""O""]","[{""start"": 41, ""end"": 56, ""label"": ""MOUNTAIN"", ""text"": ""Mount Tongariro""}]",synthetic_positive_single
train-00970,She hopes to climb Mount Whitney next year.,"[""She"", ""hopes"", ""to"", ""climb"", ""Mount"", ""Whitney"", ""next"", ""year"", "".""]","[""O"", ""O"", ""O"", ""O"", ""B-MOUNTAIN"", ""I-MOUNTAIN"", ""O"", ""O"", ""O""]","[{""start"": 19, ""end"": 32, ""label"": ""MOUNTAIN"", ""text"": ""Mount Whitney""}]",synthetic_positive_single
train-00971,She hopes to climb Mount Augusta next year.,"[""She"", ""hopes"", ""to"", ""climb"", ""Mount"", ""Augusta"", ""next"", ""year"", "".""]","[""O"", ""O"", ""O"", ""O"", ""B-MOUNTAIN"", ""I-MOUNTAIN"", ""O"", ""O"", ""O""]","[{""start"": 19, ""end"": 32, ""label"": ""MOUNTAIN"", ""text"": ""Mount Augusta""}]",synthetic_positive_single
train-00972,"After weeks of preparation, the group departed for Mount Sanford.","[""After"", ""weeks"", ""of"", ""preparation"", "","", ""the"", ""group"", ""departed"", ""for"", ""Mount"", ""Sanford"", "".""]","[""O"", ""O"", ""O"", ""O"", ""O"", ""O"", ""O"", ""O"", ""O"", ""B-MOUNTAIN"", ""I-MOUNTAIN"", ""O""]","[{""start"": 51, ""end"": 64, ""label"": ""MOUNTAIN"", ""text"": ""Mount Sanford""}]",synthetic_positive_single
train-00973,The northern face of Dhaulagiri looked almost vertical.,"[""The"", ""northern"", ""face"", ""of"", ""Dhaulagiri"", ""looked"", ""almost"", ""vertical"", "".""]","[""O"", ""O"", ""O"", ""O"", ""B-MOUNTAIN"", ""O"", ""O"", ""O"", ""O""]","[{""start"": 21, ""end"": 31, ""label"": ""MOUNTAIN"", ""text"": ""Dhaulagiri""}]",synthetic_positive_single
train-00974,The travel company printed the budget during the meeting.,"[""The"", ""travel"", ""company"", ""printed"", ""the"", ""budget"", ""during"", ""the"", ""meeting"", "".""]","[""O"", ""O"", ""O"", ""O"", ""O"", ""O"", ""O"", ""O"", ""O"", ""O""]",[],synthetic_negative
train-00975,"Unlike Matterhorn, Cho Oyu was hidden by clouds.","[""Unlike"", ""Matterhorn"", "","", ""Cho"", ""Oyu"", ""was"", ""hidden"", ""by"", ""clouds"", "".""]","[""O"", ""B-MOUNTAIN"", ""O"", ""B-MOUNTAIN"", ""I-MOUNTAIN"", ""O"", ""O"", ""O"", ""O"", ""O""]","[{""start"": 7, ""end"": 17, ""label"": ""MOUNTAIN"", ""text"": ""Matterhorn""}, {""start"": 19, ""end"": 26, ""label"": ""MOUNTAIN"", ""text"": ""Cho Oyu""}]",synthetic_positive_multi
train-00976,Photos of Kongur Tagh were displayed in the museum.,"[""Photos"", ""of"", ""Kongur"", ""Tagh"", ""were"", ""displayed"", ""in"", ""the"", ""museum"", "".""]","[""O"", ""O"", ""B-MOUNTAIN"", ""I-MOUNTAIN"", ""O"", ""O"", ""O"", ""O"", ""O"", ""O""]","[{""start"": 10, ""end"": 21, ""label"": ""MOUNTAIN"", ""text"": ""Kongur Tagh""}]",synthetic_positive_single
train-00977,Expeditions to Mount Kosciuszko and K2 were delayed by bad weather.,"[""Expeditions"", ""to"", ""Mount"", ""Kosciuszko"", ""and"", ""K2"", ""were"", ""delayed"", ""by"", ""bad"", ""weather"", "".""]","[""O"", ""O"", ""B-MOUNTAIN"", ""I-MOUNTAIN"", ""O"", ""B-MOUNTAIN"", ""O"", ""O"", ""O"", ""O"", ""O"", ""O""]","[{""start"": 15, ""end"": 31, ""label"": ""MOUNTAIN"", ""text"": ""Mount Kosciuszko""}, {""start"": 36, ""end"": 38, ""label"": ""MOUNTAIN"", ""text"": ""K2""}]",synthetic_positive_multi
train-00978,"Despite the forecast, the climbers continued toward Ras Dashen.","[""Despite"", ""the"", ""forecast"", "","", ""the"", ""climbers"", ""continued"", ""toward"", ""Ras"", ""Dashen"", "".""]","[""O"", ""O"", ""O"", ""O"", ""O"", ""O"", ""O"", ""O"", ""B-MOUNTAIN"", ""I-MOUNTAIN"", ""O""]","[{""start"": 52, ""end"": 62, ""label"": ""MOUNTAIN"", ""text"": ""Ras Dashen""}]",synthetic_positive_single
train-00979,Weather stations near Mont Blanc and Eiger recorded strong winds.,"[""Weather"", ""stations"", ""near"", ""Mont"", ""Blanc"", ""and"", ""Eiger"", ""recorded"", ""strong"", ""winds"", "".""]","[""O"", ""O"", ""O"", ""B-MOUNTAIN"", ""I-MOUNTAIN"", ""O"", ""B-MOUNTAIN"", ""O"", ""O"", ""O"", ""O""]","[{""start"": 22, ""end"": 32, ""label"": ""MOUNTAIN"", ""text"": ""Mont Blanc""}, {""start"": 37, ""end"": 42, ""label"": ""MOUNTAIN"", ""text"": ""Eiger""}]",synthetic_positive_multi
train-00980,The tourist group published the research report before lunch.,"[""The"", ""tourist"", ""group"", ""published"", ""the"", ""research"", ""report"", ""before"", ""lunch"", "".""]","[""O"", ""O"", ""O"", ""O"", ""O"", ""O"", ""O"", ""O"", ""O"", ""O""]",[],synthetic_negative
train-00981,Wind speeds increased rapidly around Mount Hubbard.,"[""Wind"", ""speeds"", ""increased"", ""rapidly"", ""around"", ""Mount"", ""Hubbard"", "".""]","[""O"", ""O"", ""O"", ""O"", ""O"", ""B-MOUNTAIN"", ""I-MOUNTAIN"", ""O""]","[{""start"": 37, ""end"": 50, ""label"": ""MOUNTAIN"", ""text"": ""Mount Hubbard""}]",synthetic_positive_single
train-00982,The photograph shows Mount Meru at sunrise.,"[""The"", ""photograph"", ""shows"", ""Mount"", ""Meru"", ""at"", ""sunrise"", "".""]","[""O"", ""O"", ""O"", ""B-MOUNTAIN"", ""I-MOUNTAIN"", ""O"", ""O"", ""O""]","[{""start"": 21, ""end"": 31, ""label"": ""MOUNTAIN"", ""text"": ""Mount Meru""}]",synthetic_positive_single
train-00983,The weather changed quickly as they approached Aconcagua.,"[""The"", ""weather"", ""changed"", ""quickly"", ""as"", ""they"", ""approached"", ""Aconcagua"", "".""]","[""O"", ""O"", ""O"", ""O"", ""O"", ""O"", ""O"", ""B-MOUNTAIN"", ""O""]","[{""start"": 47, ""end"": 56, ""label"": ""MOUNTAIN"", ""text"": ""Aconcagua""}]",synthetic_positive_single
train-00984,Grand Teton and Vinson Massif were both visible from the aircraft.,"[""Grand"", ""Teton"", ""and"", ""Vinson"", ""Massif"", ""were"", ""both"", ""visible"", ""from"", ""the"", ""aircraft"", "".""]","[""B-MOUNTAIN"", ""I-MOUNTAIN"", ""O"", ""B-MOUNTAIN"", ""I-MOUNTAIN"", ""O"", ""O"", ""O"", ""O"", ""O"", ""O"", ""O""]","[{""start"": 0, ""end"": 11, ""label"": ""MOUNTAIN"", ""text"": ""Grand Teton""}, {""start"": 16, ""end"": 29, ""label"": ""MOUNTAIN"", ""text"": ""Vinson Massif""}]",synthetic_positive_multi
train-00985,The expedition leader checked the summit plan after the presentation.,"[""The"", ""expedition"", ""leader"", ""checked"", ""the"", ""summit"", ""plan"", ""after"", ""the"", ""presentation"", "".""]","[""O"", ""O"", ""O"", ""O"", ""O"", ""O"", ""O"", ""O"", ""O"", ""O"", ""O""]",[],synthetic_negative
train-00986,The travel company published the conference program before the deadline.,"[""The"", ""travel"", ""company"", ""published"", ""the"", ""conference"", ""program"", ""before"", ""the"", ""deadline"", "".""]","[""O"", ""O"", ""O"", ""O"", ""O"", ""O"", ""O"", ""O"", ""O"", ""O"", ""O""]",[],synthetic_negative
train-00987,"She has photographed Mount Logan, Mount Rainier, and several nearby peaks.","[""She"", ""has"", ""photographed"", ""Mount"", ""Logan"", "","", ""Mount"", ""Rainier"", "","", ""and"", ""several"", ""nearby"", ""peaks"", "".""]","[""O"", ""O"", ""O"", ""B-MOUNTAIN"", ""I-MOUNTAIN"", ""O"", ""B-MOUNTAIN"", ""I-MOUNTAIN"", ""O"", ""O"", ""O"", ""O"", ""O"", ""O""]","[{""start"": 21, ""end"": 32, ""label"": ""MOUNTAIN"", ""text"": ""Mount Logan""}, {""start"": 34, ""end"": 47, ""label"": ""MOUNTAIN"", ""text"": ""Mount Rainier""}]",synthetic_positive_multi
train-00988,"She has photographed Mount Sidley, Mount Hood, and several nearby peaks.","[""She"", ""has"", ""photographed"", ""Mount"", ""Sidley"", "","", ""Mount"", ""Hood"", "","", ""and"", ""several"", ""nearby"", ""peaks"", "".""]","[""O"", ""O"", ""O"", ""B-MOUNTAIN"", ""I-MOUNTAIN"", ""O"", ""B-MOUNTAIN"", ""I-MOUNTAIN"", ""O"", ""O"", ""O"", ""O"", ""O"", ""O""]","[{""start"": 21, ""end"": 33, ""label"": ""MOUNTAIN"", ""text"": ""Mount Sidley""}, {""start"": 35, ""end"": 45, ""label"": ""MOUNTAIN"", ""text"": ""Mount Hood""}]",synthetic_positive_multi
train-00989,A small village lies below Mount Sidley.,"[""A"", ""small"", ""village"", ""lies"", ""below"", ""Mount"", ""Sidley"", "".""]","[""O"", ""O"", ""O"", ""O"", ""O"", ""B-MOUNTAIN"", ""I-MOUNTAIN"", ""O""]","[{""start"": 27, ""end"": 39, ""label"": ""MOUNTAIN"", ""text"": ""Mount Sidley""}]",synthetic_positive_single
train-00990,A new trail provides access to Jebel Toubkal.,"[""A"", ""new"", ""trail"", ""provides"", ""access"", ""to"", ""Jebel"", ""Toubkal"", "".""]","[""O"", ""O"", ""O"", ""O"", ""O"", ""O"", ""B-MOUNTAIN"", ""I-MOUNTAIN"", ""O""]","[{""start"": 31, ""end"": 44, ""label"": ""MOUNTAIN"", ""text"": ""Jebel Toubkal""}]",synthetic_positive_single
train-00991,The research team printed the product range after the presentation.,"[""The"", ""research"", ""team"", ""printed"", ""the"", ""product"", ""range"", ""after"", ""the"", ""presentation"", "".""]","[""O"", ""O"", ""O"", ""O"", ""O"", ""O"", ""O"", ""O"", ""O"", ""O"", ""O""]",[],synthetic_negative
train-00992,The map labels both Jungfrau and Ben Nevis.,"[""The"", ""map"", ""labels"", ""both"", ""Jungfrau"", ""and"", ""Ben"", ""Nevis"", "".""]","[""O"", ""O"", ""O"", ""O"", ""B-MOUNTAIN"", ""O"", ""B-MOUNTAIN"", ""I-MOUNTAIN"", ""O""]","[{""start"": 20, ""end"": 28, ""label"": ""MOUNTAIN"", ""text"": ""Jungfrau""}, {""start"": 33, ""end"": 42, ""label"": ""MOUNTAIN"", ""text"": ""Ben Nevis""}]",synthetic_positive_multi
train-00993,Images of Makalu were placed beside photographs of Mount Agung.,"[""Images"", ""of"", ""Makalu"", ""were"", ""placed"", ""beside"", ""photographs"", ""of"", ""Mount"", ""Agung"", "".""]","[""O"", ""O"", ""B-MOUNTAIN"", ""O"", ""O"", ""O"", ""O"", ""O"", ""B-MOUNTAIN"", ""I-MOUNTAIN"", ""O""]","[{""start"": 10, ""end"": 16, ""label"": ""MOUNTAIN"", ""text"": ""Makalu""}, {""start"": 51, ""end"": 62, ""label"": ""MOUNTAIN"", ""text"": ""Mount Agung""}]",synthetic_positive_multi
train-00994,The research team published the camera at the office.,"[""The"", ""research"", ""team"", ""published"", ""the"", ""camera"", ""at"", ""the"", ""office"", "".""]","[""O"", ""O"", ""O"", ""O"", ""O"", ""O"", ""O"", ""O"", ""O"", ""O""]",[],synthetic_negative
train-00995,The local council shared the training notebook at the airport.,"[""The"", ""local"", ""council"", ""shared"", ""the"", ""training"", ""notebook"", ""at"", ""the"", ""airport"", "".""]","[""O"", ""O"", ""O"", ""O"", ""O"", ""O"", ""O"", ""O"", ""O"", ""O"", ""O""]",[],synthetic_negative
train-00996,A helicopter circled above Mount Cameroon during the rescue.,"[""A"", ""helicopter"", ""circled"", ""above"", ""Mount"", ""Cameroon"", ""during"", ""the"", ""rescue"", "".""]","[""O"", ""O"", ""O"", ""O"", ""B-MOUNTAIN"", ""I-MOUNTAIN"", ""O"", ""O"", ""O"", ""O""]","[{""start"": 27, ""end"": 41, ""label"": ""MOUNTAIN"", ""text"": ""Mount Cameroon""}]",synthetic_positive_single
train-00997,The documentary follows expeditions to Ol Doinyo Lengai and later to Mount Mitchell.,"[""The"", ""documentary"", ""follows"", ""expeditions"", ""to"", ""Ol"", ""Doinyo"", ""Lengai"", ""and"", ""later"", ""to"", ""Mount"", ""Mitchell"", "".""]","[""O"", ""O"", ""O"", ""O"", ""O"", ""B-MOUNTAIN"", ""I-MOUNTAIN"", ""I-MOUNTAIN"", ""O"", ""O"", ""O"", ""B-MOUNTAIN"", ""I-MOUNTAIN"", ""O""]","[{""start"": 39, ""end"": 55, ""label"": ""MOUNTAIN"", ""text"": ""Ol Doinyo Lengai""}, {""start"": 69, ""end"": 83, ""label"": ""MOUNTAIN"", ""text"": ""Mount Mitchell""}]",synthetic_positive_multi
train-00998,Photos of Mount Tasman were displayed in the museum.,"[""Photos"", ""of"", ""Mount"", ""Tasman"", ""were"", ""displayed"", ""in"", ""the"", ""museum"", "".""]","[""O"", ""O"", ""B-MOUNTAIN"", ""I-MOUNTAIN"", ""O"", ""O"", ""O"", ""O"", ""O"", ""O""]","[{""start"": 10, ""end"": 22, ""label"": ""MOUNTAIN"", ""text"": ""Mount Tasman""}]",synthetic_positive_single
train-00999,The local council checked the sensor reading at the airport.,"[""The"", ""local"", ""council"", ""checked"", ""the"", ""sensor"", ""reading"", ""at"", ""the"", ""airport"", "".""]","[""O"", ""O"", ""O"", ""O"", ""O"", ""O"", ""O"", ""O"", ""O"", ""O"", ""O""]",[],synthetic_negative
train-01000,The climbing club compared the expedition permit before the deadline.,"[""The"", ""climbing"", ""club"", ""compared"", ""the"", ""expedition"", ""permit"", ""before"", ""the"", ""deadline"", "".""]","[""O"", ""O"", ""O"", ""O"", ""O"", ""O"", ""O"", ""O"", ""O"", ""O"", ""O""]",[],synthetic_negative
train-01001,The research team printed the research report after the presentation.,"[""The"", ""research"", ""team"", ""printed"", ""the"", ""research"", ""report"", ""after"", ""the"", ""presentation"", "".""]","[""O"", ""O"", ""O"", ""O"", ""O"", ""O"", ""O"", ""O"", ""O"", ""O"", ""O""]",[],synthetic_negative
train-01002,"Yesterday, Mount Cameroon was barely visible through the mist.","[""Yesterday"", "","", ""Mount"", ""Cameroon"", ""was"", ""barely"", ""visible"", ""through"", ""the"", ""mist"", "".""]","[""O"", ""O"", ""B-MOUNTAIN"", ""I-MOUNTAIN"", ""O"", ""O"", ""O"", ""O"", ""O"", ""O"", ""O""]","[{""start"": 11, ""end"": 25, ""label"": ""MOUNTAIN"", ""text"": ""Mount Cameroon""}]",synthetic_positive_single
train-01003,Whitney joined the project as a designer.,"[""Whitney"", ""joined"", ""the"", ""project"", ""as"", ""a"", ""designer"", "".""]","[""O"", ""O"", ""O"", ""O"", ""O"", ""O"", ""O"", ""O""]",[],synthetic_hard_negative
train-01004,The expedition leader checked the hotel booking during the meeting.,"[""The"", ""expedition"", ""leader"", ""checked"", ""the"", ""hotel"", ""booking"", ""during"", ""the"", ""meeting"", "".""]","[""O"", ""O"", ""O"", ""O"", ""O"", ""O"", ""O"", ""O"", ""O"", ""O"", ""O""]",[],synthetic_negative
train-01005,The map labels both Puncak Jaya and K2.,"[""The"", ""map"", ""labels"", ""both"", ""Puncak"", ""Jaya"", ""and"", ""K2"", "".""]","[""O"", ""O"", ""O"", ""O"", ""B-MOUNTAIN"", ""I-MOUNTAIN"", ""O"", ""B-MOUNTAIN"", ""O""]","[{""start"": 20, ""end"": 31, ""label"": ""MOUNTAIN"", ""text"": ""Puncak Jaya""}, {""start"": 36, ""end"": 38, ""label"": ""MOUNTAIN"", ""text"": ""K2""}]",synthetic_positive_multi
train-01006,An avalanche warning was issued for the area around Mount Agung.,"[""An"", ""avalanche"", ""warning"", ""was"", ""issued"", ""for"", ""the"", ""area"", ""around"", ""Mount"", ""Agung"", "".""]","[""O"", ""O"", ""O"", ""O"", ""O"", ""O"", ""O"", ""O"", ""O"", ""B-MOUNTAIN"", ""I-MOUNTAIN"", ""O""]","[{""start"": 52, ""end"": 63, ""label"": ""MOUNTAIN"", ""text"": ""Mount Agung""}]",synthetic_positive_single
train-01007,"For safety reasons, access to Mount Tongariro was temporarily restricted.","[""For"", ""safety"", ""reasons"", "","", ""access"", ""to"", ""Mount"", ""Tongariro"", ""was"", ""temporarily"", ""restricted"", "".""]","[""O"", ""O"", ""O"", ""O"", ""O"", ""O"", ""B-MOUNTAIN"", ""I-MOUNTAIN"", ""O"", ""O"", ""O"", ""O""]","[{""start"": 30, ""end"": 45, ""label"": ""MOUNTAIN"", ""text"": ""Mount Tongariro""}]",synthetic_positive_single
train-01008,The team discussed whether to attempt Ben Nevis or Mount Cameroon.,"[""The"", ""team"", ""discussed"", ""whether"", ""to"", ""attempt"", ""Ben"", ""Nevis"", ""or"", ""Mount"", ""Cameroon"", "".""]","[""O"", ""O"", ""O"", ""O"", ""O"", ""O"", ""B-MOUNTAIN"", ""I-MOUNTAIN"", ""O"", ""B-MOUNTAIN"", ""I-MOUNTAIN"", ""O""]","[{""start"": 38, ""end"": 47, ""label"": ""MOUNTAIN"", ""text"": ""Ben Nevis""}, {""start"": 51, ""end"": 65, ""label"": ""MOUNTAIN"", ""text"": ""Mount Cameroon""}]",synthetic_positive_multi
train-01009,Snow remained on the upper slopes of Mount Elbrus.,"[""Snow"", ""remained"", ""on"", ""the"", ""upper"", ""slopes"", ""of"", ""Mount"", ""Elbrus"", "".""]","[""O"", ""O"", ""O"", ""O"", ""O"", ""O"", ""O"", ""B-MOUNTAIN"", ""I-MOUNTAIN"", ""O""]","[{""start"": 37, ""end"": 49, ""label"": ""MOUNTAIN"", ""text"": ""Mount Elbrus""}]",synthetic_positive_single
train-01010,He plans to study glaciers on Jebel Toubkal and Mount Erebus.,"[""He"", ""plans"", ""to"", ""study"", ""glaciers"", ""on"", ""Jebel"", ""Toubkal"", ""and"", ""Mount"", ""Erebus"", "".""]","[""O"", ""O"", ""O"", ""O"", ""O"", ""O"", ""B-MOUNTAIN"", ""I-MOUNTAIN"", ""O"", ""B-MOUNTAIN"", ""I-MOUNTAIN"", ""O""]","[{""start"": 30, ""end"": 43, ""label"": ""MOUNTAIN"", ""text"": ""Jebel Toubkal""}, {""start"": 48, ""end"": 60, ""label"": ""MOUNTAIN"", ""text"": ""Mount Erebus""}]",synthetic_positive_multi
train-01011,Wind speeds increased rapidly around Mount Baker.,"[""Wind"", ""speeds"", ""increased"", ""rapidly"", ""around"", ""Mount"", ""Baker"", "".""]","[""O"", ""O"", ""O"", ""O"", ""O"", ""B-MOUNTAIN"", ""I-MOUNTAIN"", ""O""]","[{""start"": 37, ""end"": 48, ""label"": ""MOUNTAIN"", ""text"": ""Mount Baker""}]",synthetic_positive_single
train-01012,The local council rejected the sales peak at the office.,"[""The"", ""local"", ""council"", ""rejected"", ""the"", ""sales"", ""peak"", ""at"", ""the"", ""office"", "".""]","[""O"", ""O"", ""O"", ""O"", ""O"", ""O"", ""O"", ""O"", ""O"", ""O"", ""O""]",[],synthetic_negative
train-01013,Heavy clouds covered Ben Nevis throughout the morning.,"[""Heavy"", ""clouds"", ""covered"", ""Ben"", ""Nevis"", ""throughout"", ""the"", ""morning"", "".""]","[""O"", ""O"", ""O"", ""B-MOUNTAIN"", ""I-MOUNTAIN"", ""O"", ""O"", ""O"", ""O""]","[{""start"": 21, ""end"": 30, ""label"": ""MOUNTAIN"", ""text"": ""Ben Nevis""}]",synthetic_positive_single
train-01014,The base camp below Mount Jefferson was moved to safer ground.,"[""The"", ""base"", ""camp"", ""below"", ""Mount"", ""Jefferson"", ""was"", ""moved"", ""to"", ""safer"", ""ground"", "".""]","[""O"", ""O"", ""O"", ""O"", ""B-MOUNTAIN"", ""I-MOUNTAIN"", ""O"", ""O"", ""O"", ""O"", ""O"", ""O""]","[{""start"": 20, ""end"": 35, ""label"": ""MOUNTAIN"", ""text"": ""Mount Jefferson""}]",synthetic_positive_single
train-01015,The northern face of Lhotse looked almost vertical.,"[""The"", ""northern"", ""face"", ""of"", ""Lhotse"", ""looked"", ""almost"", ""vertical"", "".""]","[""O"", ""O"", ""O"", ""O"", ""B-MOUNTAIN"", ""O"", ""O"", ""O"", ""O""]","[{""start"": 21, ""end"": 27, ""label"": ""MOUNTAIN"", ""text"": ""Lhotse""}]",synthetic_positive_single
train-01016,The rescue unit updated the expedition permit after the presentation.,"[""The"", ""rescue"", ""unit"", ""updated"", ""the"", ""expedition"", ""permit"", ""after"", ""the"", ""presentation"", "".""]","[""O"", ""O"", ""O"", ""O"", ""O"", ""O"", ""O"", ""O"", ""O"", ""O"", ""O""]",[],synthetic_negative
train-01017,The route to Denali was closed after the storm.,"[""The"", ""route"", ""to"", ""Denali"", ""was"", ""closed"", ""after"", ""the"", ""storm"", "".""]","[""O"", ""O"", ""O"", ""B-MOUNTAIN"", ""O"", ""O"", ""O"", ""O"", ""O"", ""O""]","[{""start"": 13, ""end"": 19, ""label"": ""MOUNTAIN"", ""text"": ""Denali""}]",synthetic_positive_single
train-01018,An avalanche warning was issued for the area around Mount Alverstone.,"[""An"", ""avalanche"", ""warning"", ""was"", ""issued"", ""for"", ""the"", ""area"", ""around"", ""Mount"", ""Alverstone"", "".""]","[""O"", ""O"", ""O"", ""O"", ""O"", ""O"", ""O"", ""O"", ""O"", ""B-MOUNTAIN"", ""I-MOUNTAIN"", ""O""]","[{""start"": 52, ""end"": 68, ""label"": ""MOUNTAIN"", ""text"": ""Mount Alverstone""}]",synthetic_positive_single
train-01019,The university department reviewed the valley during the conference.,"[""The"", ""university"", ""department"", ""reviewed"", ""the"", ""valley"", ""during"", ""the"", ""conference"", "".""]","[""O"", ""O"", ""O"", ""O"", ""O"", ""O"", ""O"", ""O"", ""O"", ""O""]",[],synthetic_negative
train-01020,A helicopter circled above Ben Nevis during the rescue.,"[""A"", ""helicopter"", ""circled"", ""above"", ""Ben"", ""Nevis"", ""during"", ""the"", ""rescue"", "".""]","[""O"", ""O"", ""O"", ""O"", ""B-MOUNTAIN"", ""I-MOUNTAIN"", ""O"", ""O"", ""O"", ""O""]","[{""start"": 27, ""end"": 36, ""label"": ""MOUNTAIN"", ""text"": ""Ben Nevis""}]",synthetic_positive_single
train-01021,The expedition leader reviewed the glacier report before lunch.,"[""The"", ""expedition"", ""leader"", ""reviewed"", ""the"", ""glacier"", ""report"", ""before"", ""lunch"", "".""]","[""O"", ""O"", ""O"", ""O"", ""O"", ""O"", ""O"", ""O"", ""O"", ""O""]",[],synthetic_negative
train-01022,The university department compared the validation result on Monday.,"[""The"", ""university"", ""department"", ""compared"", ""the"", ""validation"", ""result"", ""on"", ""Monday"", "".""]","[""O"", ""O"", ""O"", ""O"", ""O"", ""O"", ""O"", ""O"", ""O"", ""O""]",[],synthetic_negative
train-01023,A helicopter circled above Mount Blackburn during the rescue.,"[""A"", ""helicopter"", ""circled"", ""above"", ""Mount"", ""Blackburn"", ""during"", ""the"", ""rescue"", "".""]","[""O"", ""O"", ""O"", ""O"", ""B-MOUNTAIN"", ""I-MOUNTAIN"", ""O"", ""O"", ""O"", ""O""]","[{""start"": 27, ""end"": 42, ""label"": ""MOUNTAIN"", ""text"": ""Mount Blackburn""}]",synthetic_positive_single
train-01024,Mount Fairweather attracts climbers from around the world.,"[""Mount"", ""Fairweather"", ""attracts"", ""climbers"", ""from"", ""around"", ""the"", ""world"", "".""]","[""B-MOUNTAIN"", ""I-MOUNTAIN"", ""O"", ""O"", ""O"", ""O"", ""O"", ""O"", ""O""]","[{""start"": 0, ""end"": 17, ""label"": ""MOUNTAIN"", ""text"": ""Mount Fairweather""}]",synthetic_positive_single
train-01025,The travel company shared the route at the office.,"[""The"", ""travel"", ""company"", ""shared"", ""the"", ""route"", ""at"", ""the"", ""office"", "".""]","[""O"", ""O"", ""O"", ""O"", ""O"", ""O"", ""O"", ""O"", ""O"", ""O""]",[],synthetic_negative
train-01026,Researchers installed weather sensors on Machapuchare.,"[""Researchers"", ""installed"", ""weather"", ""sensors"", ""on"", ""Machapuchare"", "".""]","[""O"", ""O"", ""O"", ""O"", ""O"", ""B-MOUNTAIN"", ""O""]","[{""start"": 41, ""end"": 53, ""label"": ""MOUNTAIN"", ""text"": ""Machapuchare""}]",synthetic_positive_single
train-01027,The documentary follows expeditions to Mount Silverthrone and later to Cerro Torre.,"[""The"", ""documentary"", ""follows"", ""expeditions"", ""to"", ""Mount"", ""Silverthrone"", ""and"", ""later"", ""to"", ""Cerro"", ""Torre"", "".""]","[""O"", ""O"", ""O"", ""O"", ""O"", ""B-MOUNTAIN"", ""I-MOUNTAIN"", ""O"", ""O"", ""O"", ""B-MOUNTAIN"", ""I-MOUNTAIN"", ""O""]","[{""start"": 39, ""end"": 57, ""label"": ""MOUNTAIN"", ""text"": ""Mount Silverthrone""}, {""start"": 71, ""end"": 82, ""label"": ""MOUNTAIN"", ""text"": ""Cerro Torre""}]",synthetic_positive_multi
train-01028,The article compares climbing conditions on Mount Lucania with those on Mount Logan.,"[""The"", ""article"", ""compares"", ""climbing"", ""conditions"", ""on"", ""Mount"", ""Lucania"", ""with"", ""those"", ""on"", ""Mount"", ""Logan"", "".""]","[""O"", ""O"", ""O"", ""O"", ""O"", ""O"", ""B-MOUNTAIN"", ""I-MOUNTAIN"", ""O"", ""O"", ""O"", ""B-MOUNTAIN"", ""I-MOUNTAIN"", ""O""]","[{""start"": 44, ""end"": 57, ""label"": ""MOUNTAIN"", ""text"": ""Mount Lucania""}, {""start"": 72, ""end"": 83, ""label"": ""MOUNTAIN"", ""text"": ""Mount Logan""}]",synthetic_positive_multi
train-01029,Photos of Mount Tongariro were displayed in the museum.,"[""Photos"", ""of"", ""Mount"", ""Tongariro"", ""were"", ""displayed"", ""in"", ""the"", ""museum"", "".""]","[""O"", ""O"", ""B-MOUNTAIN"", ""I-MOUNTAIN"", ""O"", ""O"", ""O"", ""O"", ""O"", ""O""]","[{""start"": 10, ""end"": 25, ""label"": ""MOUNTAIN"", ""text"": ""Mount Tongariro""}]",synthetic_positive_single
train-01030,Olympus is associated with optical products.,"[""Olympus"", ""is"", ""associated"", ""with"", ""optical"", ""products"", "".""]","[""O"", ""O"", ""O"", ""O"", ""O"", ""O"", ""O""]",[],synthetic_hard_negative
train-01031,The photograph shows Mount Ruapehu at sunrise.,"[""The"", ""photograph"", ""shows"", ""Mount"", ""Ruapehu"", ""at"", ""sunrise"", "".""]","[""O"", ""O"", ""O"", ""B-MOUNTAIN"", ""I-MOUNTAIN"", ""O"", ""O"", ""O""]","[{""start"": 21, ""end"": 34, ""label"": ""MOUNTAIN"", ""text"": ""Mount Ruapehu""}]",synthetic_positive_single
train-01032,The team discussed whether to attempt Huayna Potosi or Mount Bona.,"[""The"", ""team"", ""discussed"", ""whether"", ""to"", ""attempt"", ""Huayna"", ""Potosi"", ""or"", ""Mount"", ""Bona"", "".""]","[""O"", ""O"", ""O"", ""O"", ""O"", ""O"", ""B-MOUNTAIN"", ""I-MOUNTAIN"", ""O"", ""B-MOUNTAIN"", ""I-MOUNTAIN"", ""O""]","[{""start"": 38, ""end"": 51, ""label"": ""MOUNTAIN"", ""text"": ""Huayna Potosi""}, {""start"": 55, ""end"": 65, ""label"": ""MOUNTAIN"", ""text"": ""Mount Bona""}]",synthetic_positive_multi
train-01033,"For safety reasons, access to Brebeneskul was temporarily restricted.","[""For"", ""safety"", ""reasons"", "","", ""access"", ""to"", ""Brebeneskul"", ""was"", ""temporarily"", ""restricted"", "".""]","[""O"", ""O"", ""O"", ""O"", ""O"", ""O"", ""B-MOUNTAIN"", ""O"", ""O"", ""O"", ""O""]","[{""start"": 30, ""end"": 41, ""label"": ""MOUNTAIN"", ""text"": ""Brebeneskul""}]",synthetic_positive_single
train-01034,The research team printed the aircraft before the deadline.,"[""The"", ""research"", ""team"", ""printed"", ""the"", ""aircraft"", ""before"", ""the"", ""deadline"", "".""]","[""O"", ""O"", ""O"", ""O"", ""O"", ""O"", ""O"", ""O"", ""O"", ""O""]",[],synthetic_negative
train-01035,The research team published the summit plan in the final report.,"[""The"", ""research"", ""team"", ""published"", ""the"", ""summit"", ""plan"", ""in"", ""the"", ""final"", ""report"", "".""]","[""O"", ""O"", ""O"", ""O"", ""O"", ""O"", ""O"", ""O"", ""O"", ""O"", ""O"", ""O""]",[],synthetic_negative
train-01036,"Unlike Fansipan, Mount Bromo was hidden by clouds.","[""Unlike"", ""Fansipan"", "","", ""Mount"", ""Bromo"", ""was"", ""hidden"", ""by"", ""clouds"", "".""]","[""O"", ""B-MOUNTAIN"", ""O"", ""B-MOUNTAIN"", ""I-MOUNTAIN"", ""O"", ""O"", ""O"", ""O"", ""O""]","[{""start"": 7, ""end"": 15, ""label"": ""MOUNTAIN"", ""text"": ""Fansipan""}, {""start"": 17, ""end"": 28, ""label"": ""MOUNTAIN"", ""text"": ""Mount Bromo""}]",synthetic_positive_multi
train-01037,Wind speeds increased rapidly around Snowdon.,"[""Wind"", ""speeds"", ""increased"", ""rapidly"", ""around"", ""Snowdon"", "".""]","[""O"", ""O"", ""O"", ""O"", ""O"", ""B-MOUNTAIN"", ""O""]","[{""start"": 37, ""end"": 44, ""label"": ""MOUNTAIN"", ""text"": ""Snowdon""}]",synthetic_positive_single
train-01038,"Unlike Chimborazo, Huascaran was hidden by clouds.","[""Unlike"", ""Chimborazo"", "","", ""Huascaran"", ""was"", ""hidden"", ""by"", ""clouds"", "".""]","[""O"", ""B-MOUNTAIN"", ""O"", ""B-MOUNTAIN"", ""O"", ""O"", ""O"", ""O"", ""O""]","[{""start"": 7, ""end"": 17, ""label"": ""MOUNTAIN"", ""text"": ""Chimborazo""}, {""start"": 19, ""end"": 28, ""label"": ""MOUNTAIN"", ""text"": ""Huascaran""}]",synthetic_positive_multi
train-01039,A small village lies below Mount Erebus.,"[""A"", ""small"", ""village"", ""lies"", ""below"", ""Mount"", ""Erebus"", "".""]","[""O"", ""O"", ""O"", ""O"", ""O"", ""B-MOUNTAIN"", ""I-MOUNTAIN"", ""O""]","[{""start"": 27, ""end"": 39, ""label"": ""MOUNTAIN"", ""text"": ""Mount Erebus""}]",synthetic_positive_single
train-01040,Researchers installed weather sensors on Fitz Roy.,"[""Researchers"", ""installed"", ""weather"", ""sensors"", ""on"", ""Fitz"", ""Roy"", "".""]","[""O"", ""O"", ""O"", ""O"", ""O"", ""B-MOUNTAIN"", ""I-MOUNTAIN"", ""O""]","[{""start"": 41, ""end"": 49, ""label"": ""MOUNTAIN"", ""text"": ""Fitz Roy""}]",synthetic_positive_single
train-01041,The tourist group archived the validation result after the presentation.,"[""The"", ""tourist"", ""group"", ""archived"", ""the"", ""validation"", ""result"", ""after"", ""the"", ""presentation"", "".""]","[""O"", ""O"", ""O"", ""O"", ""O"", ""O"", ""O"", ""O"", ""O"", ""O"", ""O""]",[],synthetic_negative
train-01042,The lecture included a case study about Grand Teton.,"[""The"", ""lecture"", ""included"", ""a"", ""case"", ""study"", ""about"", ""Grand"", ""Teton"", "".""]","[""O"", ""O"", ""O"", ""O"", ""O"", ""O"", ""O"", ""B-MOUNTAIN"", ""I-MOUNTAIN"", ""O""]","[{""start"": 40, ""end"": 51, ""label"": ""MOUNTAIN"", ""text"": ""Grand Teton""}]",synthetic_positive_single
train-01043,"According to the itinerary, Muztagh Ata is the main destination.","[""According"", ""to"", ""the"", ""itinerary"", "","", ""Muztagh"", ""Ata"", ""is"", ""the"", ""main"", ""destination"", "".""]","[""O"", ""O"", ""O"", ""O"", ""O"", ""B-MOUNTAIN"", ""I-MOUNTAIN"", ""O"", ""O"", ""O"", ""O"", ""O""]","[{""start"": 28, ""end"": 39, ""label"": ""MOUNTAIN"", ""text"": ""Muztagh Ata""}]",synthetic_positive_single
train-01044,The museum curator translated the weather forecast during the meeting.,"[""The"", ""museum"", ""curator"", ""translated"", ""the"", ""weather"", ""forecast"", ""during"", ""the"", ""meeting"", "".""]","[""O"", ""O"", ""O"", ""O"", ""O"", ""O"", ""O"", ""O"", ""O"", ""O"", ""O""]",[],synthetic_negative
train-01045,Have you ever seen Snowdon in winter?,"[""Have"", ""you"", ""ever"", ""seen"", ""Snowdon"", ""in"", ""winter"", ""?""]","[""O"", ""O"", ""O"", ""O"", ""B-MOUNTAIN"", ""O"", ""O"", ""O""]","[{""start"": 19, ""end"": 26, ""label"": ""MOUNTAIN"", ""text"": ""Snowdon""}]",synthetic_positive_single
train-01046,The film crew checked the sensor reading at the airport.,"[""The"", ""film"", ""crew"", ""checked"", ""the"", ""sensor"", ""reading"", ""at"", ""the"", ""airport"", "".""]","[""O"", ""O"", ""O"", ""O"", ""O"", ""O"", ""O"", ""O"", ""O"", ""O"", ""O""]",[],synthetic_negative
train-01047,The team measured snow depth on Lhotse.,"[""The"", ""team"", ""measured"", ""snow"", ""depth"", ""on"", ""Lhotse"", "".""]","[""O"", ""O"", ""O"", ""O"", ""O"", ""O"", ""B-MOUNTAIN"", ""O""]","[{""start"": 32, ""end"": 38, ""label"": ""MOUNTAIN"", ""text"": ""Lhotse""}]",synthetic_positive_single
train-01048,Cerro Torre and Mount Semeru were both visible from the aircraft.,"[""Cerro"", ""Torre"", ""and"", ""Mount"", ""Semeru"", ""were"", ""both"", ""visible"", ""from"", ""the"", ""aircraft"", "".""]","[""B-MOUNTAIN"", ""I-MOUNTAIN"", ""O"", ""B-MOUNTAIN"", ""I-MOUNTAIN"", ""O"", ""O"", ""O"", ""O"", ""O"", ""O"", ""O""]","[{""start"": 0, ""end"": 11, ""label"": ""MOUNTAIN"", ""text"": ""Cerro Torre""}, {""start"": 16, ""end"": 28, ""label"": ""MOUNTAIN"", ""text"": ""Mount Semeru""}]",synthetic_positive_multi
train-01049,Expeditions to Mount Kilimanjaro and Mount Semeru were delayed by bad weather.,"[""Expeditions"", ""to"", ""Mount"", ""Kilimanjaro"", ""and"", ""Mount"", ""Semeru"", ""were"", ""delayed"", ""by"", ""bad"", ""weather"", "".""]","[""O"", ""O"", ""B-MOUNTAIN"", ""I-MOUNTAIN"", ""O"", ""B-MOUNTAIN"", ""I-MOUNTAIN"", ""O"", ""O"", ""O"", ""O"", ""O"", ""O""]","[{""start"": 15, ""end"": 32, ""label"": ""MOUNTAIN"", ""text"": ""Mount Kilimanjaro""}, {""start"": 37, ""end"": 49, ""label"": ""MOUNTAIN"", ""text"": ""Mount Semeru""}]",synthetic_positive_multi
train-01050,The mapping agency published the ridge map before the deadline.,"[""The"", ""mapping"", ""agency"", ""published"", ""the"", ""ridge"", ""map"", ""before"", ""the"", ""deadline"", "".""]","[""O"", ""O"", ""O"", ""O"", ""O"", ""O"", ""O"", ""O"", ""O"", ""O"", ""O""]",[],synthetic_negative
train-01051,The weather service rejected the validation result in the laboratory.,"[""The"", ""weather"", ""service"", ""rejected"", ""the"", ""validation"", ""result"", ""in"", ""the"", ""laboratory"", "".""]","[""O"", ""O"", ""O"", ""O"", ""O"", ""O"", ""O"", ""O"", ""O"", ""O"", ""O""]",[],synthetic_negative
train-01052,She hopes to climb K2 next year.,"[""She"", ""hopes"", ""to"", ""climb"", ""K2"", ""next"", ""year"", "".""]","[""O"", ""O"", ""O"", ""O"", ""B-MOUNTAIN"", ""O"", ""O"", ""O""]","[{""start"": 19, ""end"": 21, ""label"": ""MOUNTAIN"", ""text"": ""K2""}]",synthetic_positive_single
train-01053,A new trail provides access to Mount Aso.,"[""A"", ""new"", ""trail"", ""provides"", ""access"", ""to"", ""Mount"", ""Aso"", "".""]","[""O"", ""O"", ""O"", ""O"", ""O"", ""O"", ""B-MOUNTAIN"", ""I-MOUNTAIN"", ""O""]","[{""start"": 31, ""end"": 40, ""label"": ""MOUNTAIN"", ""text"": ""Mount Aso""}]",synthetic_positive_single
train-01054,"After weeks of preparation, the group departed for Mount Erebus.","[""After"", ""weeks"", ""of"", ""preparation"", "","", ""the"", ""group"", ""departed"", ""for"", ""Mount"", ""Erebus"", "".""]","[""O"", ""O"", ""O"", ""O"", ""O"", ""O"", ""O"", ""O"", ""O"", ""B-MOUNTAIN"", ""I-MOUNTAIN"", ""O""]","[{""start"": 51, ""end"": 63, ""label"": ""MOUNTAIN"", ""text"": ""Mount Erebus""}]",synthetic_positive_single
train-01055,The local council rejected the forest trail on Monday.,"[""The"", ""local"", ""council"", ""rejected"", ""the"", ""forest"", ""trail"", ""on"", ""Monday"", "".""]","[""O"", ""O"", ""O"", ""O"", ""O"", ""O"", ""O"", ""O"", ""O"", ""O""]",[],synthetic_negative
train-01056,The glacier on Mount Ngauruhoe has retreated in recent decades.,"[""The"", ""glacier"", ""on"", ""Mount"", ""Ngauruhoe"", ""has"", ""retreated"", ""in"", ""recent"", ""decades"", "".""]","[""O"", ""O"", ""O"", ""B-MOUNTAIN"", ""I-MOUNTAIN"", ""O"", ""O"", ""O"", ""O"", ""O"", ""O""]","[{""start"": 15, ""end"": 30, ""label"": ""MOUNTAIN"", ""text"": ""Mount Ngauruhoe""}]",synthetic_positive_single
train-01057,The climbers postponed their attempt on Mount Tongariro.,"[""The"", ""climbers"", ""postponed"", ""their"", ""attempt"", ""on"", ""Mount"", ""Tongariro"", "".""]","[""O"", ""O"", ""O"", ""O"", ""O"", ""O"", ""B-MOUNTAIN"", ""I-MOUNTAIN"", ""O""]","[{""start"": 40, ""end"": 55, ""label"": ""MOUNTAIN"", ""text"": ""Mount Tongariro""}]",synthetic_positive_single
train-01058,A helicopter circled above Mount Bromo during the rescue.,"[""A"", ""helicopter"", ""circled"", ""above"", ""Mount"", ""Bromo"", ""during"", ""the"", ""rescue"", "".""]","[""O"", ""O"", ""O"", ""O"", ""B-MOUNTAIN"", ""I-MOUNTAIN"", ""O"", ""O"", ""O"", ""O""]","[{""start"": 27, ""end"": 38, ""label"": ""MOUNTAIN"", ""text"": ""Mount Bromo""}]",synthetic_positive_single
train-01059,The local council printed the conference program at the office.,"[""The"", ""local"", ""council"", ""printed"", ""the"", ""conference"", ""program"", ""at"", ""the"", ""office"", "".""]","[""O"", ""O"", ""O"", ""O"", ""O"", ""O"", ""O"", ""O"", ""O"", ""O"", ""O""]",[],synthetic_negative
train-01060,We could clearly see Mauna Kea from the valley.,"[""We"", ""could"", ""clearly"", ""see"", ""Mauna"", ""Kea"", ""from"", ""the"", ""valley"", "".""]","[""O"", ""O"", ""O"", ""O"", ""B-MOUNTAIN"", ""I-MOUNTAIN"", ""O"", ""O"", ""O"", ""O""]","[{""start"": 21, ""end"": 30, ""label"": ""MOUNTAIN"", ""text"": ""Mauna Kea""}]",synthetic_positive_single
train-01061,Local guides described conditions on Mount Lendenfeld as difficult.,"[""Local"", ""guides"", ""described"", ""conditions"", ""on"", ""Mount"", ""Lendenfeld"", ""as"", ""difficult"", "".""]","[""O"", ""O"", ""O"", ""O"", ""O"", ""B-MOUNTAIN"", ""I-MOUNTAIN"", ""O"", ""O"", ""O""]","[{""start"": 37, ""end"": 53, ""label"": ""MOUNTAIN"", ""text"": ""Mount Lendenfeld""}]",synthetic_positive_single
train-01062,The museum curator discussed the forest trail in the laboratory.,"[""The"", ""museum"", ""curator"", ""discussed"", ""the"", ""forest"", ""trail"", ""in"", ""the"", ""laboratory"", "".""]","[""O"", ""O"", ""O"", ""O"", ""O"", ""O"", ""O"", ""O"", ""O"", ""O"", ""O""]",[],synthetic_negative
train-01063,A documentary crew filmed near Mount Bear.,"[""A"", ""documentary"", ""crew"", ""filmed"", ""near"", ""Mount"", ""Bear"", "".""]","[""O"", ""O"", ""O"", ""O"", ""O"", ""B-MOUNTAIN"", ""I-MOUNTAIN"", ""O""]","[{""start"": 31, ""end"": 41, ""label"": ""MOUNTAIN"", ""text"": ""Mount Bear""}]",synthetic_positive_single
train-01064,The base camp below Dhaulagiri was moved to safer ground.,"[""The"", ""base"", ""camp"", ""below"", ""Dhaulagiri"", ""was"", ""moved"", ""to"", ""safer"", ""ground"", "".""]","[""O"", ""O"", ""O"", ""O"", ""B-MOUNTAIN"", ""O"", ""O"", ""O"", ""O"", ""O"", ""O""]","[{""start"": 20, ""end"": 30, ""label"": ""MOUNTAIN"", ""text"": ""Dhaulagiri""}]",synthetic_positive_single
train-01065,The documentary follows expeditions to Aoraki Mount Cook and later to Dhaulagiri.,"[""The"", ""documentary"", ""follows"", ""expeditions"", ""to"", ""Aoraki"", ""Mount"", ""Cook"", ""and"", ""later"", ""to"", ""Dhaulagiri"", "".""]","[""O"", ""O"", ""O"", ""O"", ""O"", ""B-MOUNTAIN"", ""I-MOUNTAIN"", ""I-MOUNTAIN"", ""O"", ""O"", ""O"", ""B-MOUNTAIN"", ""O""]","[{""start"": 39, ""end"": 56, ""label"": ""MOUNTAIN"", ""text"": ""Aoraki Mount Cook""}, {""start"": 70, ""end"": 80, ""label"": ""MOUNTAIN"", ""text"": ""Dhaulagiri""}]",synthetic_positive_multi
train-01066,The film crew published the sales peak in the final report.,"[""The"", ""film"", ""crew"", ""published"", ""the"", ""sales"", ""peak"", ""in"", ""the"", ""final"", ""report"", "".""]","[""O"", ""O"", ""O"", ""O"", ""O"", ""O"", ""O"", ""O"", ""O"", ""O"", ""O"", ""O""]",[],synthetic_negative
train-01067,"By late afternoon, shadows had covered the slopes of Mount Haidinger.","[""By"", ""late"", ""afternoon"", "","", ""shadows"", ""had"", ""covered"", ""the"", ""slopes"", ""of"", ""Mount"", ""Haidinger"", "".""]","[""O"", ""O"", ""O"", ""O"", ""O"", ""O"", ""O"", ""O"", ""O"", ""O"", ""B-MOUNTAIN"", ""I-MOUNTAIN"", ""O""]","[{""start"": 53, ""end"": 68, ""label"": ""MOUNTAIN"", ""text"": ""Mount Haidinger""}]",synthetic_positive_single
train-01068,"In the final chapter, the author describes an ascent of Mount Tate.","[""In"", ""the"", ""final"", ""chapter"", "","", ""the"", ""author"", ""describes"", ""an"", ""ascent"", ""of"", ""Mount"", ""Tate"", "".""]","[""O"", ""O"", ""O"", ""O"", ""O"", ""O"", ""O"", ""O"", ""O"", ""O"", ""O"", ""B-MOUNTAIN"", ""I-MOUNTAIN"", ""O""]","[{""start"": 56, ""end"": 66, ""label"": ""MOUNTAIN"", ""text"": ""Mount Tate""}]",synthetic_positive_single
train-01069,The local council published the cliff photograph before the deadline.,"[""The"", ""local"", ""council"", ""published"", ""the"", ""cliff"", ""photograph"", ""before"", ""the"", ""deadline"", "".""]","[""O"", ""O"", ""O"", ""O"", ""O"", ""O"", ""O"", ""O"", ""O"", ""O"", ""O""]",[],synthetic_negative
train-01070,"By late afternoon, shadows had covered the slopes of Fansipan.","[""By"", ""late"", ""afternoon"", "","", ""shadows"", ""had"", ""covered"", ""the"", ""slopes"", ""of"", ""Fansipan"", "".""]","[""O"", ""O"", ""O"", ""O"", ""O"", ""O"", ""O"", ""O"", ""O"", ""O"", ""B-MOUNTAIN"", ""O""]","[{""start"": 53, ""end"": 61, ""label"": ""MOUNTAIN"", ""text"": ""Fansipan""}]",synthetic_positive_single
train-01071,Several routes lead toward the summit of Mount Whitney.,"[""Several"", ""routes"", ""lead"", ""toward"", ""the"", ""summit"", ""of"", ""Mount"", ""Whitney"", "".""]","[""O"", ""O"", ""O"", ""O"", ""O"", ""O"", ""O"", ""B-MOUNTAIN"", ""I-MOUNTAIN"", ""O""]","[{""start"": 41, ""end"": 54, ""label"": ""MOUNTAIN"", ""text"": ""Mount Whitney""}]",synthetic_positive_single
train-01072,Our route passes near Puncak Jaya before turning toward Mount Kilimanjaro.,"[""Our"", ""route"", ""passes"", ""near"", ""Puncak"", ""Jaya"", ""before"", ""turning"", ""toward"", ""Mount"", ""Kilimanjaro"", "".""]","[""O"", ""O"", ""O"", ""O"", ""B-MOUNTAIN"", ""I-MOUNTAIN"", ""O"", ""O"", ""O"", ""B-MOUNTAIN"", ""I-MOUNTAIN"", ""O""]","[{""start"": 22, ""end"": 33, ""label"": ""MOUNTAIN"", ""text"": ""Puncak Jaya""}, {""start"": 56, ""end"": 73, ""label"": ""MOUNTAIN"", ""text"": ""Mount Kilimanjaro""}]",synthetic_positive_multi
train-01073,We could clearly see Mount Rinjani from the valley.,"[""We"", ""could"", ""clearly"", ""see"", ""Mount"", ""Rinjani"", ""from"", ""the"", ""valley"", "".""]","[""O"", ""O"", ""O"", ""O"", ""B-MOUNTAIN"", ""I-MOUNTAIN"", ""O"", ""O"", ""O"", ""O""]","[{""start"": 21, ""end"": 34, ""label"": ""MOUNTAIN"", ""text"": ""Mount Rinjani""}]",synthetic_positive_single
train-01074,The film crew compared the expedition permit during the meeting.,"[""The"", ""film"", ""crew"", ""compared"", ""the"", ""expedition"", ""permit"", ""during"", ""the"", ""meeting"", "".""]","[""O"", ""O"", ""O"", ""O"", ""O"", ""O"", ""O"", ""O"", ""O"", ""O"", ""O""]",[],synthetic_negative
train-01075,Weather stations near Mount Tate and Mount Fuji recorded strong winds.,"[""Weather"", ""stations"", ""near"", ""Mount"", ""Tate"", ""and"", ""Mount"", ""Fuji"", ""recorded"", ""strong"", ""winds"", "".""]","[""O"", ""O"", ""O"", ""B-MOUNTAIN"", ""I-MOUNTAIN"", ""O"", ""B-MOUNTAIN"", ""I-MOUNTAIN"", ""O"", ""O"", ""O"", ""O""]","[{""start"": 22, ""end"": 32, ""label"": ""MOUNTAIN"", ""text"": ""Mount Tate""}, {""start"": 37, ""end"": 47, ""label"": ""MOUNTAIN"", ""text"": ""Mount Fuji""}]",synthetic_positive_multi
train-01076,"After weeks of preparation, the group departed for Mount Columbia.","[""After"", ""weeks"", ""of"", ""preparation"", "","", ""the"", ""group"", ""departed"", ""for"", ""Mount"", ""Columbia"", "".""]","[""O"", ""O"", ""O"", ""O"", ""O"", ""O"", ""O"", ""O"", ""O"", ""B-MOUNTAIN"", ""I-MOUNTAIN"", ""O""]","[{""start"": 51, ""end"": 65, ""label"": ""MOUNTAIN"", ""text"": ""Mount Columbia""}]",synthetic_positive_single
train-01077,The documentary follows expeditions to Mount Saint Elias and later to Fitz Roy.,"[""The"", ""documentary"", ""follows"", ""expeditions"", ""to"", ""Mount"", ""Saint"", ""Elias"", ""and"", ""later"", ""to"", ""Fitz"", ""Roy"", "".""]","[""O"", ""O"", ""O"", ""O"", ""O"", ""B-MOUNTAIN"", ""I-MOUNTAIN"", ""I-MOUNTAIN"", ""O"", ""O"", ""O"", ""B-MOUNTAIN"", ""I-MOUNTAIN"", ""O""]","[{""start"": 39, ""end"": 56, ""label"": ""MOUNTAIN"", ""text"": ""Mount Saint Elias""}, {""start"": 70, ""end"": 78, ""label"": ""MOUNTAIN"", ""text"": ""Fitz Roy""}]",synthetic_positive_multi
train-01078,The climbers postponed their attempt on Muztagh Ata.,"[""The"", ""climbers"", ""postponed"", ""their"", ""attempt"", ""on"", ""Muztagh"", ""Ata"", "".""]","[""O"", ""O"", ""O"", ""O"", ""O"", ""O"", ""B-MOUNTAIN"", ""I-MOUNTAIN"", ""O""]","[{""start"": 40, ""end"": 51, ""label"": ""MOUNTAIN"", ""text"": ""Muztagh Ata""}]",synthetic_positive_single
train-01079,She hopes to climb Mount Baker next year.,"[""She"", ""hopes"", ""to"", ""climb"", ""Mount"", ""Baker"", ""next"", ""year"", "".""]","[""O"", ""O"", ""O"", ""O"", ""B-MOUNTAIN"", ""I-MOUNTAIN"", ""O"", ""O"", ""O""]","[{""start"": 19, ""end"": 30, ""label"": ""MOUNTAIN"", ""text"": ""Mount Baker""}]",synthetic_positive_single
train-01080,She hopes to climb Machapuchare next year.,"[""She"", ""hopes"", ""to"", ""climb"", ""Machapuchare"", ""next"", ""year"", "".""]","[""O"", ""O"", ""O"", ""O"", ""B-MOUNTAIN"", ""O"", ""O"", ""O""]","[{""start"": 19, ""end"": 31, ""label"": ""MOUNTAIN"", ""text"": ""Machapuchare""}]",synthetic_positive_single
train-01081,The mapping agency updated the validation result in the final report.,"[""The"", ""mapping"", ""agency"", ""updated"", ""the"", ""validation"", ""result"", ""in"", ""the"", ""final"", ""report"", "".""]","[""O"", ""O"", ""O"", ""O"", ""O"", ""O"", ""O"", ""O"", ""O"", ""O"", ""O"", ""O""]",[],synthetic_negative
train-01082,The university department archived the product range during the conference.,"[""The"", ""university"", ""department"", ""archived"", ""the"", ""product"", ""range"", ""during"", ""the"", ""conference"", "".""]","[""O"", ""O"", ""O"", ""O"", ""O"", ""O"", ""O"", ""O"", ""O"", ""O"", ""O""]",[],synthetic_negative
train-01083,"Yesterday, Aconcagua was barely visible through the mist.","[""Yesterday"", "","", ""Aconcagua"", ""was"", ""barely"", ""visible"", ""through"", ""the"", ""mist"", "".""]","[""O"", ""O"", ""B-MOUNTAIN"", ""O"", ""O"", ""O"", ""O"", ""O"", ""O"", ""O""]","[{""start"": 11, ""end"": 20, ""label"": ""MOUNTAIN"", ""text"": ""Aconcagua""}]",synthetic_positive_single
train-01084,The guide warned us not to underestimate Gasherbrum I.,"[""The"", ""guide"", ""warned"", ""us"", ""not"", ""to"", ""underestimate"", ""Gasherbrum"", ""I"", "".""]","[""O"", ""O"", ""O"", ""O"", ""O"", ""O"", ""O"", ""B-MOUNTAIN"", ""I-MOUNTAIN"", ""O""]","[{""start"": 41, ""end"": 53, ""label"": ""MOUNTAIN"", ""text"": ""Gasherbrum I""}]",synthetic_positive_single
train-01085,The team discussed whether to attempt Broad Peak or Mount Rainier.,"[""The"", ""team"", ""discussed"", ""whether"", ""to"", ""attempt"", ""Broad"", ""Peak"", ""or"", ""Mount"", ""Rainier"", "".""]","[""O"", ""O"", ""O"", ""O"", ""O"", ""O"", ""B-MOUNTAIN"", ""I-MOUNTAIN"", ""O"", ""B-MOUNTAIN"", ""I-MOUNTAIN"", ""O""]","[{""start"": 38, ""end"": 48, ""label"": ""MOUNTAIN"", ""text"": ""Broad Peak""}, {""start"": 52, ""end"": 65, ""label"": ""MOUNTAIN"", ""text"": ""Mount Rainier""}]",synthetic_positive_multi
train-01086,The expedition leader shared the training notebook in the final report.,"[""The"", ""expedition"", ""leader"", ""shared"", ""the"", ""training"", ""notebook"", ""in"", ""the"", ""final"", ""report"", "".""]","[""O"", ""O"", ""O"", ""O"", ""O"", ""O"", ""O"", ""O"", ""O"", ""O"", ""O"", ""O""]",[],synthetic_negative
train-01087,The mapping agency reviewed the camera during the meeting.,"[""The"", ""mapping"", ""agency"", ""reviewed"", ""the"", ""camera"", ""during"", ""the"", ""meeting"", "".""]","[""O"", ""O"", ""O"", ""O"", ""O"", ""O"", ""O"", ""O"", ""O"", ""O""]",[],synthetic_negative
train-01088,The university department published the training notebook in the final report.,"[""The"", ""university"", ""department"", ""published"", ""the"", ""training"", ""notebook"", ""in"", ""the"", ""final"", ""report"", "".""]","[""O"", ""O"", ""O"", ""O"", ""O"", ""O"", ""O"", ""O"", ""O"", ""O"", ""O"", ""O""]",[],synthetic_negative
train-01089,The travel company compared the algorithm in the laboratory.,"[""The"", ""travel"", ""company"", ""compared"", ""the"", ""algorithm"", ""in"", ""the"", ""laboratory"", "".""]","[""O"", ""O"", ""O"", ""O"", ""O"", ""O"", ""O"", ""O"", ""O"", ""O""]",[],synthetic_negative
train-01090,Have you ever seen Machapuchare in winter?,"[""Have"", ""you"", ""ever"", ""seen"", ""Machapuchare"", ""in"", ""winter"", ""?""]","[""O"", ""O"", ""O"", ""O"", ""B-MOUNTAIN"", ""O"", ""O"", ""O""]","[{""start"": 19, ""end"": 31, ""label"": ""MOUNTAIN"", ""text"": ""Machapuchare""}]",synthetic_positive_single
train-01091,The rescue unit archived the algorithm during the conference.,"[""The"", ""rescue"", ""unit"", ""archived"", ""the"", ""algorithm"", ""during"", ""the"", ""conference"", "".""]","[""O"", ""O"", ""O"", ""O"", ""O"", ""O"", ""O"", ""O"", ""O"", ""O""]",[],synthetic_negative
train-01092,Images of Mount Sefton were placed beside photographs of Shishapangma.,"[""Images"", ""of"", ""Mount"", ""Sefton"", ""were"", ""placed"", ""beside"", ""photographs"", ""of"", ""Shishapangma"", "".""]","[""O"", ""O"", ""B-MOUNTAIN"", ""I-MOUNTAIN"", ""O"", ""O"", ""O"", ""O"", ""O"", ""B-MOUNTAIN"", ""O""]","[{""start"": 10, ""end"": 22, ""label"": ""MOUNTAIN"", ""text"": ""Mount Sefton""}, {""start"": 57, ""end"": 69, ""label"": ""MOUNTAIN"", ""text"": ""Shishapangma""}]",synthetic_positive_multi
train-01093,The research team published the sensor reading in the final report.,"[""The"", ""research"", ""team"", ""published"", ""the"", ""sensor"", ""reading"", ""in"", ""the"", ""final"", ""report"", "".""]","[""O"", ""O"", ""O"", ""O"", ""O"", ""O"", ""O"", ""O"", ""O"", ""O"", ""O"", ""O""]",[],synthetic_negative
train-01094,The team measured snow depth on Mount Tate.,"[""The"", ""team"", ""measured"", ""snow"", ""depth"", ""on"", ""Mount"", ""Tate"", "".""]","[""O"", ""O"", ""O"", ""O"", ""O"", ""O"", ""B-MOUNTAIN"", ""I-MOUNTAIN"", ""O""]","[{""start"": 32, ""end"": 42, ""label"": ""MOUNTAIN"", ""text"": ""Mount Tate""}]",synthetic_positive_single
train-01095,The rescue team returned safely from Lhotse.,"[""The"", ""rescue"", ""team"", ""returned"", ""safely"", ""from"", ""Lhotse"", "".""]","[""O"", ""O"", ""O"", ""O"", ""O"", ""O"", ""B-MOUNTAIN"", ""O""]","[{""start"": 37, ""end"": 43, ""label"": ""MOUNTAIN"", ""text"": ""Lhotse""}]",synthetic_positive_single
train-01096,The university department updated the route before the deadline.,"[""The"", ""university"", ""department"", ""updated"", ""the"", ""route"", ""before"", ""the"", ""deadline"", "".""]","[""O"", ""O"", ""O"", ""O"", ""O"", ""O"", ""O"", ""O"", ""O"", ""O""]",[],synthetic_negative
train-01097,A helicopter circled above Mount Sidley during the rescue.,"[""A"", ""helicopter"", ""circled"", ""above"", ""Mount"", ""Sidley"", ""during"", ""the"", ""rescue"", "".""]","[""O"", ""O"", ""O"", ""O"", ""B-MOUNTAIN"", ""I-MOUNTAIN"", ""O"", ""O"", ""O"", ""O""]","[{""start"": 27, ""end"": 39, ""label"": ""MOUNTAIN"", ""text"": ""Mount Sidley""}]",synthetic_positive_single
train-01098,The expedition leader reviewed the route after the presentation.,"[""The"", ""expedition"", ""leader"", ""reviewed"", ""the"", ""route"", ""after"", ""the"", ""presentation"", "".""]","[""O"", ""O"", ""O"", ""O"", ""O"", ""O"", ""O"", ""O"", ""O"", ""O""]",[],synthetic_negative
train-01099,The local council translated the forest trail during the conference.,"[""The"", ""local"", ""council"", ""translated"", ""the"", ""forest"", ""trail"", ""during"", ""the"", ""conference"", "".""]","[""O"", ""O"", ""O"", ""O"", ""O"", ""O"", ""O"", ""O"", ""O"", ""O"", ""O""]",[],synthetic_negative
train-01100,A helicopter circled above Chimborazo during the rescue.,"[""A"", ""helicopter"", ""circled"", ""above"", ""Chimborazo"", ""during"", ""the"", ""rescue"", "".""]","[""O"", ""O"", ""O"", ""O"", ""B-MOUNTAIN"", ""O"", ""O"", ""O"", ""O""]","[{""start"": 27, ""end"": 37, ""label"": ""MOUNTAIN"", ""text"": ""Chimborazo""}]",synthetic_positive_single
train-01101,The base camp below Mount Silverthrone was moved to safer ground.,"[""The"", ""base"", ""camp"", ""below"", ""Mount"", ""Silverthrone"", ""was"", ""moved"", ""to"", ""safer"", ""ground"", "".""]","[""O"", ""O"", ""O"", ""O"", ""B-MOUNTAIN"", ""I-MOUNTAIN"", ""O"", ""O"", ""O"", ""O"", ""O"", ""O""]","[{""start"": 20, ""end"": 38, ""label"": ""MOUNTAIN"", ""text"": ""Mount Silverthrone""}]",synthetic_positive_single
train-01102,The university department rejected the cliff photograph before the deadline.,"[""The"", ""university"", ""department"", ""rejected"", ""the"", ""cliff"", ""photograph"", ""before"", ""the"", ""deadline"", "".""]","[""O"", ""O"", ""O"", ""O"", ""O"", ""O"", ""O"", ""O"", ""O"", ""O"", ""O""]",[],synthetic_negative
train-01103,The northern face of Brebeneskul looked almost vertical.,"[""The"", ""northern"", ""face"", ""of"", ""Brebeneskul"", ""looked"", ""almost"", ""vertical"", "".""]","[""O"", ""O"", ""O"", ""O"", ""B-MOUNTAIN"", ""O"", ""O"", ""O"", ""O""]","[{""start"": 21, ""end"": 32, ""label"": ""MOUNTAIN"", ""text"": ""Brebeneskul""}]",synthetic_positive_single
train-01104,Our map marks Mount Cameroon with a red triangle.,"[""Our"", ""map"", ""marks"", ""Mount"", ""Cameroon"", ""with"", ""a"", ""red"", ""triangle"", "".""]","[""O"", ""O"", ""O"", ""B-MOUNTAIN"", ""I-MOUNTAIN"", ""O"", ""O"", ""O"", ""O"", ""O""]","[{""start"": 14, ""end"": 28, ""label"": ""MOUNTAIN"", ""text"": ""Mount Cameroon""}]",synthetic_positive_single
train-01105,The guide warned us not to underestimate Mount Meru.,"[""The"", ""guide"", ""warned"", ""us"", ""not"", ""to"", ""underestimate"", ""Mount"", ""Meru"", "".""]","[""O"", ""O"", ""O"", ""O"", ""O"", ""O"", ""O"", ""B-MOUNTAIN"", ""I-MOUNTAIN"", ""O""]","[{""start"": 41, ""end"": 51, ""label"": ""MOUNTAIN"", ""text"": ""Mount Meru""}]",synthetic_positive_single
train-01106,We could clearly see Mount Hicks from the valley.,"[""We"", ""could"", ""clearly"", ""see"", ""Mount"", ""Hicks"", ""from"", ""the"", ""valley"", "".""]","[""O"", ""O"", ""O"", ""O"", ""B-MOUNTAIN"", ""I-MOUNTAIN"", ""O"", ""O"", ""O"", ""O""]","[{""start"": 21, ""end"": 32, ""label"": ""MOUNTAIN"", ""text"": ""Mount Hicks""}]",synthetic_positive_single
train-01107,The lecture included a case study about Machapuchare.,"[""The"", ""lecture"", ""included"", ""a"", ""case"", ""study"", ""about"", ""Machapuchare"", "".""]","[""O"", ""O"", ""O"", ""O"", ""O"", ""O"", ""O"", ""B-MOUNTAIN"", ""O""]","[{""start"": 40, ""end"": 52, ""label"": ""MOUNTAIN"", ""text"": ""Machapuchare""}]",synthetic_positive_single
train-01108,Expeditions to Mount Cook and Mount Etna were delayed by bad weather.,"[""Expeditions"", ""to"", ""Mount"", ""Cook"", ""and"", ""Mount"", ""Etna"", ""were"", ""delayed"", ""by"", ""bad"", ""weather"", "".""]","[""O"", ""O"", ""B-MOUNTAIN"", ""I-MOUNTAIN"", ""O"", ""B-MOUNTAIN"", ""I-MOUNTAIN"", ""O"", ""O"", ""O"", ""O"", ""O"", ""O""]","[{""start"": 15, ""end"": 25, ""label"": ""MOUNTAIN"", ""text"": ""Mount Cook""}, {""start"": 30, ""end"": 40, ""label"": ""MOUNTAIN"", ""text"": ""Mount Etna""}]",synthetic_positive_multi
train-01109,A documentary crew filmed near Fitz Roy.,"[""A"", ""documentary"", ""crew"", ""filmed"", ""near"", ""Fitz"", ""Roy"", "".""]","[""O"", ""O"", ""O"", ""O"", ""O"", ""B-MOUNTAIN"", ""I-MOUNTAIN"", ""O""]","[{""start"": 31, ""end"": 39, ""label"": ""MOUNTAIN"", ""text"": ""Fitz Roy""}]",synthetic_positive_single
train-01110,Expeditions to Lhotse and Mount Alverstone were delayed by bad weather.,"[""Expeditions"", ""to"", ""Lhotse"", ""and"", ""Mount"", ""Alverstone"", ""were"", ""delayed"", ""by"", ""bad"", ""weather"", "".""]","[""O"", ""O"", ""B-MOUNTAIN"", ""O"", ""B-MOUNTAIN"", ""I-MOUNTAIN"", ""O"", ""O"", ""O"", ""O"", ""O"", ""O""]","[{""start"": 15, ""end"": 21, ""label"": ""MOUNTAIN"", ""text"": ""Lhotse""}, {""start"": 26, ""end"": 42, ""label"": ""MOUNTAIN"", ""text"": ""Mount Alverstone""}]",synthetic_positive_multi
train-01111,The rescue team returned safely from Petros.,"[""The"", ""rescue"", ""team"", ""returned"", ""safely"", ""from"", ""Petros"", "".""]","[""O"", ""O"", ""O"", ""O"", ""O"", ""O"", ""B-MOUNTAIN"", ""O""]","[{""start"": 37, ""end"": 43, ""label"": ""MOUNTAIN"", ""text"": ""Petros""}]",synthetic_positive_single
train-01112,The lecture included a case study about Mount Columbia.,"[""The"", ""lecture"", ""included"", ""a"", ""case"", ""study"", ""about"", ""Mount"", ""Columbia"", "".""]","[""O"", ""O"", ""O"", ""O"", ""O"", ""O"", ""O"", ""B-MOUNTAIN"", ""I-MOUNTAIN"", ""O""]","[{""start"": 40, ""end"": 54, ""label"": ""MOUNTAIN"", ""text"": ""Mount Columbia""}]",synthetic_positive_single
train-01113,"Yesterday, Mount Elie de Beaumont was barely visible through the mist.","[""Yesterday"", "","", ""Mount"", ""Elie"", ""de"", ""Beaumont"", ""was"", ""barely"", ""visible"", ""through"", ""the"", ""mist"", "".""]","[""O"", ""O"", ""B-MOUNTAIN"", ""I-MOUNTAIN"", ""I-MOUNTAIN"", ""I-MOUNTAIN"", ""O"", ""O"", ""O"", ""O"", ""O"", ""O"", ""O""]","[{""start"": 11, ""end"": 33, ""label"": ""MOUNTAIN"", ""text"": ""Mount Elie de Beaumont""}]",synthetic_positive_single
train-01114,"Unlike Mount Vancouver, Machapuchare was hidden by clouds.","[""Unlike"", ""Mount"", ""Vancouver"", "","", ""Machapuchare"", ""was"", ""hidden"", ""by"", ""clouds"", "".""]","[""O"", ""B-MOUNTAIN"", ""I-MOUNTAIN"", ""O"", ""B-MOUNTAIN"", ""O"", ""O"", ""O"", ""O"", ""O""]","[{""start"": 7, ""end"": 22, ""label"": ""MOUNTAIN"", ""text"": ""Mount Vancouver""}, {""start"": 24, ""end"": 36, ""label"": ""MOUNTAIN"", ""text"": ""Machapuchare""}]",synthetic_positive_multi
train-01115,The mapping agency printed the satellite image on Monday.,"[""The"", ""mapping"", ""agency"", ""printed"", ""the"", ""satellite"", ""image"", ""on"", ""Monday"", "".""]","[""O"", ""O"", ""O"", ""O"", ""O"", ""O"", ""O"", ""O"", ""O"", ""O""]",[],synthetic_negative
train-01116,"For safety reasons, access to Machapuchare was temporarily restricted.","[""For"", ""safety"", ""reasons"", "","", ""access"", ""to"", ""Machapuchare"", ""was"", ""temporarily"", ""restricted"", "".""]","[""O"", ""O"", ""O"", ""O"", ""O"", ""O"", ""B-MOUNTAIN"", ""O"", ""O"", ""O"", ""O""]","[{""start"": 30, ""end"": 42, ""label"": ""MOUNTAIN"", ""text"": ""Machapuchare""}]",synthetic_positive_single
train-01117,Several routes lead toward the summit of Mount Tongariro.,"[""Several"", ""routes"", ""lead"", ""toward"", ""the"", ""summit"", ""of"", ""Mount"", ""Tongariro"", "".""]","[""O"", ""O"", ""O"", ""O"", ""O"", ""O"", ""O"", ""B-MOUNTAIN"", ""I-MOUNTAIN"", ""O""]","[{""start"": 41, ""end"": 56, ""label"": ""MOUNTAIN"", ""text"": ""Mount Tongariro""}]",synthetic_positive_single
train-01118,The glacier on Mount Hubbard has retreated in recent decades.,"[""The"", ""glacier"", ""on"", ""Mount"", ""Hubbard"", ""has"", ""retreated"", ""in"", ""recent"", ""decades"", "".""]","[""O"", ""O"", ""O"", ""B-MOUNTAIN"", ""I-MOUNTAIN"", ""O"", ""O"", ""O"", ""O"", ""O"", ""O""]","[{""start"": 15, ""end"": 28, ""label"": ""MOUNTAIN"", ""text"": ""Mount Hubbard""}]",synthetic_positive_single
train-01119,The base camp below Mount Ngauruhoe was moved to safer ground.,"[""The"", ""base"", ""camp"", ""below"", ""Mount"", ""Ngauruhoe"", ""was"", ""moved"", ""to"", ""safer"", ""ground"", "".""]","[""O"", ""O"", ""O"", ""O"", ""B-MOUNTAIN"", ""I-MOUNTAIN"", ""O"", ""O"", ""O"", ""O"", ""O"", ""O""]","[{""start"": 20, ""end"": 35, ""label"": ""MOUNTAIN"", ""text"": ""Mount Ngauruhoe""}]",synthetic_positive_single
train-01120,The base camp below Mount Ararat was moved to safer ground.,"[""The"", ""base"", ""camp"", ""below"", ""Mount"", ""Ararat"", ""was"", ""moved"", ""to"", ""safer"", ""ground"", "".""]","[""O"", ""O"", ""O"", ""O"", ""B-MOUNTAIN"", ""I-MOUNTAIN"", ""O"", ""O"", ""O"", ""O"", ""O"", ""O""]","[{""start"": 20, ""end"": 32, ""label"": ""MOUNTAIN"", ""text"": ""Mount Ararat""}]",synthetic_positive_single
train-01121,The base camp below Aoraki Mount Cook was moved to safer ground.,"[""The"", ""base"", ""camp"", ""below"", ""Aoraki"", ""Mount"", ""Cook"", ""was"", ""moved"", ""to"", ""safer"", ""ground"", "".""]","[""O"", ""O"", ""O"", ""O"", ""B-MOUNTAIN"", ""I-MOUNTAIN"", ""I-MOUNTAIN"", ""O"", ""O"", ""O"", ""O"", ""O"", ""O""]","[{""start"": 20, ""end"": 37, ""label"": ""MOUNTAIN"", ""text"": ""Aoraki Mount Cook""}]",synthetic_positive_single
train-01122,Images of Mount Assiniboine were placed beside photographs of Mount Lucania.,"[""Images"", ""of"", ""Mount"", ""Assiniboine"", ""were"", ""placed"", ""beside"", ""photographs"", ""of"", ""Mount"", ""Lucania"", "".""]","[""O"", ""O"", ""B-MOUNTAIN"", ""I-MOUNTAIN"", ""O"", ""O"", ""O"", ""O"", ""O"", ""B-MOUNTAIN"", ""I-MOUNTAIN"", ""O""]","[{""start"": 10, ""end"": 27, ""label"": ""MOUNTAIN"", ""text"": ""Mount Assiniboine""}, {""start"": 62, ""end"": 75, ""label"": ""MOUNTAIN"", ""text"": ""Mount Lucania""}]",synthetic_positive_multi
train-01123,A small village lies below Mount Foraker.,"[""A"", ""small"", ""village"", ""lies"", ""below"", ""Mount"", ""Foraker"", "".""]","[""O"", ""O"", ""O"", ""O"", ""O"", ""B-MOUNTAIN"", ""I-MOUNTAIN"", ""O""]","[{""start"": 27, ""end"": 40, ""label"": ""MOUNTAIN"", ""text"": ""Mount Foraker""}]",synthetic_positive_single
train-01124,The research team translated the expedition permit in the laboratory.,"[""The"", ""research"", ""team"", ""translated"", ""the"", ""expedition"", ""permit"", ""in"", ""the"", ""laboratory"", "".""]","[""O"", ""O"", ""O"", ""O"", ""O"", ""O"", ""O"", ""O"", ""O"", ""O"", ""O""]",[],synthetic_negative
train-01125,The lecture included a case study about Scafell Pike.,"[""The"", ""lecture"", ""included"", ""a"", ""case"", ""study"", ""about"", ""Scafell"", ""Pike"", "".""]","[""O"", ""O"", ""O"", ""O"", ""O"", ""O"", ""O"", ""B-MOUNTAIN"", ""I-MOUNTAIN"", ""O""]","[{""start"": 40, ""end"": 52, ""label"": ""MOUNTAIN"", ""text"": ""Scafell Pike""}]",synthetic_positive_single
train-01126,The mapping agency archived the hotel booking in the final report.,"[""The"", ""mapping"", ""agency"", ""archived"", ""the"", ""hotel"", ""booking"", ""in"", ""the"", ""final"", ""report"", "".""]","[""O"", ""O"", ""O"", ""O"", ""O"", ""O"", ""O"", ""O"", ""O"", ""O"", ""O"", ""O""]",[],synthetic_negative
train-01127,The team measured snow depth on Mount Rinjani.,"[""The"", ""team"", ""measured"", ""snow"", ""depth"", ""on"", ""Mount"", ""Rinjani"", "".""]","[""O"", ""O"", ""O"", ""O"", ""O"", ""O"", ""B-MOUNTAIN"", ""I-MOUNTAIN"", ""O""]","[{""start"": 32, ""end"": 45, ""label"": ""MOUNTAIN"", ""text"": ""Mount Rinjani""}]",synthetic_positive_single
train-01128,Mount Steele and Mount Saint Elias were both visible from the aircraft.,"[""Mount"", ""Steele"", ""and"", ""Mount"", ""Saint"", ""Elias"", ""were"", ""both"", ""visible"", ""from"", ""the"", ""aircraft"", "".""]","[""B-MOUNTAIN"", ""I-MOUNTAIN"", ""O"", ""B-MOUNTAIN"", ""I-MOUNTAIN"", ""I-MOUNTAIN"", ""O"", ""O"", ""O"", ""O"", ""O"", ""O"", ""O""]","[{""start"": 0, ""end"": 12, ""label"": ""MOUNTAIN"", ""text"": ""Mount Steele""}, {""start"": 17, ""end"": 34, ""label"": ""MOUNTAIN"", ""text"": ""Mount Saint Elias""}]",synthetic_positive_multi
train-01129,Our map marks Mount Vesuvius with a red triangle.,"[""Our"", ""map"", ""marks"", ""Mount"", ""Vesuvius"", ""with"", ""a"", ""red"", ""triangle"", "".""]","[""O"", ""O"", ""O"", ""B-MOUNTAIN"", ""I-MOUNTAIN"", ""O"", ""O"", ""O"", ""O"", ""O""]","[{""start"": 14, ""end"": 28, ""label"": ""MOUNTAIN"", ""text"": ""Mount Vesuvius""}]",synthetic_positive_single
train-01130,"Unlike Mount Assiniboine, Shishapangma was hidden by clouds.","[""Unlike"", ""Mount"", ""Assiniboine"", "","", ""Shishapangma"", ""was"", ""hidden"", ""by"", ""clouds"", "".""]","[""O"", ""B-MOUNTAIN"", ""I-MOUNTAIN"", ""O"", ""B-MOUNTAIN"", ""O"", ""O"", ""O"", ""O"", ""O""]","[{""start"": 7, ""end"": 24, ""label"": ""MOUNTAIN"", ""text"": ""Mount Assiniboine""}, {""start"": 26, ""end"": 38, ""label"": ""MOUNTAIN"", ""text"": ""Shishapangma""}]",synthetic_positive_multi
train-01131,"Despite the forecast, the climbers continued toward Mount Hunter.","[""Despite"", ""the"", ""forecast"", "","", ""the"", ""climbers"", ""continued"", ""toward"", ""Mount"", ""Hunter"", "".""]","[""O"", ""O"", ""O"", ""O"", ""O"", ""O"", ""O"", ""O"", ""B-MOUNTAIN"", ""I-MOUNTAIN"", ""O""]","[{""start"": 52, ""end"": 64, ""label"": ""MOUNTAIN"", ""text"": ""Mount Hunter""}]",synthetic_positive_single
train-01132,"Despite the forecast, the climbers continued toward Mount Hicks.","[""Despite"", ""the"", ""forecast"", "","", ""the"", ""climbers"", ""continued"", ""toward"", ""Mount"", ""Hicks"", "".""]","[""O"", ""O"", ""O"", ""O"", ""O"", ""O"", ""O"", ""O"", ""B-MOUNTAIN"", ""I-MOUNTAIN"", ""O""]","[{""start"": 52, ""end"": 63, ""label"": ""MOUNTAIN"", ""text"": ""Mount Hicks""}]",synthetic_positive_single
train-01133,The tourist group discussed the ridge map in the final report.,"[""The"", ""tourist"", ""group"", ""discussed"", ""the"", ""ridge"", ""map"", ""in"", ""the"", ""final"", ""report"", "".""]","[""O"", ""O"", ""O"", ""O"", ""O"", ""O"", ""O"", ""O"", ""O"", ""O"", ""O"", ""O""]",[],synthetic_negative
train-01134,Photos of Mount Everest were displayed in the museum.,"[""Photos"", ""of"", ""Mount"", ""Everest"", ""were"", ""displayed"", ""in"", ""the"", ""museum"", "".""]","[""O"", ""O"", ""B-MOUNTAIN"", ""I-MOUNTAIN"", ""O"", ""O"", ""O"", ""O"", ""O"", ""O""]","[{""start"": 10, ""end"": 23, ""label"": ""MOUNTAIN"", ""text"": ""Mount Everest""}]",synthetic_positive_single
train-01135,Kangchenjunga attracts climbers from around the world.,"[""Kangchenjunga"", ""attracts"", ""climbers"", ""from"", ""around"", ""the"", ""world"", "".""]","[""B-MOUNTAIN"", ""O"", ""O"", ""O"", ""O"", ""O"", ""O"", ""O""]","[{""start"": 0, ""end"": 13, ""label"": ""MOUNTAIN"", ""text"": ""Kangchenjunga""}]",synthetic_positive_single
train-01136,They began their ascent of Mount Tongariro at dawn.,"[""They"", ""began"", ""their"", ""ascent"", ""of"", ""Mount"", ""Tongariro"", ""at"", ""dawn"", "".""]","[""O"", ""O"", ""O"", ""O"", ""O"", ""B-MOUNTAIN"", ""I-MOUNTAIN"", ""O"", ""O"", ""O""]","[{""start"": 27, ""end"": 42, ""label"": ""MOUNTAIN"", ""text"": ""Mount Tongariro""}]",synthetic_positive_single
train-01137,Researchers installed weather sensors on Dhaulagiri.,"[""Researchers"", ""installed"", ""weather"", ""sensors"", ""on"", ""Dhaulagiri"", "".""]","[""O"", ""O"", ""O"", ""O"", ""O"", ""B-MOUNTAIN"", ""O""]","[{""start"": 41, ""end"": 51, ""label"": ""MOUNTAIN"", ""text"": ""Dhaulagiri""}]",synthetic_positive_single
train-01138,The expedition reached the summit of Mount Agung before noon.,"[""The"", ""expedition"", ""reached"", ""the"", ""summit"", ""of"", ""Mount"", ""Agung"", ""before"", ""noon"", "".""]","[""O"", ""O"", ""O"", ""O"", ""O"", ""O"", ""B-MOUNTAIN"", ""I-MOUNTAIN"", ""O"", ""O"", ""O""]","[{""start"": 37, ""end"": 48, ""label"": ""MOUNTAIN"", ""text"": ""Mount Agung""}]",synthetic_positive_single
train-01139,A helicopter circled above Mauna Loa during the rescue.,"[""A"", ""helicopter"", ""circled"", ""above"", ""Mauna"", ""Loa"", ""during"", ""the"", ""rescue"", "".""]","[""O"", ""O"", ""O"", ""O"", ""B-MOUNTAIN"", ""I-MOUNTAIN"", ""O"", ""O"", ""O"", ""O""]","[{""start"": 27, ""end"": 36, ""label"": ""MOUNTAIN"", ""text"": ""Mauna Loa""}]",synthetic_positive_single
train-01140,A documentary crew filmed near Mount Taranaki.,"[""A"", ""documentary"", ""crew"", ""filmed"", ""near"", ""Mount"", ""Taranaki"", "".""]","[""O"", ""O"", ""O"", ""O"", ""O"", ""B-MOUNTAIN"", ""I-MOUNTAIN"", ""O""]","[{""start"": 31, ""end"": 45, ""label"": ""MOUNTAIN"", ""text"": ""Mount Taranaki""}]",synthetic_positive_single
train-01141,The expedition reached the summit of Mont Blanc before noon.,"[""The"", ""expedition"", ""reached"", ""the"", ""summit"", ""of"", ""Mont"", ""Blanc"", ""before"", ""noon"", "".""]","[""O"", ""O"", ""O"", ""O"", ""O"", ""O"", ""B-MOUNTAIN"", ""I-MOUNTAIN"", ""O"", ""O"", ""O""]","[{""start"": 37, ""end"": 47, ""label"": ""MOUNTAIN"", ""text"": ""Mont Blanc""}]",synthetic_positive_single
train-01142,"Yesterday, Ojos del Salado was barely visible through the mist.","[""Yesterday"", "","", ""Ojos"", ""del"", ""Salado"", ""was"", ""barely"", ""visible"", ""through"", ""the"", ""mist"", "".""]","[""O"", ""O"", ""B-MOUNTAIN"", ""I-MOUNTAIN"", ""I-MOUNTAIN"", ""O"", ""O"", ""O"", ""O"", ""O"", ""O"", ""O""]","[{""start"": 11, ""end"": 26, ""label"": ""MOUNTAIN"", ""text"": ""Ojos del Salado""}]",synthetic_positive_single
train-01143,The research team printed the sales peak after the presentation.,"[""The"", ""research"", ""team"", ""printed"", ""the"", ""sales"", ""peak"", ""after"", ""the"", ""presentation"", "".""]","[""O"", ""O"", ""O"", ""O"", ""O"", ""O"", ""O"", ""O"", ""O"", ""O"", ""O""]",[],synthetic_negative
train-01144,The glacier on Mount Kinabalu has retreated in recent decades.,"[""The"", ""glacier"", ""on"", ""Mount"", ""Kinabalu"", ""has"", ""retreated"", ""in"", ""recent"", ""decades"", "".""]","[""O"", ""O"", ""O"", ""B-MOUNTAIN"", ""I-MOUNTAIN"", ""O"", ""O"", ""O"", ""O"", ""O"", ""O""]","[{""start"": 15, ""end"": 29, ""label"": ""MOUNTAIN"", ""text"": ""Mount Kinabalu""}]",synthetic_positive_single
train-01145,A documentary crew filmed near Kongur Tagh.,"[""A"", ""documentary"", ""crew"", ""filmed"", ""near"", ""Kongur"", ""Tagh"", "".""]","[""O"", ""O"", ""O"", ""O"", ""O"", ""B-MOUNTAIN"", ""I-MOUNTAIN"", ""O""]","[{""start"": 31, ""end"": 42, ""label"": ""MOUNTAIN"", ""text"": ""Kongur Tagh""}]",synthetic_positive_single
train-01146,The expedition leader reviewed the algorithm before the deadline.,"[""The"", ""expedition"", ""leader"", ""reviewed"", ""the"", ""algorithm"", ""before"", ""the"", ""deadline"", "".""]","[""O"", ""O"", ""O"", ""O"", ""O"", ""O"", ""O"", ""O"", ""O"", ""O""]",[],synthetic_negative
train-01147,The photograph shows Mauna Kea at sunrise.,"[""The"", ""photograph"", ""shows"", ""Mauna"", ""Kea"", ""at"", ""sunrise"", "".""]","[""O"", ""O"", ""O"", ""B-MOUNTAIN"", ""I-MOUNTAIN"", ""O"", ""O"", ""O""]","[{""start"": 21, ""end"": 30, ""label"": ""MOUNTAIN"", ""text"": ""Mauna Kea""}]",synthetic_positive_single
train-01148,Tourists gathered at a viewpoint facing Kongur Tagh.,"[""Tourists"", ""gathered"", ""at"", ""a"", ""viewpoint"", ""facing"", ""Kongur"", ""Tagh"", "".""]","[""O"", ""O"", ""O"", ""O"", ""O"", ""O"", ""B-MOUNTAIN"", ""I-MOUNTAIN"", ""O""]","[{""start"": 40, ""end"": 51, ""label"": ""MOUNTAIN"", ""text"": ""Kongur Tagh""}]",synthetic_positive_single
train-01149,The weather service translated the hotel booking at the airport.,"[""The"", ""weather"", ""service"", ""translated"", ""the"", ""hotel"", ""booking"", ""at"", ""the"", ""airport"", "".""]","[""O"", ""O"", ""O"", ""O"", ""O"", ""O"", ""O"", ""O"", ""O"", ""O"", ""O""]",[],synthetic_negative
train-01150,Tourists gathered at a viewpoint facing Mount Kilimanjaro.,"[""Tourists"", ""gathered"", ""at"", ""a"", ""viewpoint"", ""facing"", ""Mount"", ""Kilimanjaro"", "".""]","[""O"", ""O"", ""O"", ""O"", ""O"", ""O"", ""B-MOUNTAIN"", ""I-MOUNTAIN"", ""O""]","[{""start"": 40, ""end"": 57, ""label"": ""MOUNTAIN"", ""text"": ""Mount Kilimanjaro""}]",synthetic_positive_single
train-01151,An avalanche warning was issued for the area around Mount Blackburn.,"[""An"", ""avalanche"", ""warning"", ""was"", ""issued"", ""for"", ""the"", ""area"", ""around"", ""Mount"", ""Blackburn"", "".""]","[""O"", ""O"", ""O"", ""O"", ""O"", ""O"", ""O"", ""O"", ""O"", ""B-MOUNTAIN"", ""I-MOUNTAIN"", ""O""]","[{""start"": 52, ""end"": 67, ""label"": ""MOUNTAIN"", ""text"": ""Mount Blackburn""}]",synthetic_positive_single
train-01152,The rescue team returned safely from Ben Nevis.,"[""The"", ""rescue"", ""team"", ""returned"", ""safely"", ""from"", ""Ben"", ""Nevis"", "".""]","[""O"", ""O"", ""O"", ""O"", ""O"", ""O"", ""B-MOUNTAIN"", ""I-MOUNTAIN"", ""O""]","[{""start"": 37, ""end"": 46, ""label"": ""MOUNTAIN"", ""text"": ""Ben Nevis""}]",synthetic_positive_single
train-01153,"She has photographed Shishapangma, Mount Blackburn, and several nearby peaks.","[""She"", ""has"", ""photographed"", ""Shishapangma"", "","", ""Mount"", ""Blackburn"", "","", ""and"", ""several"", ""nearby"", ""peaks"", "".""]","[""O"", ""O"", ""O"", ""B-MOUNTAIN"", ""O"", ""B-MOUNTAIN"", ""I-MOUNTAIN"", ""O"", ""O"", ""O"", ""O"", ""O"", ""O""]","[{""start"": 21, ""end"": 33, ""label"": ""MOUNTAIN"", ""text"": ""Shishapangma""}, {""start"": 35, ""end"": 50, ""label"": ""MOUNTAIN"", ""text"": ""Mount Blackburn""}]",synthetic_positive_multi
train-01154,"During the spring survey, scientists visited Haleakala.","[""During"", ""the"", ""spring"", ""survey"", "","", ""scientists"", ""visited"", ""Haleakala"", "".""]","[""O"", ""O"", ""O"", ""O"", ""O"", ""O"", ""O"", ""B-MOUNTAIN"", ""O""]","[{""start"": 45, ""end"": 54, ""label"": ""MOUNTAIN"", ""text"": ""Haleakala""}]",synthetic_positive_single
train-01155,The map labels both Mount Vancouver and K2.,"[""The"", ""map"", ""labels"", ""both"", ""Mount"", ""Vancouver"", ""and"", ""K2"", "".""]","[""O"", ""O"", ""O"", ""O"", ""B-MOUNTAIN"", ""I-MOUNTAIN"", ""O"", ""B-MOUNTAIN"", ""O""]","[{""start"": 20, ""end"": 35, ""label"": ""MOUNTAIN"", ""text"": ""Mount Vancouver""}, {""start"": 40, ""end"": 42, ""label"": ""MOUNTAIN"", ""text"": ""K2""}]",synthetic_positive_multi
train-01156,Puncak Jaya attracts climbers from around the world.,"[""Puncak"", ""Jaya"", ""attracts"", ""climbers"", ""from"", ""around"", ""the"", ""world"", "".""]","[""B-MOUNTAIN"", ""I-MOUNTAIN"", ""O"", ""O"", ""O"", ""O"", ""O"", ""O"", ""O""]","[{""start"": 0, ""end"": 11, ""label"": ""MOUNTAIN"", ""text"": ""Puncak Jaya""}]",synthetic_positive_single
train-01157,The photograph shows Mount Ngauruhoe at sunrise.,"[""The"", ""photograph"", ""shows"", ""Mount"", ""Ngauruhoe"", ""at"", ""sunrise"", "".""]","[""O"", ""O"", ""O"", ""B-MOUNTAIN"", ""I-MOUNTAIN"", ""O"", ""O"", ""O""]","[{""start"": 21, ""end"": 36, ""label"": ""MOUNTAIN"", ""text"": ""Mount Ngauruhoe""}]",synthetic_positive_single
train-01158,The weather service approved the budget on Monday.,"[""The"", ""weather"", ""service"", ""approved"", ""the"", ""budget"", ""on"", ""Monday"", "".""]","[""O"", ""O"", ""O"", ""O"", ""O"", ""O"", ""O"", ""O"", ""O""]",[],synthetic_negative
train-01159,The climbing club rejected the cliff photograph at the airport.,"[""The"", ""climbing"", ""club"", ""rejected"", ""the"", ""cliff"", ""photograph"", ""at"", ""the"", ""airport"", "".""]","[""O"", ""O"", ""O"", ""O"", ""O"", ""O"", ""O"", ""O"", ""O"", ""O"", ""O""]",[],synthetic_negative
train-01160,The climbing club rejected the glacier report during the conference.,"[""The"", ""climbing"", ""club"", ""rejected"", ""the"", ""glacier"", ""report"", ""during"", ""the"", ""conference"", "".""]","[""O"", ""O"", ""O"", ""O"", ""O"", ""O"", ""O"", ""O"", ""O"", ""O"", ""O""]",[],synthetic_negative
train-01161,The expedition reached the summit of Mount Rinjani before noon.,"[""The"", ""expedition"", ""reached"", ""the"", ""summit"", ""of"", ""Mount"", ""Rinjani"", ""before"", ""noon"", "".""]","[""O"", ""O"", ""O"", ""O"", ""O"", ""O"", ""B-MOUNTAIN"", ""I-MOUNTAIN"", ""O"", ""O"", ""O""]","[{""start"": 37, ""end"": 50, ""label"": ""MOUNTAIN"", ""text"": ""Mount Rinjani""}]",synthetic_positive_single
train-01162,A small village lies below Mount Damavand.,"[""A"", ""small"", ""village"", ""lies"", ""below"", ""Mount"", ""Damavand"", "".""]","[""O"", ""O"", ""O"", ""O"", ""O"", ""B-MOUNTAIN"", ""I-MOUNTAIN"", ""O""]","[{""start"": 27, ""end"": 41, ""label"": ""MOUNTAIN"", ""text"": ""Mount Damavand""}]",synthetic_positive_single
train-01163,Wind speeds increased rapidly around Brebeneskul.,"[""Wind"", ""speeds"", ""increased"", ""rapidly"", ""around"", ""Brebeneskul"", "".""]","[""O"", ""O"", ""O"", ""O"", ""O"", ""B-MOUNTAIN"", ""O""]","[{""start"": 37, ""end"": 48, ""label"": ""MOUNTAIN"", ""text"": ""Brebeneskul""}]",synthetic_positive_single
train-01164,"Yesterday, Mount Whitney was barely visible through the mist.","[""Yesterday"", "","", ""Mount"", ""Whitney"", ""was"", ""barely"", ""visible"", ""through"", ""the"", ""mist"", "".""]","[""O"", ""O"", ""B-MOUNTAIN"", ""I-MOUNTAIN"", ""O"", ""O"", ""O"", ""O"", ""O"", ""O"", ""O""]","[{""start"": 11, ""end"": 24, ""label"": ""MOUNTAIN"", ""text"": ""Mount Whitney""}]",synthetic_positive_single
train-01165,The rescue unit checked the camera after the presentation.,"[""The"", ""rescue"", ""unit"", ""checked"", ""the"", ""camera"", ""after"", ""the"", ""presentation"", "".""]","[""O"", ""O"", ""O"", ""O"", ""O"", ""O"", ""O"", ""O"", ""O"", ""O""]",[],synthetic_negative
train-01166,The weather changed quickly as they approached Grand Teton.,"[""The"", ""weather"", ""changed"", ""quickly"", ""as"", ""they"", ""approached"", ""Grand"", ""Teton"", "".""]","[""O"", ""O"", ""O"", ""O"", ""O"", ""O"", ""O"", ""B-MOUNTAIN"", ""I-MOUNTAIN"", ""O""]","[{""start"": 47, ""end"": 58, ""label"": ""MOUNTAIN"", ""text"": ""Grand Teton""}]",synthetic_positive_single
train-01167,The film crew checked the satellite image at the airport.,"[""The"", ""film"", ""crew"", ""checked"", ""the"", ""satellite"", ""image"", ""at"", ""the"", ""airport"", "".""]","[""O"", ""O"", ""O"", ""O"", ""O"", ""O"", ""O"", ""O"", ""O"", ""O"", ""O""]",[],synthetic_negative
train-01168,The rescue unit printed the glacier report during the conference.,"[""The"", ""rescue"", ""unit"", ""printed"", ""the"", ""glacier"", ""report"", ""during"", ""the"", ""conference"", "".""]","[""O"", ""O"", ""O"", ""O"", ""O"", ""O"", ""O"", ""O"", ""O"", ""O"", ""O""]",[],synthetic_negative
train-01169,Our route passes near Mount Blackburn before turning toward K2.,"[""Our"", ""route"", ""passes"", ""near"", ""Mount"", ""Blackburn"", ""before"", ""turning"", ""toward"", ""K2"", "".""]","[""O"", ""O"", ""O"", ""O"", ""B-MOUNTAIN"", ""I-MOUNTAIN"", ""O"", ""O"", ""O"", ""B-MOUNTAIN"", ""O""]","[{""start"": 22, ""end"": 37, ""label"": ""MOUNTAIN"", ""text"": ""Mount Blackburn""}, {""start"": 60, ""end"": 62, ""label"": ""MOUNTAIN"", ""text"": ""K2""}]",synthetic_positive_multi
train-01170,"According to the itinerary, Mount Hood is the main destination.","[""According"", ""to"", ""the"", ""itinerary"", "","", ""Mount"", ""Hood"", ""is"", ""the"", ""main"", ""destination"", "".""]","[""O"", ""O"", ""O"", ""O"", ""O"", ""B-MOUNTAIN"", ""I-MOUNTAIN"", ""O"", ""O"", ""O"", ""O"", ""O""]","[{""start"": 28, ""end"": 38, ""label"": ""MOUNTAIN"", ""text"": ""Mount Hood""}]",synthetic_positive_single
train-01171,"During the spring survey, scientists visited Mount Vancouver.","[""During"", ""the"", ""spring"", ""survey"", "","", ""scientists"", ""visited"", ""Mount"", ""Vancouver"", "".""]","[""O"", ""O"", ""O"", ""O"", ""O"", ""O"", ""O"", ""B-MOUNTAIN"", ""I-MOUNTAIN"", ""O""]","[{""start"": 45, ""end"": 60, ""label"": ""MOUNTAIN"", ""text"": ""Mount Vancouver""}]",synthetic_positive_single
train-01172,A helicopter circled above Cerro Torre during the rescue.,"[""A"", ""helicopter"", ""circled"", ""above"", ""Cerro"", ""Torre"", ""during"", ""the"", ""rescue"", "".""]","[""O"", ""O"", ""O"", ""O"", ""B-MOUNTAIN"", ""I-MOUNTAIN"", ""O"", ""O"", ""O"", ""O""]","[{""start"": 27, ""end"": 38, ""label"": ""MOUNTAIN"", ""text"": ""Cerro Torre""}]",synthetic_positive_single
train-01173,The rescue unit discussed the aircraft in the laboratory.,"[""The"", ""rescue"", ""unit"", ""discussed"", ""the"", ""aircraft"", ""in"", ""the"", ""laboratory"", "".""]","[""O"", ""O"", ""O"", ""O"", ""O"", ""O"", ""O"", ""O"", ""O"", ""O""]",[],synthetic_negative
train-01174,Heavy clouds covered Mount Columbia throughout the morning.,"[""Heavy"", ""clouds"", ""covered"", ""Mount"", ""Columbia"", ""throughout"", ""the"", ""morning"", "".""]","[""O"", ""O"", ""O"", ""B-MOUNTAIN"", ""I-MOUNTAIN"", ""O"", ""O"", ""O"", ""O""]","[{""start"": 21, ""end"": 35, ""label"": ""MOUNTAIN"", ""text"": ""Mount Columbia""}]",synthetic_positive_single
train-01175,The museum curator shared the hotel booking in the laboratory.,"[""The"", ""museum"", ""curator"", ""shared"", ""the"", ""hotel"", ""booking"", ""in"", ""the"", ""laboratory"", "".""]","[""O"", ""O"", ""O"", ""O"", ""O"", ""O"", ""O"", ""O"", ""O"", ""O"", ""O""]",[],synthetic_negative
train-01176,"During the spring survey, scientists visited Mount Agung.","[""During"", ""the"", ""spring"", ""survey"", "","", ""scientists"", ""visited"", ""Mount"", ""Agung"", "".""]","[""O"", ""O"", ""O"", ""O"", ""O"", ""O"", ""O"", ""B-MOUNTAIN"", ""I-MOUNTAIN"", ""O""]","[{""start"": 45, ""end"": 56, ""label"": ""MOUNTAIN"", ""text"": ""Mount Agung""}]",synthetic_positive_single
train-01177,The tourist group reviewed the summit plan at the airport.,"[""The"", ""tourist"", ""group"", ""reviewed"", ""the"", ""summit"", ""plan"", ""at"", ""the"", ""airport"", "".""]","[""O"", ""O"", ""O"", ""O"", ""O"", ""O"", ""O"", ""O"", ""O"", ""O"", ""O""]",[],synthetic_negative
train-01178,Cho Oyu attracts climbers from around the world.,"[""Cho"", ""Oyu"", ""attracts"", ""climbers"", ""from"", ""around"", ""the"", ""world"", "".""]","[""B-MOUNTAIN"", ""I-MOUNTAIN"", ""O"", ""O"", ""O"", ""O"", ""O"", ""O"", ""O""]","[{""start"": 0, ""end"": 7, ""label"": ""MOUNTAIN"", ""text"": ""Cho Oyu""}]",synthetic_positive_single
train-01179,The glacier on Jebel Toubkal has retreated in recent decades.,"[""The"", ""glacier"", ""on"", ""Jebel"", ""Toubkal"", ""has"", ""retreated"", ""in"", ""recent"", ""decades"", "".""]","[""O"", ""O"", ""O"", ""B-MOUNTAIN"", ""I-MOUNTAIN"", ""O"", ""O"", ""O"", ""O"", ""O"", ""O""]","[{""start"": 15, ""end"": 28, ""label"": ""MOUNTAIN"", ""text"": ""Jebel Toubkal""}]",synthetic_positive_single
train-01180,The route to Mount Sabalan was closed after the storm.,"[""The"", ""route"", ""to"", ""Mount"", ""Sabalan"", ""was"", ""closed"", ""after"", ""the"", ""storm"", "".""]","[""O"", ""O"", ""O"", ""B-MOUNTAIN"", ""I-MOUNTAIN"", ""O"", ""O"", ""O"", ""O"", ""O"", ""O""]","[{""start"": 13, ""end"": 26, ""label"": ""MOUNTAIN"", ""text"": ""Mount Sabalan""}]",synthetic_positive_single
train-01181,The rescue unit approved the hotel booking during the conference.,"[""The"", ""rescue"", ""unit"", ""approved"", ""the"", ""hotel"", ""booking"", ""during"", ""the"", ""conference"", "".""]","[""O"", ""O"", ""O"", ""O"", ""O"", ""O"", ""O"", ""O"", ""O"", ""O"", ""O""]",[],synthetic_negative
train-01182,An avalanche warning was issued for the area around Mount Vesuvius.,"[""An"", ""avalanche"", ""warning"", ""was"", ""issued"", ""for"", ""the"", ""area"", ""around"", ""Mount"", ""Vesuvius"", "".""]","[""O"", ""O"", ""O"", ""O"", ""O"", ""O"", ""O"", ""O"", ""O"", ""B-MOUNTAIN"", ""I-MOUNTAIN"", ""O""]","[{""start"": 52, ""end"": 66, ""label"": ""MOUNTAIN"", ""text"": ""Mount Vesuvius""}]",synthetic_positive_single
train-01183,The tourist group shared the weather forecast in the laboratory.,"[""The"", ""tourist"", ""group"", ""shared"", ""the"", ""weather"", ""forecast"", ""in"", ""the"", ""laboratory"", "".""]","[""O"", ""O"", ""O"", ""O"", ""O"", ""O"", ""O"", ""O"", ""O"", ""O"", ""O""]",[],synthetic_negative
train-01184,Have you ever seen Mount Murchison in winter?,"[""Have"", ""you"", ""ever"", ""seen"", ""Mount"", ""Murchison"", ""in"", ""winter"", ""?""]","[""O"", ""O"", ""O"", ""O"", ""B-MOUNTAIN"", ""I-MOUNTAIN"", ""O"", ""O"", ""O""]","[{""start"": 19, ""end"": 34, ""label"": ""MOUNTAIN"", ""text"": ""Mount Murchison""}]",synthetic_positive_single
train-01185,"After weeks of preparation, the group departed for Mount Steele.","[""After"", ""weeks"", ""of"", ""preparation"", "","", ""the"", ""group"", ""departed"", ""for"", ""Mount"", ""Steele"", "".""]","[""O"", ""O"", ""O"", ""O"", ""O"", ""O"", ""O"", ""O"", ""O"", ""B-MOUNTAIN"", ""I-MOUNTAIN"", ""O""]","[{""start"": 51, ""end"": 63, ""label"": ""MOUNTAIN"", ""text"": ""Mount Steele""}]",synthetic_positive_single
train-01186,The photograph shows Mount Tongariro at sunrise.,"[""The"", ""photograph"", ""shows"", ""Mount"", ""Tongariro"", ""at"", ""sunrise"", "".""]","[""O"", ""O"", ""O"", ""B-MOUNTAIN"", ""I-MOUNTAIN"", ""O"", ""O"", ""O""]","[{""start"": 21, ""end"": 36, ""label"": ""MOUNTAIN"", ""text"": ""Mount Tongariro""}]",synthetic_positive_single
train-01187,A documentary crew filmed near Denali.,"[""A"", ""documentary"", ""crew"", ""filmed"", ""near"", ""Denali"", "".""]","[""O"", ""O"", ""O"", ""O"", ""O"", ""B-MOUNTAIN"", ""O""]","[{""start"": 31, ""end"": 37, ""label"": ""MOUNTAIN"", ""text"": ""Denali""}]",synthetic_positive_single
train-01188,Tourists gathered at a viewpoint facing Mount Olympus.,"[""Tourists"", ""gathered"", ""at"", ""a"", ""viewpoint"", ""facing"", ""Mount"", ""Olympus"", "".""]","[""O"", ""O"", ""O"", ""O"", ""O"", ""O"", ""B-MOUNTAIN"", ""I-MOUNTAIN"", ""O""]","[{""start"": 40, ""end"": 53, ""label"": ""MOUNTAIN"", ""text"": ""Mount Olympus""}]",synthetic_positive_single
train-01189,The photograph shows Mount Nyiragongo at sunrise.,"[""The"", ""photograph"", ""shows"", ""Mount"", ""Nyiragongo"", ""at"", ""sunrise"", "".""]","[""O"", ""O"", ""O"", ""B-MOUNTAIN"", ""I-MOUNTAIN"", ""O"", ""O"", ""O""]","[{""start"": 21, ""end"": 37, ""label"": ""MOUNTAIN"", ""text"": ""Mount Nyiragongo""}]",synthetic_positive_single
train-01190,The travel company checked the camera before the deadline.,"[""The"", ""travel"", ""company"", ""checked"", ""the"", ""camera"", ""before"", ""the"", ""deadline"", "".""]","[""O"", ""O"", ""O"", ""O"", ""O"", ""O"", ""O"", ""O"", ""O"", ""O""]",[],synthetic_negative
train-01191,Have you ever seen Manaslu in winter?,"[""Have"", ""you"", ""ever"", ""seen"", ""Manaslu"", ""in"", ""winter"", ""?""]","[""O"", ""O"", ""O"", ""O"", ""B-MOUNTAIN"", ""O"", ""O"", ""O""]","[{""start"": 19, ""end"": 26, ""label"": ""MOUNTAIN"", ""text"": ""Manaslu""}]",synthetic_positive_single
train-01192,The map labels both Mount Aspiring and Mount Everest.,"[""The"", ""map"", ""labels"", ""both"", ""Mount"", ""Aspiring"", ""and"", ""Mount"", ""Everest"", "".""]","[""O"", ""O"", ""O"", ""O"", ""B-MOUNTAIN"", ""I-MOUNTAIN"", ""O"", ""B-MOUNTAIN"", ""I-MOUNTAIN"", ""O""]","[{""start"": 20, ""end"": 34, ""label"": ""MOUNTAIN"", ""text"": ""Mount Aspiring""}, {""start"": 39, ""end"": 52, ""label"": ""MOUNTAIN"", ""text"": ""Mount Everest""}]",synthetic_positive_multi
train-01193,The team measured snow depth on Kongur Tagh.,"[""The"", ""team"", ""measured"", ""snow"", ""depth"", ""on"", ""Kongur"", ""Tagh"", "".""]","[""O"", ""O"", ""O"", ""O"", ""O"", ""O"", ""B-MOUNTAIN"", ""I-MOUNTAIN"", ""O""]","[{""start"": 32, ""end"": 43, ""label"": ""MOUNTAIN"", ""text"": ""Kongur Tagh""}]",synthetic_positive_single
train-01194,A helicopter circled above Puncak Jaya during the rescue.,"[""A"", ""helicopter"", ""circled"", ""above"", ""Puncak"", ""Jaya"", ""during"", ""the"", ""rescue"", "".""]","[""O"", ""O"", ""O"", ""O"", ""B-MOUNTAIN"", ""I-MOUNTAIN"", ""O"", ""O"", ""O"", ""O""]","[{""start"": 27, ""end"": 38, ""label"": ""MOUNTAIN"", ""text"": ""Puncak Jaya""}]",synthetic_positive_single
train-01195,Local guides described conditions on Makalu as difficult.,"[""Local"", ""guides"", ""described"", ""conditions"", ""on"", ""Makalu"", ""as"", ""difficult"", "".""]","[""O"", ""O"", ""O"", ""O"", ""O"", ""B-MOUNTAIN"", ""O"", ""O"", ""O""]","[{""start"": 37, ""end"": 43, ""label"": ""MOUNTAIN"", ""text"": ""Makalu""}]",synthetic_positive_single
train-01196,The rescue unit compared the glacier report at the office.,"[""The"", ""rescue"", ""unit"", ""compared"", ""the"", ""glacier"", ""report"", ""at"", ""the"", ""office"", "".""]","[""O"", ""O"", ""O"", ""O"", ""O"", ""O"", ""O"", ""O"", ""O"", ""O"", ""O""]",[],synthetic_negative
train-01197,Manaslu attracts climbers from around the world.,"[""Manaslu"", ""attracts"", ""climbers"", ""from"", ""around"", ""the"", ""world"", "".""]","[""B-MOUNTAIN"", ""O"", ""O"", ""O"", ""O"", ""O"", ""O"", ""O""]","[{""start"": 0, ""end"": 7, ""label"": ""MOUNTAIN"", ""text"": ""Manaslu""}]",synthetic_positive_single
train-01198,The museum curator approved the cliff photograph at the airport.,"[""The"", ""museum"", ""curator"", ""approved"", ""the"", ""cliff"", ""photograph"", ""at"", ""the"", ""airport"", "".""]","[""O"", ""O"", ""O"", ""O"", ""O"", ""O"", ""O"", ""O"", ""O"", ""O"", ""O""]",[],synthetic_negative
train-01199,The northern face of Mount Tate looked almost vertical.,"[""The"", ""northern"", ""face"", ""of"", ""Mount"", ""Tate"", ""looked"", ""almost"", ""vertical"", "".""]","[""O"", ""O"", ""O"", ""O"", ""B-MOUNTAIN"", ""I-MOUNTAIN"", ""O"", ""O"", ""O"", ""O""]","[{""start"": 21, ""end"": 31, ""label"": ""MOUNTAIN"", ""text"": ""Mount Tate""}]",synthetic_positive_single
train-01200,The base camp below Kangchenjunga was moved to safer ground.,"[""The"", ""base"", ""camp"", ""below"", ""Kangchenjunga"", ""was"", ""moved"", ""to"", ""safer"", ""ground"", "".""]","[""O"", ""O"", ""O"", ""O"", ""B-MOUNTAIN"", ""O"", ""O"", ""O"", ""O"", ""O"", ""O""]","[{""start"": 20, ""end"": 33, ""label"": ""MOUNTAIN"", ""text"": ""Kangchenjunga""}]",synthetic_positive_single
train-01201,Expeditions to Gasherbrum II and Mount Augusta were delayed by bad weather.,"[""Expeditions"", ""to"", ""Gasherbrum"", ""II"", ""and"", ""Mount"", ""Augusta"", ""were"", ""delayed"", ""by"", ""bad"", ""weather"", "".""]","[""O"", ""O"", ""B-MOUNTAIN"", ""I-MOUNTAIN"", ""O"", ""B-MOUNTAIN"", ""I-MOUNTAIN"", ""O"", ""O"", ""O"", ""O"", ""O"", ""O""]","[{""start"": 15, ""end"": 28, ""label"": ""MOUNTAIN"", ""text"": ""Gasherbrum II""}, {""start"": 33, ""end"": 46, ""label"": ""MOUNTAIN"", ""text"": ""Mount Augusta""}]",synthetic_positive_multi
train-01202,Have you ever seen Brebeneskul in winter?,"[""Have"", ""you"", ""ever"", ""seen"", ""Brebeneskul"", ""in"", ""winter"", ""?""]","[""O"", ""O"", ""O"", ""O"", ""B-MOUNTAIN"", ""O"", ""O"", ""O""]","[{""start"": 19, ""end"": 30, ""label"": ""MOUNTAIN"", ""text"": ""Brebeneskul""}]",synthetic_positive_single
train-01203,The university department archived the product range at the office.,"[""The"", ""university"", ""department"", ""archived"", ""the"", ""product"", ""range"", ""at"", ""the"", ""office"", "".""]","[""O"", ""O"", ""O"", ""O"", ""O"", ""O"", ""O"", ""O"", ""O"", ""O"", ""O""]",[],synthetic_negative
train-01204,The museum curator reviewed the satellite image before lunch.,"[""The"", ""museum"", ""curator"", ""reviewed"", ""the"", ""satellite"", ""image"", ""before"", ""lunch"", "".""]","[""O"", ""O"", ""O"", ""O"", ""O"", ""O"", ""O"", ""O"", ""O"", ""O""]",[],synthetic_negative
train-01205,The table was moved closer to the window.,"[""The"", ""table"", ""was"", ""moved"", ""closer"", ""to"", ""the"", ""window"", "".""]","[""O"", ""O"", ""O"", ""O"", ""O"", ""O"", ""O"", ""O"", ""O""]",[],synthetic_hard_negative
train-01206,The model achieved high precision on the validation set.,"[""The"", ""model"", ""achieved"", ""high"", ""precision"", ""on"", ""the"", ""validation"", ""set"", "".""]","[""O"", ""O"", ""O"", ""O"", ""O"", ""O"", ""O"", ""O"", ""O"", ""O""]",[],synthetic_hard_negative
train-01207,We could clearly see Mount Nyiragongo from the valley.,"[""We"", ""could"", ""clearly"", ""see"", ""Mount"", ""Nyiragongo"", ""from"", ""the"", ""valley"", "".""]","[""O"", ""O"", ""O"", ""O"", ""B-MOUNTAIN"", ""I-MOUNTAIN"", ""O"", ""O"", ""O"", ""O""]","[{""start"": 21, ""end"": 37, ""label"": ""MOUNTAIN"", ""text"": ""Mount Nyiragongo""}]",synthetic_positive_single
train-01208,Wind speeds increased rapidly around Mount Vesuvius.,"[""Wind"", ""speeds"", ""increased"", ""rapidly"", ""around"", ""Mount"", ""Vesuvius"", "".""]","[""O"", ""O"", ""O"", ""O"", ""O"", ""B-MOUNTAIN"", ""I-MOUNTAIN"", ""O""]","[{""start"": 37, ""end"": 51, ""label"": ""MOUNTAIN"", ""text"": ""Mount Vesuvius""}]",synthetic_positive_single
train-01209,The photograph shows Mount Lucania at sunrise.,"[""The"", ""photograph"", ""shows"", ""Mount"", ""Lucania"", ""at"", ""sunrise"", "".""]","[""O"", ""O"", ""O"", ""B-MOUNTAIN"", ""I-MOUNTAIN"", ""O"", ""O"", ""O""]","[{""start"": 21, ""end"": 34, ""label"": ""MOUNTAIN"", ""text"": ""Mount Lucania""}]",synthetic_positive_single
train-01210,The film crew shared the research report during the conference.,"[""The"", ""film"", ""crew"", ""shared"", ""the"", ""research"", ""report"", ""during"", ""the"", ""conference"", "".""]","[""O"", ""O"", ""O"", ""O"", ""O"", ""O"", ""O"", ""O"", ""O"", ""O"", ""O""]",[],synthetic_negative
train-01211,A helicopter circled above Huayna Potosi during the rescue.,"[""A"", ""helicopter"", ""circled"", ""above"", ""Huayna"", ""Potosi"", ""during"", ""the"", ""rescue"", "".""]","[""O"", ""O"", ""O"", ""O"", ""B-MOUNTAIN"", ""I-MOUNTAIN"", ""O"", ""O"", ""O"", ""O""]","[{""start"": 27, ""end"": 40, ""label"": ""MOUNTAIN"", ""text"": ""Huayna Potosi""}]",synthetic_positive_single
train-01212,The guide warned us not to underestimate Snowdon.,"[""The"", ""guide"", ""warned"", ""us"", ""not"", ""to"", ""underestimate"", ""Snowdon"", "".""]","[""O"", ""O"", ""O"", ""O"", ""O"", ""O"", ""O"", ""B-MOUNTAIN"", ""O""]","[{""start"": 41, ""end"": 48, ""label"": ""MOUNTAIN"", ""text"": ""Snowdon""}]",synthetic_positive_single
train-01213,An avalanche warning was issued for the area around Mount Haku.,"[""An"", ""avalanche"", ""warning"", ""was"", ""issued"", ""for"", ""the"", ""area"", ""around"", ""Mount"", ""Haku"", "".""]","[""O"", ""O"", ""O"", ""O"", ""O"", ""O"", ""O"", ""O"", ""O"", ""B-MOUNTAIN"", ""I-MOUNTAIN"", ""O""]","[{""start"": 52, ""end"": 62, ""label"": ""MOUNTAIN"", ""text"": ""Mount Haku""}]",synthetic_positive_single
train-01214,The weather changed quickly as they approached Mount Kinabalu.,"[""The"", ""weather"", ""changed"", ""quickly"", ""as"", ""they"", ""approached"", ""Mount"", ""Kinabalu"", "".""]","[""O"", ""O"", ""O"", ""O"", ""O"", ""O"", ""O"", ""B-MOUNTAIN"", ""I-MOUNTAIN"", ""O""]","[{""start"": 47, ""end"": 61, ""label"": ""MOUNTAIN"", ""text"": ""Mount Kinabalu""}]",synthetic_positive_single
train-01215,Tourists gathered at a viewpoint facing Makalu.,"[""Tourists"", ""gathered"", ""at"", ""a"", ""viewpoint"", ""facing"", ""Makalu"", "".""]","[""O"", ""O"", ""O"", ""O"", ""O"", ""O"", ""B-MOUNTAIN"", ""O""]","[{""start"": 40, ""end"": 46, ""label"": ""MOUNTAIN"", ""text"": ""Makalu""}]",synthetic_positive_single
train-01216,The weather service translated the sensor reading before the deadline.,"[""The"", ""weather"", ""service"", ""translated"", ""the"", ""sensor"", ""reading"", ""before"", ""the"", ""deadline"", "".""]","[""O"", ""O"", ""O"", ""O"", ""O"", ""O"", ""O"", ""O"", ""O"", ""O"", ""O""]",[],synthetic_negative
train-01217,An avalanche warning was issued for the area around Broad Peak.,"[""An"", ""avalanche"", ""warning"", ""was"", ""issued"", ""for"", ""the"", ""area"", ""around"", ""Broad"", ""Peak"", "".""]","[""O"", ""O"", ""O"", ""O"", ""O"", ""O"", ""O"", ""O"", ""O"", ""B-MOUNTAIN"", ""I-MOUNTAIN"", ""O""]","[{""start"": 52, ""end"": 62, ""label"": ""MOUNTAIN"", ""text"": ""Broad Peak""}]",synthetic_positive_single
train-01218,The travel company discussed the conference program at the airport.,"[""The"", ""travel"", ""company"", ""discussed"", ""the"", ""conference"", ""program"", ""at"", ""the"", ""airport"", "".""]","[""O"", ""O"", ""O"", ""O"", ""O"", ""O"", ""O"", ""O"", ""O"", ""O"", ""O""]",[],synthetic_negative
train-01219,"By late afternoon, shadows had covered the slopes of Mount Nyiragongo.","[""By"", ""late"", ""afternoon"", "","", ""shadows"", ""had"", ""covered"", ""the"", ""slopes"", ""of"", ""Mount"", ""Nyiragongo"", "".""]","[""O"", ""O"", ""O"", ""O"", ""O"", ""O"", ""O"", ""O"", ""O"", ""O"", ""B-MOUNTAIN"", ""I-MOUNTAIN"", ""O""]","[{""start"": 53, ""end"": 69, ""label"": ""MOUNTAIN"", ""text"": ""Mount Nyiragongo""}]",synthetic_positive_single
train-01220,"From the eastern ridge, we watched the sun rise behind Mount Agung.","[""From"", ""the"", ""eastern"", ""ridge"", "","", ""we"", ""watched"", ""the"", ""sun"", ""rise"", ""behind"", ""Mount"", ""Agung"", "".""]","[""O"", ""O"", ""O"", ""O"", ""O"", ""O"", ""O"", ""O"", ""O"", ""O"", ""O"", ""B-MOUNTAIN"", ""I-MOUNTAIN"", ""O""]","[{""start"": 55, ""end"": 66, ""label"": ""MOUNTAIN"", ""text"": ""Mount Agung""}]",synthetic_positive_single
train-01221,He plans to study glaciers on Mount Foraker and Kangchenjunga.,"[""He"", ""plans"", ""to"", ""study"", ""glaciers"", ""on"", ""Mount"", ""Foraker"", ""and"", ""Kangchenjunga"", "".""]","[""O"", ""O"", ""O"", ""O"", ""O"", ""O"", ""B-MOUNTAIN"", ""I-MOUNTAIN"", ""O"", ""B-MOUNTAIN"", ""O""]","[{""start"": 30, ""end"": 43, ""label"": ""MOUNTAIN"", ""text"": ""Mount Foraker""}, {""start"": 48, ""end"": 61, ""label"": ""MOUNTAIN"", ""text"": ""Kangchenjunga""}]",synthetic_positive_multi
train-01222,"Yesterday, Mount Erebus was barely visible through the mist.","[""Yesterday"", "","", ""Mount"", ""Erebus"", ""was"", ""barely"", ""visible"", ""through"", ""the"", ""mist"", "".""]","[""O"", ""O"", ""B-MOUNTAIN"", ""I-MOUNTAIN"", ""O"", ""O"", ""O"", ""O"", ""O"", ""O"", ""O""]","[{""start"": 11, ""end"": 23, ""label"": ""MOUNTAIN"", ""text"": ""Mount Erebus""}]",synthetic_positive_single
train-01223,An avalanche warning was issued for the area around Huayna Potosi.,"[""An"", ""avalanche"", ""warning"", ""was"", ""issued"", ""for"", ""the"", ""area"", ""around"", ""Huayna"", ""Potosi"", "".""]","[""O"", ""O"", ""O"", ""O"", ""O"", ""O"", ""O"", ""O"", ""O"", ""B-MOUNTAIN"", ""I-MOUNTAIN"", ""O""]","[{""start"": 52, ""end"": 65, ""label"": ""MOUNTAIN"", ""text"": ""Huayna Potosi""}]",synthetic_positive_single
train-01224,Researchers installed weather sensors on Alpamayo.,"[""Researchers"", ""installed"", ""weather"", ""sensors"", ""on"", ""Alpamayo"", "".""]","[""O"", ""O"", ""O"", ""O"", ""O"", ""B-MOUNTAIN"", ""O""]","[{""start"": 41, ""end"": 49, ""label"": ""MOUNTAIN"", ""text"": ""Alpamayo""}]",synthetic_positive_single
train-01225,The weather changed quickly as they approached Mauna Kea.,"[""The"", ""weather"", ""changed"", ""quickly"", ""as"", ""they"", ""approached"", ""Mauna"", ""Kea"", "".""]","[""O"", ""O"", ""O"", ""O"", ""O"", ""O"", ""O"", ""B-MOUNTAIN"", ""I-MOUNTAIN"", ""O""]","[{""start"": 47, ""end"": 56, ""label"": ""MOUNTAIN"", ""text"": ""Mauna Kea""}]",synthetic_positive_single
train-01226,The documentary follows expeditions to Vinson Massif and later to Mount Alverstone.,"[""The"", ""documentary"", ""follows"", ""expeditions"", ""to"", ""Vinson"", ""Massif"", ""and"", ""later"", ""to"", ""Mount"", ""Alverstone"", "".""]","[""O"", ""O"", ""O"", ""O"", ""O"", ""B-MOUNTAIN"", ""I-MOUNTAIN"", ""O"", ""O"", ""O"", ""B-MOUNTAIN"", ""I-MOUNTAIN"", ""O""]","[{""start"": 39, ""end"": 52, ""label"": ""MOUNTAIN"", ""text"": ""Vinson Massif""}, {""start"": 66, ""end"": 82, ""label"": ""MOUNTAIN"", ""text"": ""Mount Alverstone""}]",synthetic_positive_multi
train-01227,The photograph shows Manaslu at sunrise.,"[""The"", ""photograph"", ""shows"", ""Manaslu"", ""at"", ""sunrise"", "".""]","[""O"", ""O"", ""O"", ""B-MOUNTAIN"", ""O"", ""O"", ""O""]","[{""start"": 21, ""end"": 28, ""label"": ""MOUNTAIN"", ""text"": ""Manaslu""}]",synthetic_positive_single
train-01228,The climbing club printed the sensor reading at the office.,"[""The"", ""climbing"", ""club"", ""printed"", ""the"", ""sensor"", ""reading"", ""at"", ""the"", ""office"", "".""]","[""O"", ""O"", ""O"", ""O"", ""O"", ""O"", ""O"", ""O"", ""O"", ""O"", ""O""]",[],synthetic_negative
train-01229,Local guides described conditions on Pip Ivan as difficult.,"[""Local"", ""guides"", ""described"", ""conditions"", ""on"", ""Pip"", ""Ivan"", ""as"", ""difficult"", "".""]","[""O"", ""O"", ""O"", ""O"", ""O"", ""B-MOUNTAIN"", ""I-MOUNTAIN"", ""O"", ""O"", ""O""]","[{""start"": 37, ""end"": 45, ""label"": ""MOUNTAIN"", ""text"": ""Pip Ivan""}]",synthetic_positive_single
train-01230,"From the eastern ridge, we watched the sun rise behind Mount Cook.","[""From"", ""the"", ""eastern"", ""ridge"", "","", ""we"", ""watched"", ""the"", ""sun"", ""rise"", ""behind"", ""Mount"", ""Cook"", "".""]","[""O"", ""O"", ""O"", ""O"", ""O"", ""O"", ""O"", ""O"", ""O"", ""O"", ""O"", ""B-MOUNTAIN"", ""I-MOUNTAIN"", ""O""]","[{""start"": 55, ""end"": 65, ""label"": ""MOUNTAIN"", ""text"": ""Mount Cook""}]",synthetic_positive_single
train-01231,"Yesterday, Annapurna was barely visible through the mist.","[""Yesterday"", "","", ""Annapurna"", ""was"", ""barely"", ""visible"", ""through"", ""the"", ""mist"", "".""]","[""O"", ""O"", ""B-MOUNTAIN"", ""O"", ""O"", ""O"", ""O"", ""O"", ""O"", ""O""]","[{""start"": 11, ""end"": 20, ""label"": ""MOUNTAIN"", ""text"": ""Annapurna""}]",synthetic_positive_single
train-01232,"Yesterday, Mount Hicks was barely visible through the mist.","[""Yesterday"", "","", ""Mount"", ""Hicks"", ""was"", ""barely"", ""visible"", ""through"", ""the"", ""mist"", "".""]","[""O"", ""O"", ""B-MOUNTAIN"", ""I-MOUNTAIN"", ""O"", ""O"", ""O"", ""O"", ""O"", ""O"", ""O""]","[{""start"": 11, ""end"": 22, ""label"": ""MOUNTAIN"", ""text"": ""Mount Hicks""}]",synthetic_positive_single
train-01233,"According to the itinerary, Mount Rainier is the main destination.","[""According"", ""to"", ""the"", ""itinerary"", "","", ""Mount"", ""Rainier"", ""is"", ""the"", ""main"", ""destination"", "".""]","[""O"", ""O"", ""O"", ""O"", ""O"", ""B-MOUNTAIN"", ""I-MOUNTAIN"", ""O"", ""O"", ""O"", ""O"", ""O""]","[{""start"": 28, ""end"": 41, ""label"": ""MOUNTAIN"", ""text"": ""Mount Rainier""}]",synthetic_positive_single
train-01234,The team measured snow depth on Mount Erebus.,"[""The"", ""team"", ""measured"", ""snow"", ""depth"", ""on"", ""Mount"", ""Erebus"", "".""]","[""O"", ""O"", ""O"", ""O"", ""O"", ""O"", ""B-MOUNTAIN"", ""I-MOUNTAIN"", ""O""]","[{""start"": 32, ""end"": 44, ""label"": ""MOUNTAIN"", ""text"": ""Mount Erebus""}]",synthetic_positive_single
train-01235,"After weeks of preparation, the group departed for Denali.","[""After"", ""weeks"", ""of"", ""preparation"", "","", ""the"", ""group"", ""departed"", ""for"", ""Denali"", "".""]","[""O"", ""O"", ""O"", ""O"", ""O"", ""O"", ""O"", ""O"", ""O"", ""B-MOUNTAIN"", ""O""]","[{""start"": 51, ""end"": 57, ""label"": ""MOUNTAIN"", ""text"": ""Denali""}]",synthetic_positive_single
train-01236,The local council rejected the product range on Monday.,"[""The"", ""local"", ""council"", ""rejected"", ""the"", ""product"", ""range"", ""on"", ""Monday"", "".""]","[""O"", ""O"", ""O"", ""O"", ""O"", ""O"", ""O"", ""O"", ""O"", ""O""]",[],synthetic_negative
train-01237,"Unlike Mount Foraker, Table Mountain was hidden by clouds.","[""Unlike"", ""Mount"", ""Foraker"", "","", ""Table"", ""Mountain"", ""was"", ""hidden"", ""by"", ""clouds"", "".""]","[""O"", ""B-MOUNTAIN"", ""I-MOUNTAIN"", ""O"", ""B-MOUNTAIN"", ""I-MOUNTAIN"", ""O"", ""O"", ""O"", ""O"", ""O""]","[{""start"": 7, ""end"": 20, ""label"": ""MOUNTAIN"", ""text"": ""Mount Foraker""}, {""start"": 22, ""end"": 36, ""label"": ""MOUNTAIN"", ""text"": ""Table Mountain""}]",synthetic_positive_multi
train-01238,The article compares climbing conditions on Vinson Massif with those on Mount Assiniboine.,"[""The"", ""article"", ""compares"", ""climbing"", ""conditions"", ""on"", ""Vinson"", ""Massif"", ""with"", ""those"", ""on"", ""Mount"", ""Assiniboine"", "".""]","[""O"", ""O"", ""O"", ""O"", ""O"", ""O"", ""B-MOUNTAIN"", ""I-MOUNTAIN"", ""O"", ""O"", ""O"", ""B-MOUNTAIN"", ""I-MOUNTAIN"", ""O""]","[{""start"": 44, ""end"": 57, ""label"": ""MOUNTAIN"", ""text"": ""Vinson Massif""}, {""start"": 72, ""end"": 89, ""label"": ""MOUNTAIN"", ""text"": ""Mount Assiniboine""}]",synthetic_positive_multi
train-01239,"After weeks of preparation, the group departed for Mount Fairweather.","[""After"", ""weeks"", ""of"", ""preparation"", "","", ""the"", ""group"", ""departed"", ""for"", ""Mount"", ""Fairweather"", "".""]","[""O"", ""O"", ""O"", ""O"", ""O"", ""O"", ""O"", ""O"", ""O"", ""B-MOUNTAIN"", ""I-MOUNTAIN"", ""O""]","[{""start"": 51, ""end"": 68, ""label"": ""MOUNTAIN"", ""text"": ""Mount Fairweather""}]",synthetic_positive_single
train-01240,An avalanche warning was issued for the area around Mount Etna.,"[""An"", ""avalanche"", ""warning"", ""was"", ""issued"", ""for"", ""the"", ""area"", ""around"", ""Mount"", ""Etna"", "".""]","[""O"", ""O"", ""O"", ""O"", ""O"", ""O"", ""O"", ""O"", ""O"", ""B-MOUNTAIN"", ""I-MOUNTAIN"", ""O""]","[{""start"": 52, ""end"": 62, ""label"": ""MOUNTAIN"", ""text"": ""Mount Etna""}]",synthetic_positive_single
train-01241,Several routes lead toward the summit of Mount Bromo.,"[""Several"", ""routes"", ""lead"", ""toward"", ""the"", ""summit"", ""of"", ""Mount"", ""Bromo"", "".""]","[""O"", ""O"", ""O"", ""O"", ""O"", ""O"", ""O"", ""B-MOUNTAIN"", ""I-MOUNTAIN"", ""O""]","[{""start"": 41, ""end"": 52, ""label"": ""MOUNTAIN"", ""text"": ""Mount Bromo""}]",synthetic_positive_single
train-01242,Our map marks Mount Meru with a red triangle.,"[""Our"", ""map"", ""marks"", ""Mount"", ""Meru"", ""with"", ""a"", ""red"", ""triangle"", "".""]","[""O"", ""O"", ""O"", ""B-MOUNTAIN"", ""I-MOUNTAIN"", ""O"", ""O"", ""O"", ""O"", ""O""]","[{""start"": 14, ""end"": 24, ""label"": ""MOUNTAIN"", ""text"": ""Mount Meru""}]",synthetic_positive_single
train-01243,A helicopter circled above Mount Agung during the rescue.,"[""A"", ""helicopter"", ""circled"", ""above"", ""Mount"", ""Agung"", ""during"", ""the"", ""rescue"", "".""]","[""O"", ""O"", ""O"", ""O"", ""B-MOUNTAIN"", ""I-MOUNTAIN"", ""O"", ""O"", ""O"", ""O""]","[{""start"": 27, ""end"": 38, ""label"": ""MOUNTAIN"", ""text"": ""Mount Agung""}]",synthetic_positive_single
train-01244,An avalanche warning was issued for the area around Mount Fairweather.,"[""An"", ""avalanche"", ""warning"", ""was"", ""issued"", ""for"", ""the"", ""area"", ""around"", ""Mount"", ""Fairweather"", "".""]","[""O"", ""O"", ""O"", ""O"", ""O"", ""O"", ""O"", ""O"", ""O"", ""B-MOUNTAIN"", ""I-MOUNTAIN"", ""O""]","[{""start"": 52, ""end"": 69, ""label"": ""MOUNTAIN"", ""text"": ""Mount Fairweather""}]",synthetic_positive_single
train-01245,The mapping agency published the valley before lunch.,"[""The"", ""mapping"", ""agency"", ""published"", ""the"", ""valley"", ""before"", ""lunch"", "".""]","[""O"", ""O"", ""O"", ""O"", ""O"", ""O"", ""O"", ""O"", ""O""]",[],synthetic_negative
train-01246,"Yesterday, Manaslu was barely visible through the mist.","[""Yesterday"", "","", ""Manaslu"", ""was"", ""barely"", ""visible"", ""through"", ""the"", ""mist"", "".""]","[""O"", ""O"", ""B-MOUNTAIN"", ""O"", ""O"", ""O"", ""O"", ""O"", ""O"", ""O""]","[{""start"": 11, ""end"": 18, ""label"": ""MOUNTAIN"", ""text"": ""Manaslu""}]",synthetic_positive_single
train-01247,The expedition leader compared the dataset before the deadline.,"[""The"", ""expedition"", ""leader"", ""compared"", ""the"", ""dataset"", ""before"", ""the"", ""deadline"", "".""]","[""O"", ""O"", ""O"", ""O"", ""O"", ""O"", ""O"", ""O"", ""O"", ""O""]",[],synthetic_negative
train-01248,The weather service translated the aircraft before the deadline.,"[""The"", ""weather"", ""service"", ""translated"", ""the"", ""aircraft"", ""before"", ""the"", ""deadline"", "".""]","[""O"", ""O"", ""O"", ""O"", ""O"", ""O"", ""O"", ""O"", ""O"", ""O""]",[],synthetic_negative
train-01249,The film crew approved the sales peak before the deadline.,"[""The"", ""film"", ""crew"", ""approved"", ""the"", ""sales"", ""peak"", ""before"", ""the"", ""deadline"", "".""]","[""O"", ""O"", ""O"", ""O"", ""O"", ""O"", ""O"", ""O"", ""O"", ""O"", ""O""]",[],synthetic_negative
train-01250,"Despite the forecast, the climbers continued toward Fansipan.","[""Despite"", ""the"", ""forecast"", "","", ""the"", ""climbers"", ""continued"", ""toward"", ""Fansipan"", "".""]","[""O"", ""O"", ""O"", ""O"", ""O"", ""O"", ""O"", ""O"", ""B-MOUNTAIN"", ""O""]","[{""start"": 52, ""end"": 60, ""label"": ""MOUNTAIN"", ""text"": ""Fansipan""}]",synthetic_positive_single
train-01251,Our route passes near Mount Damavand before turning toward Mount Vancouver.,"[""Our"", ""route"", ""passes"", ""near"", ""Mount"", ""Damavand"", ""before"", ""turning"", ""toward"", ""Mount"", ""Vancouver"", "".""]","[""O"", ""O"", ""O"", ""O"", ""B-MOUNTAIN"", ""I-MOUNTAIN"", ""O"", ""O"", ""O"", ""B-MOUNTAIN"", ""I-MOUNTAIN"", ""O""]","[{""start"": 22, ""end"": 36, ""label"": ""MOUNTAIN"", ""text"": ""Mount Damavand""}, {""start"": 59, ""end"": 74, ""label"": ""MOUNTAIN"", ""text"": ""Mount Vancouver""}]",synthetic_positive_multi
train-01252,The mapping agency printed the ridge map before lunch.,"[""The"", ""mapping"", ""agency"", ""printed"", ""the"", ""ridge"", ""map"", ""before"", ""lunch"", "".""]","[""O"", ""O"", ""O"", ""O"", ""O"", ""O"", ""O"", ""O"", ""O"", ""O""]",[],synthetic_negative
train-01253,Tourists gathered at a viewpoint facing Petros.,"[""Tourists"", ""gathered"", ""at"", ""a"", ""viewpoint"", ""facing"", ""Petros"", "".""]","[""O"", ""O"", ""O"", ""O"", ""O"", ""O"", ""B-MOUNTAIN"", ""O""]","[{""start"": 40, ""end"": 46, ""label"": ""MOUNTAIN"", ""text"": ""Petros""}]",synthetic_positive_single
train-01254,The local council rejected the dataset at the airport.,"[""The"", ""local"", ""council"", ""rejected"", ""the"", ""dataset"", ""at"", ""the"", ""airport"", "".""]","[""O"", ""O"", ""O"", ""O"", ""O"", ""O"", ""O"", ""O"", ""O"", ""O""]",[],synthetic_negative
train-01255,The documentary follows expeditions to Mount Wilhelm and later to Aconcagua.,"[""The"", ""documentary"", ""follows"", ""expeditions"", ""to"", ""Mount"", ""Wilhelm"", ""and"", ""later"", ""to"", ""Aconcagua"", "".""]","[""O"", ""O"", ""O"", ""O"", ""O"", ""B-MOUNTAIN"", ""I-MOUNTAIN"", ""O"", ""O"", ""O"", ""B-MOUNTAIN"", ""O""]","[{""start"": 39, ""end"": 52, ""label"": ""MOUNTAIN"", ""text"": ""Mount Wilhelm""}, {""start"": 66, ""end"": 75, ""label"": ""MOUNTAIN"", ""text"": ""Aconcagua""}]",synthetic_positive_multi
train-01256,Local guides described conditions on Cerro Torre as difficult.,"[""Local"", ""guides"", ""described"", ""conditions"", ""on"", ""Cerro"", ""Torre"", ""as"", ""difficult"", "".""]","[""O"", ""O"", ""O"", ""O"", ""O"", ""B-MOUNTAIN"", ""I-MOUNTAIN"", ""O"", ""O"", ""O""]","[{""start"": 37, ""end"": 48, ""label"": ""MOUNTAIN"", ""text"": ""Cerro Torre""}]",synthetic_positive_single
train-01257,Weather stations near Annapurna and Huayna Potosi recorded strong winds.,"[""Weather"", ""stations"", ""near"", ""Annapurna"", ""and"", ""Huayna"", ""Potosi"", ""recorded"", ""strong"", ""winds"", "".""]","[""O"", ""O"", ""O"", ""B-MOUNTAIN"", ""O"", ""B-MOUNTAIN"", ""I-MOUNTAIN"", ""O"", ""O"", ""O"", ""O""]","[{""start"": 22, ""end"": 31, ""label"": ""MOUNTAIN"", ""text"": ""Annapurna""}, {""start"": 36, ""end"": 49, ""label"": ""MOUNTAIN"", ""text"": ""Huayna Potosi""}]",synthetic_positive_multi
train-01258,The article compares climbing conditions on Mount Baker with those on Ojos del Salado.,"[""The"", ""article"", ""compares"", ""climbing"", ""conditions"", ""on"", ""Mount"", ""Baker"", ""with"", ""those"", ""on"", ""Ojos"", ""del"", ""Salado"", "".""]","[""O"", ""O"", ""O"", ""O"", ""O"", ""O"", ""B-MOUNTAIN"", ""I-MOUNTAIN"", ""O"", ""O"", ""O"", ""B-MOUNTAIN"", ""I-MOUNTAIN"", ""I-MOUNTAIN"", ""O""]","[{""start"": 44, ""end"": 55, ""label"": ""MOUNTAIN"", ""text"": ""Mount Baker""}, {""start"": 70, ""end"": 85, ""label"": ""MOUNTAIN"", ""text"": ""Ojos del Salado""}]",synthetic_positive_multi
train-01259,The university department translated the algorithm at the airport.,"[""The"", ""university"", ""department"", ""translated"", ""the"", ""algorithm"", ""at"", ""the"", ""airport"", "".""]","[""O"", ""O"", ""O"", ""O"", ""O"", ""O"", ""O"", ""O"", ""O"", ""O""]",[],synthetic_negative
train-01260,The research team discussed the training notebook during the conference.,"[""The"", ""research"", ""team"", ""discussed"", ""the"", ""training"", ""notebook"", ""during"", ""the"", ""conference"", "".""]","[""O"", ""O"", ""O"", ""O"", ""O"", ""O"", ""O"", ""O"", ""O"", ""O"", ""O""]",[],synthetic_negative
train-01261,The weather changed quickly as they approached Mount Bear.,"[""The"", ""weather"", ""changed"", ""quickly"", ""as"", ""they"", ""approached"", ""Mount"", ""Bear"", "".""]","[""O"", ""O"", ""O"", ""O"", ""O"", ""O"", ""O"", ""B-MOUNTAIN"", ""I-MOUNTAIN"", ""O""]","[{""start"": 47, ""end"": 57, ""label"": ""MOUNTAIN"", ""text"": ""Mount Bear""}]",synthetic_positive_single
train-01262,"For safety reasons, access to Mount Sidley was temporarily restricted.","[""For"", ""safety"", ""reasons"", "","", ""access"", ""to"", ""Mount"", ""Sidley"", ""was"", ""temporarily"", ""restricted"", "".""]","[""O"", ""O"", ""O"", ""O"", ""O"", ""O"", ""B-MOUNTAIN"", ""I-MOUNTAIN"", ""O"", ""O"", ""O"", ""O""]","[{""start"": 30, ""end"": 42, ""label"": ""MOUNTAIN"", ""text"": ""Mount Sidley""}]",synthetic_positive_single
train-01263,The travel company archived the valley in the laboratory.,"[""The"", ""travel"", ""company"", ""archived"", ""the"", ""valley"", ""in"", ""the"", ""laboratory"", "".""]","[""O"", ""O"", ""O"", ""O"", ""O"", ""O"", ""O"", ""O"", ""O"", ""O""]",[],synthetic_negative
train-01264,"Unlike Jungfrau, Illimani was hidden by clouds.","[""Unlike"", ""Jungfrau"", "","", ""Illimani"", ""was"", ""hidden"", ""by"", ""clouds"", "".""]","[""O"", ""B-MOUNTAIN"", ""O"", ""B-MOUNTAIN"", ""O"", ""O"", ""O"", ""O"", ""O""]","[{""start"": 7, ""end"": 15, ""label"": ""MOUNTAIN"", ""text"": ""Jungfrau""}, {""start"": 17, ""end"": 25, ""label"": ""MOUNTAIN"", ""text"": ""Illimani""}]",synthetic_positive_multi
train-01265,Images of Mount Fuji were placed beside photographs of Table Mountain.,"[""Images"", ""of"", ""Mount"", ""Fuji"", ""were"", ""placed"", ""beside"", ""photographs"", ""of"", ""Table"", ""Mountain"", "".""]","[""O"", ""O"", ""B-MOUNTAIN"", ""I-MOUNTAIN"", ""O"", ""O"", ""O"", ""O"", ""O"", ""B-MOUNTAIN"", ""I-MOUNTAIN"", ""O""]","[{""start"": 10, ""end"": 20, ""label"": ""MOUNTAIN"", ""text"": ""Mount Fuji""}, {""start"": 55, ""end"": 69, ""label"": ""MOUNTAIN"", ""text"": ""Table Mountain""}]",synthetic_positive_multi
train-01266,"During the spring survey, scientists visited Mount Wilhelm.","[""During"", ""the"", ""spring"", ""survey"", "","", ""scientists"", ""visited"", ""Mount"", ""Wilhelm"", "".""]","[""O"", ""O"", ""O"", ""O"", ""O"", ""O"", ""O"", ""B-MOUNTAIN"", ""I-MOUNTAIN"", ""O""]","[{""start"": 45, ""end"": 58, ""label"": ""MOUNTAIN"", ""text"": ""Mount Wilhelm""}]",synthetic_positive_single
train-01267,The photograph shows Mount Sanford at sunrise.,"[""The"", ""photograph"", ""shows"", ""Mount"", ""Sanford"", ""at"", ""sunrise"", "".""]","[""O"", ""O"", ""O"", ""B-MOUNTAIN"", ""I-MOUNTAIN"", ""O"", ""O"", ""O""]","[{""start"": 21, ""end"": 34, ""label"": ""MOUNTAIN"", ""text"": ""Mount Sanford""}]",synthetic_positive_single
train-01268,The travel company compared the ridge map at the airport.,"[""The"", ""travel"", ""company"", ""compared"", ""the"", ""ridge"", ""map"", ""at"", ""the"", ""airport"", "".""]","[""O"", ""O"", ""O"", ""O"", ""O"", ""O"", ""O"", ""O"", ""O"", ""O"", ""O""]",[],synthetic_negative
train-01269,The rescue team returned safely from Matterhorn.,"[""The"", ""rescue"", ""team"", ""returned"", ""safely"", ""from"", ""Matterhorn"", "".""]","[""O"", ""O"", ""O"", ""O"", ""O"", ""O"", ""B-MOUNTAIN"", ""O""]","[{""start"": 37, ""end"": 47, ""label"": ""MOUNTAIN"", ""text"": ""Matterhorn""}]",synthetic_positive_single
train-01270,The weather changed quickly as they approached Muztagh Ata.,"[""The"", ""weather"", ""changed"", ""quickly"", ""as"", ""they"", ""approached"", ""Muztagh"", ""Ata"", "".""]","[""O"", ""O"", ""O"", ""O"", ""O"", ""O"", ""O"", ""B-MOUNTAIN"", ""I-MOUNTAIN"", ""O""]","[{""start"": 47, ""end"": 58, ""label"": ""MOUNTAIN"", ""text"": ""Muztagh Ata""}]",synthetic_positive_single
train-01271,Local guides described conditions on Vinson Massif as difficult.,"[""Local"", ""guides"", ""described"", ""conditions"", ""on"", ""Vinson"", ""Massif"", ""as"", ""difficult"", "".""]","[""O"", ""O"", ""O"", ""O"", ""O"", ""B-MOUNTAIN"", ""I-MOUNTAIN"", ""O"", ""O"", ""O""]","[{""start"": 37, ""end"": 50, ""label"": ""MOUNTAIN"", ""text"": ""Vinson Massif""}]",synthetic_positive_single
train-01272,The tourist group compared the training notebook at the office.,"[""The"", ""tourist"", ""group"", ""compared"", ""the"", ""training"", ""notebook"", ""at"", ""the"", ""office"", "".""]","[""O"", ""O"", ""O"", ""O"", ""O"", ""O"", ""O"", ""O"", ""O"", ""O"", ""O""]",[],synthetic_negative
train-01273,The film crew compared the sales peak during the conference.,"[""The"", ""film"", ""crew"", ""compared"", ""the"", ""sales"", ""peak"", ""during"", ""the"", ""conference"", "".""]","[""O"", ""O"", ""O"", ""O"", ""O"", ""O"", ""O"", ""O"", ""O"", ""O"", ""O""]",[],synthetic_negative
train-01274,The guide warned us not to underestimate K2.,"[""The"", ""guide"", ""warned"", ""us"", ""not"", ""to"", ""underestimate"", ""K2"", "".""]","[""O"", ""O"", ""O"", ""O"", ""O"", ""O"", ""O"", ""B-MOUNTAIN"", ""O""]","[{""start"": 41, ""end"": 43, ""label"": ""MOUNTAIN"", ""text"": ""K2""}]",synthetic_positive_single
train-01275,Snow remained on the upper slopes of Brebeneskul.,"[""Snow"", ""remained"", ""on"", ""the"", ""upper"", ""slopes"", ""of"", ""Brebeneskul"", "".""]","[""O"", ""O"", ""O"", ""O"", ""O"", ""O"", ""O"", ""B-MOUNTAIN"", ""O""]","[{""start"": 37, ""end"": 48, ""label"": ""MOUNTAIN"", ""text"": ""Brebeneskul""}]",synthetic_positive_single
train-01276,"By late afternoon, shadows had covered the slopes of Illimani.","[""By"", ""late"", ""afternoon"", "","", ""shadows"", ""had"", ""covered"", ""the"", ""slopes"", ""of"", ""Illimani"", "".""]","[""O"", ""O"", ""O"", ""O"", ""O"", ""O"", ""O"", ""O"", ""O"", ""O"", ""B-MOUNTAIN"", ""O""]","[{""start"": 53, ""end"": 61, ""label"": ""MOUNTAIN"", ""text"": ""Illimani""}]",synthetic_positive_single
train-01277,"After weeks of preparation, the group departed for Monte Rosa.","[""After"", ""weeks"", ""of"", ""preparation"", "","", ""the"", ""group"", ""departed"", ""for"", ""Monte"", ""Rosa"", "".""]","[""O"", ""O"", ""O"", ""O"", ""O"", ""O"", ""O"", ""O"", ""O"", ""B-MOUNTAIN"", ""I-MOUNTAIN"", ""O""]","[{""start"": 51, ""end"": 61, ""label"": ""MOUNTAIN"", ""text"": ""Monte Rosa""}]",synthetic_positive_single
train-01278,The local council rejected the route on Monday.,"[""The"", ""local"", ""council"", ""rejected"", ""the"", ""route"", ""on"", ""Monday"", "".""]","[""O"", ""O"", ""O"", ""O"", ""O"", ""O"", ""O"", ""O"", ""O""]",[],synthetic_negative
train-01279,The expedition leader reviewed the algorithm at the airport.,"[""The"", ""expedition"", ""leader"", ""reviewed"", ""the"", ""algorithm"", ""at"", ""the"", ""airport"", "".""]","[""O"", ""O"", ""O"", ""O"", ""O"", ""O"", ""O"", ""O"", ""O"", ""O""]",[],synthetic_negative
train-01280,"After weeks of preparation, the group departed for Mount Damavand.","[""After"", ""weeks"", ""of"", ""preparation"", "","", ""the"", ""group"", ""departed"", ""for"", ""Mount"", ""Damavand"", "".""]","[""O"", ""O"", ""O"", ""O"", ""O"", ""O"", ""O"", ""O"", ""O"", ""B-MOUNTAIN"", ""I-MOUNTAIN"", ""O""]","[{""start"": 51, ""end"": 65, ""label"": ""MOUNTAIN"", ""text"": ""Mount Damavand""}]",synthetic_positive_single
train-01281,Heavy clouds covered Pikes Peak throughout the morning.,"[""Heavy"", ""clouds"", ""covered"", ""Pikes"", ""Peak"", ""throughout"", ""the"", ""morning"", "".""]","[""O"", ""O"", ""O"", ""B-MOUNTAIN"", ""I-MOUNTAIN"", ""O"", ""O"", ""O"", ""O""]","[{""start"": 21, ""end"": 31, ""label"": ""MOUNTAIN"", ""text"": ""Pikes Peak""}]",synthetic_positive_single
train-01282,Have you ever seen Mount Lucania in winter?,"[""Have"", ""you"", ""ever"", ""seen"", ""Mount"", ""Lucania"", ""in"", ""winter"", ""?""]","[""O"", ""O"", ""O"", ""O"", ""B-MOUNTAIN"", ""I-MOUNTAIN"", ""O"", ""O"", ""O""]","[{""start"": 19, ""end"": 32, ""label"": ""MOUNTAIN"", ""text"": ""Mount Lucania""}]",synthetic_positive_single
train-01283,She hopes to climb Cotopaxi next year.,"[""She"", ""hopes"", ""to"", ""climb"", ""Cotopaxi"", ""next"", ""year"", "".""]","[""O"", ""O"", ""O"", ""O"", ""B-MOUNTAIN"", ""O"", ""O"", ""O""]","[{""start"": 19, ""end"": 27, ""label"": ""MOUNTAIN"", ""text"": ""Cotopaxi""}]",synthetic_positive_single
train-01284,"She has photographed Mauna Loa, Mount Nyiragongo, and several nearby peaks.","[""She"", ""has"", ""photographed"", ""Mauna"", ""Loa"", "","", ""Mount"", ""Nyiragongo"", "","", ""and"", ""several"", ""nearby"", ""peaks"", "".""]","[""O"", ""O"", ""O"", ""B-MOUNTAIN"", ""I-MOUNTAIN"", ""O"", ""B-MOUNTAIN"", ""I-MOUNTAIN"", ""O"", ""O"", ""O"", ""O"", ""O"", ""O""]","[{""start"": 21, ""end"": 30, ""label"": ""MOUNTAIN"", ""text"": ""Mauna Loa""}, {""start"": 32, ""end"": 48, ""label"": ""MOUNTAIN"", ""text"": ""Mount Nyiragongo""}]",synthetic_positive_multi
train-01285,The northern face of Matterhorn looked almost vertical.,"[""The"", ""northern"", ""face"", ""of"", ""Matterhorn"", ""looked"", ""almost"", ""vertical"", "".""]","[""O"", ""O"", ""O"", ""O"", ""B-MOUNTAIN"", ""O"", ""O"", ""O"", ""O""]","[{""start"": 21, ""end"": 31, ""label"": ""MOUNTAIN"", ""text"": ""Matterhorn""}]",synthetic_positive_single
train-01286,Cho Oyu and Mount Silverthrone were both visible from the aircraft.,"[""Cho"", ""Oyu"", ""and"", ""Mount"", ""Silverthrone"", ""were"", ""both"", ""visible"", ""from"", ""the"", ""aircraft"", "".""]","[""B-MOUNTAIN"", ""I-MOUNTAIN"", ""O"", ""B-MOUNTAIN"", ""I-MOUNTAIN"", ""O"", ""O"", ""O"", ""O"", ""O"", ""O"", ""O""]","[{""start"": 0, ""end"": 7, ""label"": ""MOUNTAIN"", ""text"": ""Cho Oyu""}, {""start"": 12, ""end"": 30, ""label"": ""MOUNTAIN"", ""text"": ""Mount Silverthrone""}]",synthetic_positive_multi
train-01287,The guide warned us not to underestimate Mount Adams.,"[""The"", ""guide"", ""warned"", ""us"", ""not"", ""to"", ""underestimate"", ""Mount"", ""Adams"", "".""]","[""O"", ""O"", ""O"", ""O"", ""O"", ""O"", ""O"", ""B-MOUNTAIN"", ""I-MOUNTAIN"", ""O""]","[{""start"": 41, ""end"": 52, ""label"": ""MOUNTAIN"", ""text"": ""Mount Adams""}]",synthetic_positive_single
train-01288,Photos of Mount Semeru were displayed in the museum.,"[""Photos"", ""of"", ""Mount"", ""Semeru"", ""were"", ""displayed"", ""in"", ""the"", ""museum"", "".""]","[""O"", ""O"", ""B-MOUNTAIN"", ""I-MOUNTAIN"", ""O"", ""O"", ""O"", ""O"", ""O"", ""O""]","[{""start"": 10, ""end"": 22, ""label"": ""MOUNTAIN"", ""text"": ""Mount Semeru""}]",synthetic_positive_single
train-01289,The weather changed quickly as they approached Mount Rinjani.,"[""The"", ""weather"", ""changed"", ""quickly"", ""as"", ""they"", ""approached"", ""Mount"", ""Rinjani"", "".""]","[""O"", ""O"", ""O"", ""O"", ""O"", ""O"", ""O"", ""B-MOUNTAIN"", ""I-MOUNTAIN"", ""O""]","[{""start"": 47, ""end"": 60, ""label"": ""MOUNTAIN"", ""text"": ""Mount Rinjani""}]",synthetic_positive_single
train-01290,The documentary follows expeditions to Mount Silverthrone and later to Mount Fuji.,"[""The"", ""documentary"", ""follows"", ""expeditions"", ""to"", ""Mount"", ""Silverthrone"", ""and"", ""later"", ""to"", ""Mount"", ""Fuji"", "".""]","[""O"", ""O"", ""O"", ""O"", ""O"", ""B-MOUNTAIN"", ""I-MOUNTAIN"", ""O"", ""O"", ""O"", ""B-MOUNTAIN"", ""I-MOUNTAIN"", ""O""]","[{""start"": 39, ""end"": 57, ""label"": ""MOUNTAIN"", ""text"": ""Mount Silverthrone""}, {""start"": 71, ""end"": 81, ""label"": ""MOUNTAIN"", ""text"": ""Mount Fuji""}]",synthetic_positive_multi
train-01291,The climbers postponed their attempt on Mount Silverthrone.,"[""The"", ""climbers"", ""postponed"", ""their"", ""attempt"", ""on"", ""Mount"", ""Silverthrone"", "".""]","[""O"", ""O"", ""O"", ""O"", ""O"", ""O"", ""B-MOUNTAIN"", ""I-MOUNTAIN"", ""O""]","[{""start"": 40, ""end"": 58, ""label"": ""MOUNTAIN"", ""text"": ""Mount Silverthrone""}]",synthetic_positive_single
train-01292,Several routes lead toward the summit of Mount Augusta.,"[""Several"", ""routes"", ""lead"", ""toward"", ""the"", ""summit"", ""of"", ""Mount"", ""Augusta"", "".""]","[""O"", ""O"", ""O"", ""O"", ""O"", ""O"", ""O"", ""B-MOUNTAIN"", ""I-MOUNTAIN"", ""O""]","[{""start"": 41, ""end"": 54, ""label"": ""MOUNTAIN"", ""text"": ""Mount Augusta""}]",synthetic_positive_single
train-01293,The university department reviewed the satellite image after the presentation.,"[""The"", ""university"", ""department"", ""reviewed"", ""the"", ""satellite"", ""image"", ""after"", ""the"", ""presentation"", "".""]","[""O"", ""O"", ""O"", ""O"", ""O"", ""O"", ""O"", ""O"", ""O"", ""O"", ""O""]",[],synthetic_negative
train-01294,Expeditions to Mount Lucania and Ras Dashen were delayed by bad weather.,"[""Expeditions"", ""to"", ""Mount"", ""Lucania"", ""and"", ""Ras"", ""Dashen"", ""were"", ""delayed"", ""by"", ""bad"", ""weather"", "".""]","[""O"", ""O"", ""B-MOUNTAIN"", ""I-MOUNTAIN"", ""O"", ""B-MOUNTAIN"", ""I-MOUNTAIN"", ""O"", ""O"", ""O"", ""O"", ""O"", ""O""]","[{""start"": 15, ""end"": 28, ""label"": ""MOUNTAIN"", ""text"": ""Mount Lucania""}, {""start"": 33, ""end"": 43, ""label"": ""MOUNTAIN"", ""text"": ""Ras Dashen""}]",synthetic_positive_multi
train-01295,The team discussed whether to attempt Mount Tasman or Mount Aso.,"[""The"", ""team"", ""discussed"", ""whether"", ""to"", ""attempt"", ""Mount"", ""Tasman"", ""or"", ""Mount"", ""Aso"", "".""]","[""O"", ""O"", ""O"", ""O"", ""O"", ""O"", ""B-MOUNTAIN"", ""I-MOUNTAIN"", ""O"", ""B-MOUNTAIN"", ""I-MOUNTAIN"", ""O""]","[{""start"": 38, ""end"": 50, ""label"": ""MOUNTAIN"", ""text"": ""Mount Tasman""}, {""start"": 54, ""end"": 63, ""label"": ""MOUNTAIN"", ""text"": ""Mount Aso""}]",synthetic_positive_multi
train-01296,The film crew translated the satellite image before lunch.,"[""The"", ""film"", ""crew"", ""translated"", ""the"", ""satellite"", ""image"", ""before"", ""lunch"", "".""]","[""O"", ""O"", ""O"", ""O"", ""O"", ""O"", ""O"", ""O"", ""O"", ""O""]",[],synthetic_negative
train-01297,A small village lies below Jebel Toubkal.,"[""A"", ""small"", ""village"", ""lies"", ""below"", ""Jebel"", ""Toubkal"", "".""]","[""O"", ""O"", ""O"", ""O"", ""O"", ""B-MOUNTAIN"", ""I-MOUNTAIN"", ""O""]","[{""start"": 27, ""end"": 40, ""label"": ""MOUNTAIN"", ""text"": ""Jebel Toubkal""}]",synthetic_positive_single
train-01298,The photograph shows Mount Bona at sunrise.,"[""The"", ""photograph"", ""shows"", ""Mount"", ""Bona"", ""at"", ""sunrise"", "".""]","[""O"", ""O"", ""O"", ""B-MOUNTAIN"", ""I-MOUNTAIN"", ""O"", ""O"", ""O""]","[{""start"": 21, ""end"": 31, ""label"": ""MOUNTAIN"", ""text"": ""Mount Bona""}]",synthetic_positive_single
train-01299,"By late afternoon, shadows had covered the slopes of Mount Olympus.","[""By"", ""late"", ""afternoon"", "","", ""shadows"", ""had"", ""covered"", ""the"", ""slopes"", ""of"", ""Mount"", ""Olympus"", "".""]","[""O"", ""O"", ""O"", ""O"", ""O"", ""O"", ""O"", ""O"", ""O"", ""O"", ""B-MOUNTAIN"", ""I-MOUNTAIN"", ""O""]","[{""start"": 53, ""end"": 66, ""label"": ""MOUNTAIN"", ""text"": ""Mount Olympus""}]",synthetic_positive_single
train-01300,The weather changed quickly as they approached Mount Rainier.,"[""The"", ""weather"", ""changed"", ""quickly"", ""as"", ""they"", ""approached"", ""Mount"", ""Rainier"", "".""]","[""O"", ""O"", ""O"", ""O"", ""O"", ""O"", ""O"", ""B-MOUNTAIN"", ""I-MOUNTAIN"", ""O""]","[{""start"": 47, ""end"": 60, ""label"": ""MOUNTAIN"", ""text"": ""Mount Rainier""}]",synthetic_positive_single
train-01301,They began their ascent of Mount Ararat at dawn.,"[""They"", ""began"", ""their"", ""ascent"", ""of"", ""Mount"", ""Ararat"", ""at"", ""dawn"", "".""]","[""O"", ""O"", ""O"", ""O"", ""O"", ""B-MOUNTAIN"", ""I-MOUNTAIN"", ""O"", ""O"", ""O""]","[{""start"": 27, ""end"": 39, ""label"": ""MOUNTAIN"", ""text"": ""Mount Ararat""}]",synthetic_positive_single
train-01302,"From the eastern ridge, we watched the sun rise behind Mount Washington.","[""From"", ""the"", ""eastern"", ""ridge"", "","", ""we"", ""watched"", ""the"", ""sun"", ""rise"", ""behind"", ""Mount"", ""Washington"", "".""]","[""O"", ""O"", ""O"", ""O"", ""O"", ""O"", ""O"", ""O"", ""O"", ""O"", ""O"", ""B-MOUNTAIN"", ""I-MOUNTAIN"", ""O""]","[{""start"": 55, ""end"": 71, ""label"": ""MOUNTAIN"", ""text"": ""Mount Washington""}]",synthetic_positive_single
train-01303,The climbing club checked the schedule at the airport.,"[""The"", ""climbing"", ""club"", ""checked"", ""the"", ""schedule"", ""at"", ""the"", ""airport"", "".""]","[""O"", ""O"", ""O"", ""O"", ""O"", ""O"", ""O"", ""O"", ""O"", ""O""]",[],synthetic_negative
train-01304,Researchers installed weather sensors on Mount Murchison.,"[""Researchers"", ""installed"", ""weather"", ""sensors"", ""on"", ""Mount"", ""Murchison"", "".""]","[""O"", ""O"", ""O"", ""O"", ""O"", ""B-MOUNTAIN"", ""I-MOUNTAIN"", ""O""]","[{""start"": 41, ""end"": 56, ""label"": ""MOUNTAIN"", ""text"": ""Mount Murchison""}]",synthetic_positive_single
train-01305,The glacier on Brebeneskul has retreated in recent decades.,"[""The"", ""glacier"", ""on"", ""Brebeneskul"", ""has"", ""retreated"", ""in"", ""recent"", ""decades"", "".""]","[""O"", ""O"", ""O"", ""B-MOUNTAIN"", ""O"", ""O"", ""O"", ""O"", ""O"", ""O""]","[{""start"": 15, ""end"": 26, ""label"": ""MOUNTAIN"", ""text"": ""Brebeneskul""}]",synthetic_positive_single
train-01306,The weather changed quickly as they approached Mount Ngauruhoe.,"[""The"", ""weather"", ""changed"", ""quickly"", ""as"", ""they"", ""approached"", ""Mount"", ""Ngauruhoe"", "".""]","[""O"", ""O"", ""O"", ""O"", ""O"", ""O"", ""O"", ""B-MOUNTAIN"", ""I-MOUNTAIN"", ""O""]","[{""start"": 47, ""end"": 62, ""label"": ""MOUNTAIN"", ""text"": ""Mount Ngauruhoe""}]",synthetic_positive_single
train-01307,The climbing club printed the research report during the meeting.,"[""The"", ""climbing"", ""club"", ""printed"", ""the"", ""research"", ""report"", ""during"", ""the"", ""meeting"", "".""]","[""O"", ""O"", ""O"", ""O"", ""O"", ""O"", ""O"", ""O"", ""O"", ""O"", ""O""]",[],synthetic_negative
train-01308,Photos of Mount Nyiragongo were displayed in the museum.,"[""Photos"", ""of"", ""Mount"", ""Nyiragongo"", ""were"", ""displayed"", ""in"", ""the"", ""museum"", "".""]","[""O"", ""O"", ""B-MOUNTAIN"", ""I-MOUNTAIN"", ""O"", ""O"", ""O"", ""O"", ""O"", ""O""]","[{""start"": 10, ""end"": 26, ""label"": ""MOUNTAIN"", ""text"": ""Mount Nyiragongo""}]",synthetic_positive_single
train-01309,The travel company discussed the hotel booking at the office.,"[""The"", ""travel"", ""company"", ""discussed"", ""the"", ""hotel"", ""booking"", ""at"", ""the"", ""office"", "".""]","[""O"", ""O"", ""O"", ""O"", ""O"", ""O"", ""O"", ""O"", ""O"", ""O"", ""O""]",[],synthetic_negative
train-01310,The expedition leader shared the weather forecast at the airport.,"[""The"", ""expedition"", ""leader"", ""shared"", ""the"", ""weather"", ""forecast"", ""at"", ""the"", ""airport"", "".""]","[""O"", ""O"", ""O"", ""O"", ""O"", ""O"", ""O"", ""O"", ""O"", ""O"", ""O""]",[],synthetic_negative
train-01311,The documentary follows expeditions to Mount Sidley and later to Jungfrau.,"[""The"", ""documentary"", ""follows"", ""expeditions"", ""to"", ""Mount"", ""Sidley"", ""and"", ""later"", ""to"", ""Jungfrau"", "".""]","[""O"", ""O"", ""O"", ""O"", ""O"", ""B-MOUNTAIN"", ""I-MOUNTAIN"", ""O"", ""O"", ""O"", ""B-MOUNTAIN"", ""O""]","[{""start"": 39, ""end"": 51, ""label"": ""MOUNTAIN"", ""text"": ""Mount Sidley""}, {""start"": 65, ""end"": 73, ""label"": ""MOUNTAIN"", ""text"": ""Jungfrau""}]",synthetic_positive_multi
train-01312,Researchers installed weather sensors on Lhotse.,"[""Researchers"", ""installed"", ""weather"", ""sensors"", ""on"", ""Lhotse"", "".""]","[""O"", ""O"", ""O"", ""O"", ""O"", ""B-MOUNTAIN"", ""O""]","[{""start"": 41, ""end"": 47, ""label"": ""MOUNTAIN"", ""text"": ""Lhotse""}]",synthetic_positive_single
train-01313,Local guides described conditions on Mount Churchill as difficult.,"[""Local"", ""guides"", ""described"", ""conditions"", ""on"", ""Mount"", ""Churchill"", ""as"", ""difficult"", "".""]","[""O"", ""O"", ""O"", ""O"", ""O"", ""B-MOUNTAIN"", ""I-MOUNTAIN"", ""O"", ""O"", ""O""]","[{""start"": 37, ""end"": 52, ""label"": ""MOUNTAIN"", ""text"": ""Mount Churchill""}]",synthetic_positive_single
train-01314,The base camp below Mount Agung was moved to safer ground.,"[""The"", ""base"", ""camp"", ""below"", ""Mount"", ""Agung"", ""was"", ""moved"", ""to"", ""safer"", ""ground"", "".""]","[""O"", ""O"", ""O"", ""O"", ""B-MOUNTAIN"", ""I-MOUNTAIN"", ""O"", ""O"", ""O"", ""O"", ""O"", ""O""]","[{""start"": 20, ""end"": 31, ""label"": ""MOUNTAIN"", ""text"": ""Mount Agung""}]",synthetic_positive_single
train-01315,The mapping agency updated the budget in the final report.,"[""The"", ""mapping"", ""agency"", ""updated"", ""the"", ""budget"", ""in"", ""the"", ""final"", ""report"", "".""]","[""O"", ""O"", ""O"", ""O"", ""O"", ""O"", ""O"", ""O"", ""O"", ""O"", ""O""]",[],synthetic_negative
train-01316,The climbers postponed their attempt on Mount Baker.,"[""The"", ""climbers"", ""postponed"", ""their"", ""attempt"", ""on"", ""Mount"", ""Baker"", "".""]","[""O"", ""O"", ""O"", ""O"", ""O"", ""O"", ""B-MOUNTAIN"", ""I-MOUNTAIN"", ""O""]","[{""start"": 40, ""end"": 51, ""label"": ""MOUNTAIN"", ""text"": ""Mount Baker""}]",synthetic_positive_single
train-01317,The travel company checked the sensor reading before lunch.,"[""The"", ""travel"", ""company"", ""checked"", ""the"", ""sensor"", ""reading"", ""before"", ""lunch"", "".""]","[""O"", ""O"", ""O"", ""O"", ""O"", ""O"", ""O"", ""O"", ""O"", ""O""]",[],synthetic_negative
train-01318,The tourist group compared the hotel booking in the final report.,"[""The"", ""tourist"", ""group"", ""compared"", ""the"", ""hotel"", ""booking"", ""in"", ""the"", ""final"", ""report"", "".""]","[""O"", ""O"", ""O"", ""O"", ""O"", ""O"", ""O"", ""O"", ""O"", ""O"", ""O"", ""O""]",[],synthetic_negative
train-01319,"After weeks of preparation, the group departed for Mount Baker.","[""After"", ""weeks"", ""of"", ""preparation"", "","", ""the"", ""group"", ""departed"", ""for"", ""Mount"", ""Baker"", "".""]","[""O"", ""O"", ""O"", ""O"", ""O"", ""O"", ""O"", ""O"", ""O"", ""B-MOUNTAIN"", ""I-MOUNTAIN"", ""O""]","[{""start"": 51, ""end"": 62, ""label"": ""MOUNTAIN"", ""text"": ""Mount Baker""}]",synthetic_positive_single
train-01320,We could clearly see Mount Damavand from the valley.,"[""We"", ""could"", ""clearly"", ""see"", ""Mount"", ""Damavand"", ""from"", ""the"", ""valley"", "".""]","[""O"", ""O"", ""O"", ""O"", ""B-MOUNTAIN"", ""I-MOUNTAIN"", ""O"", ""O"", ""O"", ""O""]","[{""start"": 21, ""end"": 35, ""label"": ""MOUNTAIN"", ""text"": ""Mount Damavand""}]",synthetic_positive_single
train-01321,The expedition reached the summit of Mount Hicks before noon.,"[""The"", ""expedition"", ""reached"", ""the"", ""summit"", ""of"", ""Mount"", ""Hicks"", ""before"", ""noon"", "".""]","[""O"", ""O"", ""O"", ""O"", ""O"", ""O"", ""B-MOUNTAIN"", ""I-MOUNTAIN"", ""O"", ""O"", ""O""]","[{""start"": 37, ""end"": 48, ""label"": ""MOUNTAIN"", ""text"": ""Mount Hicks""}]",synthetic_positive_single
train-01322,Our route passes near Mount Bear before turning toward Manaslu.,"[""Our"", ""route"", ""passes"", ""near"", ""Mount"", ""Bear"", ""before"", ""turning"", ""toward"", ""Manaslu"", "".""]","[""O"", ""O"", ""O"", ""O"", ""B-MOUNTAIN"", ""I-MOUNTAIN"", ""O"", ""O"", ""O"", ""B-MOUNTAIN"", ""O""]","[{""start"": 22, ""end"": 32, ""label"": ""MOUNTAIN"", ""text"": ""Mount Bear""}, {""start"": 55, ""end"": 62, ""label"": ""MOUNTAIN"", ""text"": ""Manaslu""}]",synthetic_positive_multi
train-01323,The climbing club rejected the training notebook at the office.,"[""The"", ""climbing"", ""club"", ""rejected"", ""the"", ""training"", ""notebook"", ""at"", ""the"", ""office"", "".""]","[""O"", ""O"", ""O"", ""O"", ""O"", ""O"", ""O"", ""O"", ""O"", ""O"", ""O""]",[],synthetic_negative
train-01324,The article compares climbing conditions on Mount Kenya with those on Mount Silverthrone.,"[""The"", ""article"", ""compares"", ""climbing"", ""conditions"", ""on"", ""Mount"", ""Kenya"", ""with"", ""those"", ""on"", ""Mount"", ""Silverthrone"", "".""]","[""O"", ""O"", ""O"", ""O"", ""O"", ""O"", ""B-MOUNTAIN"", ""I-MOUNTAIN"", ""O"", ""O"", ""O"", ""B-MOUNTAIN"", ""I-MOUNTAIN"", ""O""]","[{""start"": 44, ""end"": 55, ""label"": ""MOUNTAIN"", ""text"": ""Mount Kenya""}, {""start"": 70, ""end"": 88, ""label"": ""MOUNTAIN"", ""text"": ""Mount Silverthrone""}]",synthetic_positive_multi
train-01325,The weather changed quickly as they approached Mount Jefferson.,"[""The"", ""weather"", ""changed"", ""quickly"", ""as"", ""they"", ""approached"", ""Mount"", ""Jefferson"", "".""]","[""O"", ""O"", ""O"", ""O"", ""O"", ""O"", ""O"", ""B-MOUNTAIN"", ""I-MOUNTAIN"", ""O""]","[{""start"": 47, ""end"": 62, ""label"": ""MOUNTAIN"", ""text"": ""Mount Jefferson""}]",synthetic_positive_single
train-01326,Our map marks Mount Columbia with a red triangle.,"[""Our"", ""map"", ""marks"", ""Mount"", ""Columbia"", ""with"", ""a"", ""red"", ""triangle"", "".""]","[""O"", ""O"", ""O"", ""B-MOUNTAIN"", ""I-MOUNTAIN"", ""O"", ""O"", ""O"", ""O"", ""O""]","[{""start"": 14, ""end"": 28, ""label"": ""MOUNTAIN"", ""text"": ""Mount Columbia""}]",synthetic_positive_single
train-01327,The museum curator approved the glacier report after the presentation.,"[""The"", ""museum"", ""curator"", ""approved"", ""the"", ""glacier"", ""report"", ""after"", ""the"", ""presentation"", "".""]","[""O"", ""O"", ""O"", ""O"", ""O"", ""O"", ""O"", ""O"", ""O"", ""O"", ""O""]",[],synthetic_negative
train-01328,The film crew shared the training notebook during the meeting.,"[""The"", ""film"", ""crew"", ""shared"", ""the"", ""training"", ""notebook"", ""during"", ""the"", ""meeting"", "".""]","[""O"", ""O"", ""O"", ""O"", ""O"", ""O"", ""O"", ""O"", ""O"", ""O"", ""O""]",[],synthetic_negative
train-01329,A new trail provides access to Mount Assiniboine.,"[""A"", ""new"", ""trail"", ""provides"", ""access"", ""to"", ""Mount"", ""Assiniboine"", "".""]","[""O"", ""O"", ""O"", ""O"", ""O"", ""O"", ""B-MOUNTAIN"", ""I-MOUNTAIN"", ""O""]","[{""start"": 31, ""end"": 48, ""label"": ""MOUNTAIN"", ""text"": ""Mount Assiniboine""}]",synthetic_positive_single
train-01330,"By late afternoon, shadows had covered the slopes of Pip Ivan.","[""By"", ""late"", ""afternoon"", "","", ""shadows"", ""had"", ""covered"", ""the"", ""slopes"", ""of"", ""Pip"", ""Ivan"", "".""]","[""O"", ""O"", ""O"", ""O"", ""O"", ""O"", ""O"", ""O"", ""O"", ""O"", ""B-MOUNTAIN"", ""I-MOUNTAIN"", ""O""]","[{""start"": 53, ""end"": 61, ""label"": ""MOUNTAIN"", ""text"": ""Pip Ivan""}]",synthetic_positive_single
train-01331,He plans to study glaciers on Mount Meru and Mount Baker.,"[""He"", ""plans"", ""to"", ""study"", ""glaciers"", ""on"", ""Mount"", ""Meru"", ""and"", ""Mount"", ""Baker"", "".""]","[""O"", ""O"", ""O"", ""O"", ""O"", ""O"", ""B-MOUNTAIN"", ""I-MOUNTAIN"", ""O"", ""B-MOUNTAIN"", ""I-MOUNTAIN"", ""O""]","[{""start"": 30, ""end"": 40, ""label"": ""MOUNTAIN"", ""text"": ""Mount Meru""}, {""start"": 45, ""end"": 56, ""label"": ""MOUNTAIN"", ""text"": ""Mount Baker""}]",synthetic_positive_multi
train-01332,The rescue unit archived the algorithm after the presentation.,"[""The"", ""rescue"", ""unit"", ""archived"", ""the"", ""algorithm"", ""after"", ""the"", ""presentation"", "".""]","[""O"", ""O"", ""O"", ""O"", ""O"", ""O"", ""O"", ""O"", ""O"", ""O""]",[],synthetic_negative
train-01333,The travel company shared the sales peak during the meeting.,"[""The"", ""travel"", ""company"", ""shared"", ""the"", ""sales"", ""peak"", ""during"", ""the"", ""meeting"", "".""]","[""O"", ""O"", ""O"", ""O"", ""O"", ""O"", ""O"", ""O"", ""O"", ""O"", ""O""]",[],synthetic_negative
train-01334,A helicopter circled above Gasherbrum I during the rescue.,"[""A"", ""helicopter"", ""circled"", ""above"", ""Gasherbrum"", ""I"", ""during"", ""the"", ""rescue"", "".""]","[""O"", ""O"", ""O"", ""O"", ""B-MOUNTAIN"", ""I-MOUNTAIN"", ""O"", ""O"", ""O"", ""O""]","[{""start"": 27, ""end"": 39, ""label"": ""MOUNTAIN"", ""text"": ""Gasherbrum I""}]",synthetic_positive_single
train-01335,The team measured snow depth on K2.,"[""The"", ""team"", ""measured"", ""snow"", ""depth"", ""on"", ""K2"", "".""]","[""O"", ""O"", ""O"", ""O"", ""O"", ""O"", ""B-MOUNTAIN"", ""O""]","[{""start"": 32, ""end"": 34, ""label"": ""MOUNTAIN"", ""text"": ""K2""}]",synthetic_positive_single
train-01336,Photos of Dhaulagiri were displayed in the museum.,"[""Photos"", ""of"", ""Dhaulagiri"", ""were"", ""displayed"", ""in"", ""the"", ""museum"", "".""]","[""O"", ""O"", ""B-MOUNTAIN"", ""O"", ""O"", ""O"", ""O"", ""O"", ""O""]","[{""start"": 10, ""end"": 20, ""label"": ""MOUNTAIN"", ""text"": ""Dhaulagiri""}]",synthetic_positive_single
train-01337,The northern face of Mount Damavand looked almost vertical.,"[""The"", ""northern"", ""face"", ""of"", ""Mount"", ""Damavand"", ""looked"", ""almost"", ""vertical"", "".""]","[""O"", ""O"", ""O"", ""O"", ""B-MOUNTAIN"", ""I-MOUNTAIN"", ""O"", ""O"", ""O"", ""O""]","[{""start"": 21, ""end"": 35, ""label"": ""MOUNTAIN"", ""text"": ""Mount Damavand""}]",synthetic_positive_single
train-01338,A documentary crew filmed near Makalu.,"[""A"", ""documentary"", ""crew"", ""filmed"", ""near"", ""Makalu"", "".""]","[""O"", ""O"", ""O"", ""O"", ""O"", ""B-MOUNTAIN"", ""O""]","[{""start"": 31, ""end"": 37, ""label"": ""MOUNTAIN"", ""text"": ""Makalu""}]",synthetic_positive_single
train-01339,"Yesterday, Hoverla was barely visible through the mist.","[""Yesterday"", "","", ""Hoverla"", ""was"", ""barely"", ""visible"", ""through"", ""the"", ""mist"", "".""]","[""O"", ""O"", ""B-MOUNTAIN"", ""O"", ""O"", ""O"", ""O"", ""O"", ""O"", ""O""]","[{""start"": 11, ""end"": 18, ""label"": ""MOUNTAIN"", ""text"": ""Hoverla""}]",synthetic_positive_single
train-01340,"She has photographed Mount Rainier, Dhaulagiri, and several nearby peaks.","[""She"", ""has"", ""photographed"", ""Mount"", ""Rainier"", "","", ""Dhaulagiri"", "","", ""and"", ""several"", ""nearby"", ""peaks"", "".""]","[""O"", ""O"", ""O"", ""B-MOUNTAIN"", ""I-MOUNTAIN"", ""O"", ""B-MOUNTAIN"", ""O"", ""O"", ""O"", ""O"", ""O"", ""O""]","[{""start"": 21, ""end"": 34, ""label"": ""MOUNTAIN"", ""text"": ""Mount Rainier""}, {""start"": 36, ""end"": 46, ""label"": ""MOUNTAIN"", ""text"": ""Dhaulagiri""}]",synthetic_positive_multi
train-01341,Have you ever seen Mount Olympus in winter?,"[""Have"", ""you"", ""ever"", ""seen"", ""Mount"", ""Olympus"", ""in"", ""winter"", ""?""]","[""O"", ""O"", ""O"", ""O"", ""B-MOUNTAIN"", ""I-MOUNTAIN"", ""O"", ""O"", ""O""]","[{""start"": 19, ""end"": 32, ""label"": ""MOUNTAIN"", ""text"": ""Mount Olympus""}]",synthetic_positive_single
train-01342,The local council rejected the sales peak at the airport.,"[""The"", ""local"", ""council"", ""rejected"", ""the"", ""sales"", ""peak"", ""at"", ""the"", ""airport"", "".""]","[""O"", ""O"", ""O"", ""O"", ""O"", ""O"", ""O"", ""O"", ""O"", ""O"", ""O""]",[],synthetic_negative
train-01343,The expedition leader reviewed the sales peak during the meeting.,"[""The"", ""expedition"", ""leader"", ""reviewed"", ""the"", ""sales"", ""peak"", ""during"", ""the"", ""meeting"", "".""]","[""O"", ""O"", ""O"", ""O"", ""O"", ""O"", ""O"", ""O"", ""O"", ""O"", ""O""]",[],synthetic_negative
train-01344,The climbers postponed their attempt on Eiger.,"[""The"", ""climbers"", ""postponed"", ""their"", ""attempt"", ""on"", ""Eiger"", "".""]","[""O"", ""O"", ""O"", ""O"", ""O"", ""O"", ""B-MOUNTAIN"", ""O""]","[{""start"": 40, ""end"": 45, ""label"": ""MOUNTAIN"", ""text"": ""Eiger""}]",synthetic_positive_single
train-01345,Weather stations near Mount Sanford and Mount Foraker recorded strong winds.,"[""Weather"", ""stations"", ""near"", ""Mount"", ""Sanford"", ""and"", ""Mount"", ""Foraker"", ""recorded"", ""strong"", ""winds"", "".""]","[""O"", ""O"", ""O"", ""B-MOUNTAIN"", ""I-MOUNTAIN"", ""O"", ""B-MOUNTAIN"", ""I-MOUNTAIN"", ""O"", ""O"", ""O"", ""O""]","[{""start"": 22, ""end"": 35, ""label"": ""MOUNTAIN"", ""text"": ""Mount Sanford""}, {""start"": 40, ""end"": 53, ""label"": ""MOUNTAIN"", ""text"": ""Mount Foraker""}]",synthetic_positive_multi
train-01346,The expedition leader compared the research report during the conference.,"[""The"", ""expedition"", ""leader"", ""compared"", ""the"", ""research"", ""report"", ""during"", ""the"", ""conference"", "".""]","[""O"", ""O"", ""O"", ""O"", ""O"", ""O"", ""O"", ""O"", ""O"", ""O"", ""O""]",[],synthetic_negative
train-01347,The university department published the route in the final report.,"[""The"", ""university"", ""department"", ""published"", ""the"", ""route"", ""in"", ""the"", ""final"", ""report"", "".""]","[""O"", ""O"", ""O"", ""O"", ""O"", ""O"", ""O"", ""O"", ""O"", ""O"", ""O""]",[],synthetic_negative
train-01348,The university department translated the glacier report before the deadline.,"[""The"", ""university"", ""department"", ""translated"", ""the"", ""glacier"", ""report"", ""before"", ""the"", ""deadline"", "".""]","[""O"", ""O"", ""O"", ""O"", ""O"", ""O"", ""O"", ""O"", ""O"", ""O"", ""O""]",[],synthetic_negative
train-01349,The base camp below Muztagh Ata was moved to safer ground.,"[""The"", ""base"", ""camp"", ""below"", ""Muztagh"", ""Ata"", ""was"", ""moved"", ""to"", ""safer"", ""ground"", "".""]","[""O"", ""O"", ""O"", ""O"", ""B-MOUNTAIN"", ""I-MOUNTAIN"", ""O"", ""O"", ""O"", ""O"", ""O"", ""O""]","[{""start"": 20, ""end"": 31, ""label"": ""MOUNTAIN"", ""text"": ""Muztagh Ata""}]",synthetic_positive_single
train-01350,She hopes to climb Mount Fuji next year.,"[""She"", ""hopes"", ""to"", ""climb"", ""Mount"", ""Fuji"", ""next"", ""year"", "".""]","[""O"", ""O"", ""O"", ""O"", ""B-MOUNTAIN"", ""I-MOUNTAIN"", ""O"", ""O"", ""O""]","[{""start"": 19, ""end"": 29, ""label"": ""MOUNTAIN"", ""text"": ""Mount Fuji""}]",synthetic_positive_single
train-01351,The climbing club approved the dataset before the deadline.,"[""The"", ""climbing"", ""club"", ""approved"", ""the"", ""dataset"", ""before"", ""the"", ""deadline"", "".""]","[""O"", ""O"", ""O"", ""O"", ""O"", ""O"", ""O"", ""O"", ""O"", ""O""]",[],synthetic_negative
train-01352,The mapping agency approved the satellite image on Monday.,"[""The"", ""mapping"", ""agency"", ""approved"", ""the"", ""satellite"", ""image"", ""on"", ""Monday"", "".""]","[""O"", ""O"", ""O"", ""O"", ""O"", ""O"", ""O"", ""O"", ""O"", ""O""]",[],synthetic_negative
train-01353,The northern face of Mount Sefton looked almost vertical.,"[""The"", ""northern"", ""face"", ""of"", ""Mount"", ""Sefton"", ""looked"", ""almost"", ""vertical"", "".""]","[""O"", ""O"", ""O"", ""O"", ""B-MOUNTAIN"", ""I-MOUNTAIN"", ""O"", ""O"", ""O"", ""O""]","[{""start"": 21, ""end"": 33, ""label"": ""MOUNTAIN"", ""text"": ""Mount Sefton""}]",synthetic_positive_single
train-01354,"During the spring survey, scientists visited Jungfrau.","[""During"", ""the"", ""spring"", ""survey"", "","", ""scientists"", ""visited"", ""Jungfrau"", "".""]","[""O"", ""O"", ""O"", ""O"", ""O"", ""O"", ""O"", ""B-MOUNTAIN"", ""O""]","[{""start"": 45, ""end"": 53, ""label"": ""MOUNTAIN"", ""text"": ""Jungfrau""}]",synthetic_positive_single
train-01355,Mount Alverstone and Mount Saint Elias were both visible from the aircraft.,"[""Mount"", ""Alverstone"", ""and"", ""Mount"", ""Saint"", ""Elias"", ""were"", ""both"", ""visible"", ""from"", ""the"", ""aircraft"", "".""]","[""B-MOUNTAIN"", ""I-MOUNTAIN"", ""O"", ""B-MOUNTAIN"", ""I-MOUNTAIN"", ""I-MOUNTAIN"", ""O"", ""O"", ""O"", ""O"", ""O"", ""O"", ""O""]","[{""start"": 0, ""end"": 16, ""label"": ""MOUNTAIN"", ""text"": ""Mount Alverstone""}, {""start"": 21, ""end"": 38, ""label"": ""MOUNTAIN"", ""text"": ""Mount Saint Elias""}]",synthetic_positive_multi
train-01356,"In the final chapter, the author describes an ascent of Mount Mitchell.","[""In"", ""the"", ""final"", ""chapter"", "","", ""the"", ""author"", ""describes"", ""an"", ""ascent"", ""of"", ""Mount"", ""Mitchell"", "".""]","[""O"", ""O"", ""O"", ""O"", ""O"", ""O"", ""O"", ""O"", ""O"", ""O"", ""O"", ""B-MOUNTAIN"", ""I-MOUNTAIN"", ""O""]","[{""start"": 56, ""end"": 70, ""label"": ""MOUNTAIN"", ""text"": ""Mount Mitchell""}]",synthetic_positive_single
train-01357,An avalanche warning was issued for the area around Mount Erebus.,"[""An"", ""avalanche"", ""warning"", ""was"", ""issued"", ""for"", ""the"", ""area"", ""around"", ""Mount"", ""Erebus"", "".""]","[""O"", ""O"", ""O"", ""O"", ""O"", ""O"", ""O"", ""O"", ""O"", ""B-MOUNTAIN"", ""I-MOUNTAIN"", ""O""]","[{""start"": 52, ""end"": 64, ""label"": ""MOUNTAIN"", ""text"": ""Mount Erebus""}]",synthetic_positive_single
train-01358,"For safety reasons, access to Broad Peak was temporarily restricted.","[""For"", ""safety"", ""reasons"", "","", ""access"", ""to"", ""Broad"", ""Peak"", ""was"", ""temporarily"", ""restricted"", "".""]","[""O"", ""O"", ""O"", ""O"", ""O"", ""O"", ""B-MOUNTAIN"", ""I-MOUNTAIN"", ""O"", ""O"", ""O"", ""O""]","[{""start"": 30, ""end"": 40, ""label"": ""MOUNTAIN"", ""text"": ""Broad Peak""}]",synthetic_positive_single
train-01359,"Despite the forecast, the climbers continued toward Nanga Parbat.","[""Despite"", ""the"", ""forecast"", "","", ""the"", ""climbers"", ""continued"", ""toward"", ""Nanga"", ""Parbat"", "".""]","[""O"", ""O"", ""O"", ""O"", ""O"", ""O"", ""O"", ""O"", ""B-MOUNTAIN"", ""I-MOUNTAIN"", ""O""]","[{""start"": 52, ""end"": 64, ""label"": ""MOUNTAIN"", ""text"": ""Nanga Parbat""}]",synthetic_positive_single
train-01360,"After weeks of preparation, the group departed for Ras Dashen.","[""After"", ""weeks"", ""of"", ""preparation"", "","", ""the"", ""group"", ""departed"", ""for"", ""Ras"", ""Dashen"", "".""]","[""O"", ""O"", ""O"", ""O"", ""O"", ""O"", ""O"", ""O"", ""O"", ""B-MOUNTAIN"", ""I-MOUNTAIN"", ""O""]","[{""start"": 51, ""end"": 61, ""label"": ""MOUNTAIN"", ""text"": ""Ras Dashen""}]",synthetic_positive_single
train-01361,A new trail provides access to Kongur Tagh.,"[""A"", ""new"", ""trail"", ""provides"", ""access"", ""to"", ""Kongur"", ""Tagh"", "".""]","[""O"", ""O"", ""O"", ""O"", ""O"", ""O"", ""B-MOUNTAIN"", ""I-MOUNTAIN"", ""O""]","[{""start"": 31, ""end"": 42, ""label"": ""MOUNTAIN"", ""text"": ""Kongur Tagh""}]",synthetic_positive_single
train-01362,Our map marks Cotopaxi with a red triangle.,"[""Our"", ""map"", ""marks"", ""Cotopaxi"", ""with"", ""a"", ""red"", ""triangle"", "".""]","[""O"", ""O"", ""O"", ""B-MOUNTAIN"", ""O"", ""O"", ""O"", ""O"", ""O""]","[{""start"": 14, ""end"": 22, ""label"": ""MOUNTAIN"", ""text"": ""Cotopaxi""}]",synthetic_positive_single
train-01363,The ridge regression model reduced multicollinearity.,"[""The"", ""ridge"", ""regression"", ""model"", ""reduced"", ""multicollinearity"", "".""]","[""O"", ""O"", ""O"", ""O"", ""O"", ""O"", ""O""]",[],synthetic_hard_negative
train-01364,Wind speeds increased rapidly around Gasherbrum I.,"[""Wind"", ""speeds"", ""increased"", ""rapidly"", ""around"", ""Gasherbrum"", ""I"", "".""]","[""O"", ""O"", ""O"", ""O"", ""O"", ""B-MOUNTAIN"", ""I-MOUNTAIN"", ""O""]","[{""start"": 37, ""end"": 49, ""label"": ""MOUNTAIN"", ""text"": ""Gasherbrum I""}]",synthetic_positive_single
train-01365,"For safety reasons, access to Mount Augusta was temporarily restricted.","[""For"", ""safety"", ""reasons"", "","", ""access"", ""to"", ""Mount"", ""Augusta"", ""was"", ""temporarily"", ""restricted"", "".""]","[""O"", ""O"", ""O"", ""O"", ""O"", ""O"", ""B-MOUNTAIN"", ""I-MOUNTAIN"", ""O"", ""O"", ""O"", ""O""]","[{""start"": 30, ""end"": 43, ""label"": ""MOUNTAIN"", ""text"": ""Mount Augusta""}]",synthetic_positive_single
train-01366,Tourists gathered at a viewpoint facing Scafell Pike.,"[""Tourists"", ""gathered"", ""at"", ""a"", ""viewpoint"", ""facing"", ""Scafell"", ""Pike"", "".""]","[""O"", ""O"", ""O"", ""O"", ""O"", ""O"", ""B-MOUNTAIN"", ""I-MOUNTAIN"", ""O""]","[{""start"": 40, ""end"": 52, ""label"": ""MOUNTAIN"", ""text"": ""Scafell Pike""}]",synthetic_positive_single
train-01367,An avalanche warning was issued for the area around Puncak Jaya.,"[""An"", ""avalanche"", ""warning"", ""was"", ""issued"", ""for"", ""the"", ""area"", ""around"", ""Puncak"", ""Jaya"", "".""]","[""O"", ""O"", ""O"", ""O"", ""O"", ""O"", ""O"", ""O"", ""O"", ""B-MOUNTAIN"", ""I-MOUNTAIN"", ""O""]","[{""start"": 52, ""end"": 63, ""label"": ""MOUNTAIN"", ""text"": ""Puncak Jaya""}]",synthetic_positive_single
train-01368,"By late afternoon, shadows had covered the slopes of Scafell Pike.","[""By"", ""late"", ""afternoon"", "","", ""shadows"", ""had"", ""covered"", ""the"", ""slopes"", ""of"", ""Scafell"", ""Pike"", "".""]","[""O"", ""O"", ""O"", ""O"", ""O"", ""O"", ""O"", ""O"", ""O"", ""O"", ""B-MOUNTAIN"", ""I-MOUNTAIN"", ""O""]","[{""start"": 53, ""end"": 65, ""label"": ""MOUNTAIN"", ""text"": ""Scafell Pike""}]",synthetic_positive_single
train-01369,The weather service translated the route during the conference.,"[""The"", ""weather"", ""service"", ""translated"", ""the"", ""route"", ""during"", ""the"", ""conference"", "".""]","[""O"", ""O"", ""O"", ""O"", ""O"", ""O"", ""O"", ""O"", ""O"", ""O""]",[],synthetic_negative
train-01370,He plans to study glaciers on Jebel Toubkal and Mount Kenya.,"[""He"", ""plans"", ""to"", ""study"", ""glaciers"", ""on"", ""Jebel"", ""Toubkal"", ""and"", ""Mount"", ""Kenya"", "".""]","[""O"", ""O"", ""O"", ""O"", ""O"", ""O"", ""B-MOUNTAIN"", ""I-MOUNTAIN"", ""O"", ""B-MOUNTAIN"", ""I-MOUNTAIN"", ""O""]","[{""start"": 30, ""end"": 43, ""label"": ""MOUNTAIN"", ""text"": ""Jebel Toubkal""}, {""start"": 48, ""end"": 59, ""label"": ""MOUNTAIN"", ""text"": ""Mount Kenya""}]",synthetic_positive_multi
train-01371,"According to the itinerary, Mount Jefferson is the main destination.","[""According"", ""to"", ""the"", ""itinerary"", "","", ""Mount"", ""Jefferson"", ""is"", ""the"", ""main"", ""destination"", "".""]","[""O"", ""O"", ""O"", ""O"", ""O"", ""B-MOUNTAIN"", ""I-MOUNTAIN"", ""O"", ""O"", ""O"", ""O"", ""O""]","[{""start"": 28, ""end"": 43, ""label"": ""MOUNTAIN"", ""text"": ""Mount Jefferson""}]",synthetic_positive_single
train-01372,He plans to study glaciers on Mount Tongariro and Mont Blanc.,"[""He"", ""plans"", ""to"", ""study"", ""glaciers"", ""on"", ""Mount"", ""Tongariro"", ""and"", ""Mont"", ""Blanc"", "".""]","[""O"", ""O"", ""O"", ""O"", ""O"", ""O"", ""B-MOUNTAIN"", ""I-MOUNTAIN"", ""O"", ""B-MOUNTAIN"", ""I-MOUNTAIN"", ""O""]","[{""start"": 30, ""end"": 45, ""label"": ""MOUNTAIN"", ""text"": ""Mount Tongariro""}, {""start"": 50, ""end"": 60, ""label"": ""MOUNTAIN"", ""text"": ""Mont Blanc""}]",synthetic_positive_multi
train-01373,We could clearly see Mount Foraker from the valley.,"[""We"", ""could"", ""clearly"", ""see"", ""Mount"", ""Foraker"", ""from"", ""the"", ""valley"", "".""]","[""O"", ""O"", ""O"", ""O"", ""B-MOUNTAIN"", ""I-MOUNTAIN"", ""O"", ""O"", ""O"", ""O""]","[{""start"": 21, ""end"": 34, ""label"": ""MOUNTAIN"", ""text"": ""Mount Foraker""}]",synthetic_positive_single
train-01374,Photos of Ras Dashen were displayed in the museum.,"[""Photos"", ""of"", ""Ras"", ""Dashen"", ""were"", ""displayed"", ""in"", ""the"", ""museum"", "".""]","[""O"", ""O"", ""B-MOUNTAIN"", ""I-MOUNTAIN"", ""O"", ""O"", ""O"", ""O"", ""O"", ""O""]","[{""start"": 10, ""end"": 20, ""label"": ""MOUNTAIN"", ""text"": ""Ras Dashen""}]",synthetic_positive_single
train-01375,The travel company updated the research report before the deadline.,"[""The"", ""travel"", ""company"", ""updated"", ""the"", ""research"", ""report"", ""before"", ""the"", ""deadline"", "".""]","[""O"", ""O"", ""O"", ""O"", ""O"", ""O"", ""O"", ""O"", ""O"", ""O"", ""O""]",[],synthetic_negative
train-01376,A documentary crew filmed near Ama Dablam.,"[""A"", ""documentary"", ""crew"", ""filmed"", ""near"", ""Ama"", ""Dablam"", "".""]","[""O"", ""O"", ""O"", ""O"", ""O"", ""B-MOUNTAIN"", ""I-MOUNTAIN"", ""O""]","[{""start"": 31, ""end"": 41, ""label"": ""MOUNTAIN"", ""text"": ""Ama Dablam""}]",synthetic_positive_single
train-01377,The team measured snow depth on Mount Hicks.,"[""The"", ""team"", ""measured"", ""snow"", ""depth"", ""on"", ""Mount"", ""Hicks"", "".""]","[""O"", ""O"", ""O"", ""O"", ""O"", ""O"", ""B-MOUNTAIN"", ""I-MOUNTAIN"", ""O""]","[{""start"": 32, ""end"": 43, ""label"": ""MOUNTAIN"", ""text"": ""Mount Hicks""}]",synthetic_positive_single
train-01378,Tourists gathered at a viewpoint facing Mount Fuji.,"[""Tourists"", ""gathered"", ""at"", ""a"", ""viewpoint"", ""facing"", ""Mount"", ""Fuji"", "".""]","[""O"", ""O"", ""O"", ""O"", ""O"", ""O"", ""B-MOUNTAIN"", ""I-MOUNTAIN"", ""O""]","[{""start"": 40, ""end"": 50, ""label"": ""MOUNTAIN"", ""text"": ""Mount Fuji""}]",synthetic_positive_single
train-01379,The photograph shows Mount Haidinger at sunrise.,"[""The"", ""photograph"", ""shows"", ""Mount"", ""Haidinger"", ""at"", ""sunrise"", "".""]","[""O"", ""O"", ""O"", ""B-MOUNTAIN"", ""I-MOUNTAIN"", ""O"", ""O"", ""O""]","[{""start"": 21, ""end"": 36, ""label"": ""MOUNTAIN"", ""text"": ""Mount Haidinger""}]",synthetic_positive_single
train-01380,"Despite the forecast, the climbers continued toward Mount Baker.","[""Despite"", ""the"", ""forecast"", "","", ""the"", ""climbers"", ""continued"", ""toward"", ""Mount"", ""Baker"", "".""]","[""O"", ""O"", ""O"", ""O"", ""O"", ""O"", ""O"", ""O"", ""B-MOUNTAIN"", ""I-MOUNTAIN"", ""O""]","[{""start"": 52, ""end"": 63, ""label"": ""MOUNTAIN"", ""text"": ""Mount Baker""}]",synthetic_positive_single
train-01381,Photos of Broad Peak were displayed in the museum.,"[""Photos"", ""of"", ""Broad"", ""Peak"", ""were"", ""displayed"", ""in"", ""the"", ""museum"", "".""]","[""O"", ""O"", ""B-MOUNTAIN"", ""I-MOUNTAIN"", ""O"", ""O"", ""O"", ""O"", ""O"", ""O""]","[{""start"": 10, ""end"": 20, ""label"": ""MOUNTAIN"", ""text"": ""Broad Peak""}]",synthetic_positive_single
train-01382,Our route passes near Mount Erebus before turning toward Mount Cook.,"[""Our"", ""route"", ""passes"", ""near"", ""Mount"", ""Erebus"", ""before"", ""turning"", ""toward"", ""Mount"", ""Cook"", "".""]","[""O"", ""O"", ""O"", ""O"", ""B-MOUNTAIN"", ""I-MOUNTAIN"", ""O"", ""O"", ""O"", ""B-MOUNTAIN"", ""I-MOUNTAIN"", ""O""]","[{""start"": 22, ""end"": 34, ""label"": ""MOUNTAIN"", ""text"": ""Mount Erebus""}, {""start"": 57, ""end"": 67, ""label"": ""MOUNTAIN"", ""text"": ""Mount Cook""}]",synthetic_positive_multi
train-01383,A new trail provides access to Nanga Parbat.,"[""A"", ""new"", ""trail"", ""provides"", ""access"", ""to"", ""Nanga"", ""Parbat"", "".""]","[""O"", ""O"", ""O"", ""O"", ""O"", ""O"", ""B-MOUNTAIN"", ""I-MOUNTAIN"", ""O""]","[{""start"": 31, ""end"": 43, ""label"": ""MOUNTAIN"", ""text"": ""Nanga Parbat""}]",synthetic_positive_single
train-01384,"After weeks of preparation, the group departed for Fansipan.","[""After"", ""weeks"", ""of"", ""preparation"", "","", ""the"", ""group"", ""departed"", ""for"", ""Fansipan"", "".""]","[""O"", ""O"", ""O"", ""O"", ""O"", ""O"", ""O"", ""O"", ""O"", ""B-MOUNTAIN"", ""O""]","[{""start"": 51, ""end"": 59, ""label"": ""MOUNTAIN"", ""text"": ""Fansipan""}]",synthetic_positive_single
train-01385,"According to the itinerary, Mount Elie de Beaumont is the main destination.","[""According"", ""to"", ""the"", ""itinerary"", "","", ""Mount"", ""Elie"", ""de"", ""Beaumont"", ""is"", ""the"", ""main"", ""destination"", "".""]","[""O"", ""O"", ""O"", ""O"", ""O"", ""B-MOUNTAIN"", ""I-MOUNTAIN"", ""I-MOUNTAIN"", ""I-MOUNTAIN"", ""O"", ""O"", ""O"", ""O"", ""O""]","[{""start"": 28, ""end"": 50, ""label"": ""MOUNTAIN"", ""text"": ""Mount Elie de Beaumont""}]",synthetic_positive_single
train-01386,"In the final chapter, the author describes an ascent of Hoverla.","[""In"", ""the"", ""final"", ""chapter"", "","", ""the"", ""author"", ""describes"", ""an"", ""ascent"", ""of"", ""Hoverla"", "".""]","[""O"", ""O"", ""O"", ""O"", ""O"", ""O"", ""O"", ""O"", ""O"", ""O"", ""O"", ""B-MOUNTAIN"", ""O""]","[{""start"": 56, ""end"": 63, ""label"": ""MOUNTAIN"", ""text"": ""Hoverla""}]",synthetic_positive_single
train-01387,Our map marks Illimani with a red triangle.,"[""Our"", ""map"", ""marks"", ""Illimani"", ""with"", ""a"", ""red"", ""triangle"", "".""]","[""O"", ""O"", ""O"", ""B-MOUNTAIN"", ""O"", ""O"", ""O"", ""O"", ""O""]","[{""start"": 14, ""end"": 22, ""label"": ""MOUNTAIN"", ""text"": ""Illimani""}]",synthetic_positive_single
train-01388,Local guides described conditions on Mount Kosciuszko as difficult.,"[""Local"", ""guides"", ""described"", ""conditions"", ""on"", ""Mount"", ""Kosciuszko"", ""as"", ""difficult"", "".""]","[""O"", ""O"", ""O"", ""O"", ""O"", ""B-MOUNTAIN"", ""I-MOUNTAIN"", ""O"", ""O"", ""O""]","[{""start"": 37, ""end"": 53, ""label"": ""MOUNTAIN"", ""text"": ""Mount Kosciuszko""}]",synthetic_positive_single
train-01389,The expedition leader compared the expedition permit in the final report.,"[""The"", ""expedition"", ""leader"", ""compared"", ""the"", ""expedition"", ""permit"", ""in"", ""the"", ""final"", ""report"", "".""]","[""O"", ""O"", ""O"", ""O"", ""O"", ""O"", ""O"", ""O"", ""O"", ""O"", ""O"", ""O""]",[],synthetic_negative
train-01390,The expedition leader updated the ridge map at the airport.,"[""The"", ""expedition"", ""leader"", ""updated"", ""the"", ""ridge"", ""map"", ""at"", ""the"", ""airport"", "".""]","[""O"", ""O"", ""O"", ""O"", ""O"", ""O"", ""O"", ""O"", ""O"", ""O"", ""O""]",[],synthetic_negative
train-01391,Wind speeds increased rapidly around Mount Aspiring.,"[""Wind"", ""speeds"", ""increased"", ""rapidly"", ""around"", ""Mount"", ""Aspiring"", "".""]","[""O"", ""O"", ""O"", ""O"", ""O"", ""B-MOUNTAIN"", ""I-MOUNTAIN"", ""O""]","[{""start"": 37, ""end"": 51, ""label"": ""MOUNTAIN"", ""text"": ""Mount Aspiring""}]",synthetic_positive_single
train-01392,The map labels both Haleakala and Mount Columbia.,"[""The"", ""map"", ""labels"", ""both"", ""Haleakala"", ""and"", ""Mount"", ""Columbia"", "".""]","[""O"", ""O"", ""O"", ""O"", ""B-MOUNTAIN"", ""O"", ""B-MOUNTAIN"", ""I-MOUNTAIN"", ""O""]","[{""start"": 20, ""end"": 29, ""label"": ""MOUNTAIN"", ""text"": ""Haleakala""}, {""start"": 34, ""end"": 48, ""label"": ""MOUNTAIN"", ""text"": ""Mount Columbia""}]",synthetic_positive_multi
train-01393,"From the eastern ridge, we watched the sun rise behind Mount Steele.","[""From"", ""the"", ""eastern"", ""ridge"", "","", ""we"", ""watched"", ""the"", ""sun"", ""rise"", ""behind"", ""Mount"", ""Steele"", "".""]","[""O"", ""O"", ""O"", ""O"", ""O"", ""O"", ""O"", ""O"", ""O"", ""O"", ""O"", ""B-MOUNTAIN"", ""I-MOUNTAIN"", ""O""]","[{""start"": 55, ""end"": 67, ""label"": ""MOUNTAIN"", ""text"": ""Mount Steele""}]",synthetic_positive_single
train-01394,"After weeks of preparation, the group departed for Mount Meru.","[""After"", ""weeks"", ""of"", ""preparation"", "","", ""the"", ""group"", ""departed"", ""for"", ""Mount"", ""Meru"", "".""]","[""O"", ""O"", ""O"", ""O"", ""O"", ""O"", ""O"", ""O"", ""O"", ""B-MOUNTAIN"", ""I-MOUNTAIN"", ""O""]","[{""start"": 51, ""end"": 61, ""label"": ""MOUNTAIN"", ""text"": ""Mount Meru""}]",synthetic_positive_single
train-01395,The expedition leader checked the research report in the final report.,"[""The"", ""expedition"", ""leader"", ""checked"", ""the"", ""research"", ""report"", ""in"", ""the"", ""final"", ""report"", "".""]","[""O"", ""O"", ""O"", ""O"", ""O"", ""O"", ""O"", ""O"", ""O"", ""O"", ""O"", ""O""]",[],synthetic_negative
train-01396,The research team checked the glacier report during the meeting.,"[""The"", ""research"", ""team"", ""checked"", ""the"", ""glacier"", ""report"", ""during"", ""the"", ""meeting"", "".""]","[""O"", ""O"", ""O"", ""O"", ""O"", ""O"", ""O"", ""O"", ""O"", ""O"", ""O""]",[],synthetic_negative
train-01397,The expedition leader compared the ridge map in the laboratory.,"[""The"", ""expedition"", ""leader"", ""compared"", ""the"", ""ridge"", ""map"", ""in"", ""the"", ""laboratory"", "".""]","[""O"", ""O"", ""O"", ""O"", ""O"", ""O"", ""O"", ""O"", ""O"", ""O"", ""O""]",[],synthetic_negative
train-01398,Have you ever seen Mount Assiniboine in winter?,"[""Have"", ""you"", ""ever"", ""seen"", ""Mount"", ""Assiniboine"", ""in"", ""winter"", ""?""]","[""O"", ""O"", ""O"", ""O"", ""B-MOUNTAIN"", ""I-MOUNTAIN"", ""O"", ""O"", ""O""]","[{""start"": 19, ""end"": 36, ""label"": ""MOUNTAIN"", ""text"": ""Mount Assiniboine""}]",synthetic_positive_single
train-01399,The local council compared the schedule at the office.,"[""The"", ""local"", ""council"", ""compared"", ""the"", ""schedule"", ""at"", ""the"", ""office"", "".""]","[""O"", ""O"", ""O"", ""O"", ""O"", ""O"", ""O"", ""O"", ""O"", ""O""]",[],synthetic_negative
train-01400,The glacier on Fansipan has retreated in recent decades.,"[""The"", ""glacier"", ""on"", ""Fansipan"", ""has"", ""retreated"", ""in"", ""recent"", ""decades"", "".""]","[""O"", ""O"", ""O"", ""B-MOUNTAIN"", ""O"", ""O"", ""O"", ""O"", ""O"", ""O""]","[{""start"": 15, ""end"": 23, ""label"": ""MOUNTAIN"", ""text"": ""Fansipan""}]",synthetic_positive_single
train-01401,"She has photographed K2, Aoraki Mount Cook, and several nearby peaks.","[""She"", ""has"", ""photographed"", ""K2"", "","", ""Aoraki"", ""Mount"", ""Cook"", "","", ""and"", ""several"", ""nearby"", ""peaks"", "".""]","[""O"", ""O"", ""O"", ""B-MOUNTAIN"", ""O"", ""B-MOUNTAIN"", ""I-MOUNTAIN"", ""I-MOUNTAIN"", ""O"", ""O"", ""O"", ""O"", ""O"", ""O""]","[{""start"": 21, ""end"": 23, ""label"": ""MOUNTAIN"", ""text"": ""K2""}, {""start"": 25, ""end"": 42, ""label"": ""MOUNTAIN"", ""text"": ""Aoraki Mount Cook""}]",synthetic_positive_multi
train-01402,The mapping agency approved the sales peak after the presentation.,"[""The"", ""mapping"", ""agency"", ""approved"", ""the"", ""sales"", ""peak"", ""after"", ""the"", ""presentation"", "".""]","[""O"", ""O"", ""O"", ""O"", ""O"", ""O"", ""O"", ""O"", ""O"", ""O"", ""O""]",[],synthetic_negative
train-01403,Several routes lead toward the summit of Annapurna.,"[""Several"", ""routes"", ""lead"", ""toward"", ""the"", ""summit"", ""of"", ""Annapurna"", "".""]","[""O"", ""O"", ""O"", ""O"", ""O"", ""O"", ""O"", ""B-MOUNTAIN"", ""O""]","[{""start"": 41, ""end"": 50, ""label"": ""MOUNTAIN"", ""text"": ""Annapurna""}]",synthetic_positive_single
train-01404,A new trail provides access to Fansipan.,"[""A"", ""new"", ""trail"", ""provides"", ""access"", ""to"", ""Fansipan"", "".""]","[""O"", ""O"", ""O"", ""O"", ""O"", ""O"", ""B-MOUNTAIN"", ""O""]","[{""start"": 31, ""end"": 39, ""label"": ""MOUNTAIN"", ""text"": ""Fansipan""}]",synthetic_positive_single
train-01405,The film crew reviewed the glacier report during the conference.,"[""The"", ""film"", ""crew"", ""reviewed"", ""the"", ""glacier"", ""report"", ""during"", ""the"", ""conference"", "".""]","[""O"", ""O"", ""O"", ""O"", ""O"", ""O"", ""O"", ""O"", ""O"", ""O"", ""O""]",[],synthetic_negative
train-01406,The museum curator reviewed the weather forecast in the final report.,"[""The"", ""museum"", ""curator"", ""reviewed"", ""the"", ""weather"", ""forecast"", ""in"", ""the"", ""final"", ""report"", "".""]","[""O"", ""O"", ""O"", ""O"", ""O"", ""O"", ""O"", ""O"", ""O"", ""O"", ""O"", ""O""]",[],synthetic_negative
train-01407,The rescue unit compared the cliff photograph at the office.,"[""The"", ""rescue"", ""unit"", ""compared"", ""the"", ""cliff"", ""photograph"", ""at"", ""the"", ""office"", "".""]","[""O"", ""O"", ""O"", ""O"", ""O"", ""O"", ""O"", ""O"", ""O"", ""O"", ""O""]",[],synthetic_negative
train-01408,We could clearly see Eiger from the valley.,"[""We"", ""could"", ""clearly"", ""see"", ""Eiger"", ""from"", ""the"", ""valley"", "".""]","[""O"", ""O"", ""O"", ""O"", ""B-MOUNTAIN"", ""O"", ""O"", ""O"", ""O""]","[{""start"": 21, ""end"": 26, ""label"": ""MOUNTAIN"", ""text"": ""Eiger""}]",synthetic_positive_single
train-01409,Researchers installed weather sensors on Mount Steele.,"[""Researchers"", ""installed"", ""weather"", ""sensors"", ""on"", ""Mount"", ""Steele"", "".""]","[""O"", ""O"", ""O"", ""O"", ""O"", ""B-MOUNTAIN"", ""I-MOUNTAIN"", ""O""]","[{""start"": 41, ""end"": 53, ""label"": ""MOUNTAIN"", ""text"": ""Mount Steele""}]",synthetic_positive_single
train-01410,The tourist group compared the research report in the final report.,"[""The"", ""tourist"", ""group"", ""compared"", ""the"", ""research"", ""report"", ""in"", ""the"", ""final"", ""report"", "".""]","[""O"", ""O"", ""O"", ""O"", ""O"", ""O"", ""O"", ""O"", ""O"", ""O"", ""O"", ""O""]",[],synthetic_negative
train-01411,Wind speeds increased rapidly around Kongur Tagh.,"[""Wind"", ""speeds"", ""increased"", ""rapidly"", ""around"", ""Kongur"", ""Tagh"", "".""]","[""O"", ""O"", ""O"", ""O"", ""O"", ""B-MOUNTAIN"", ""I-MOUNTAIN"", ""O""]","[{""start"": 37, ""end"": 48, ""label"": ""MOUNTAIN"", ""text"": ""Kongur Tagh""}]",synthetic_positive_single
train-01412,We could clearly see Mount Lendenfeld from the valley.,"[""We"", ""could"", ""clearly"", ""see"", ""Mount"", ""Lendenfeld"", ""from"", ""the"", ""valley"", "".""]","[""O"", ""O"", ""O"", ""O"", ""B-MOUNTAIN"", ""I-MOUNTAIN"", ""O"", ""O"", ""O"", ""O""]","[{""start"": 21, ""end"": 37, ""label"": ""MOUNTAIN"", ""text"": ""Mount Lendenfeld""}]",synthetic_positive_single
train-01413,The base camp below Mount Everest was moved to safer ground.,"[""The"", ""base"", ""camp"", ""below"", ""Mount"", ""Everest"", ""was"", ""moved"", ""to"", ""safer"", ""ground"", "".""]","[""O"", ""O"", ""O"", ""O"", ""B-MOUNTAIN"", ""I-MOUNTAIN"", ""O"", ""O"", ""O"", ""O"", ""O"", ""O""]","[{""start"": 20, ""end"": 33, ""label"": ""MOUNTAIN"", ""text"": ""Mount Everest""}]",synthetic_positive_single
train-01414,The weather changed quickly as they approached Mount Haidinger.,"[""The"", ""weather"", ""changed"", ""quickly"", ""as"", ""they"", ""approached"", ""Mount"", ""Haidinger"", "".""]","[""O"", ""O"", ""O"", ""O"", ""O"", ""O"", ""O"", ""B-MOUNTAIN"", ""I-MOUNTAIN"", ""O""]","[{""start"": 47, ""end"": 62, ""label"": ""MOUNTAIN"", ""text"": ""Mount Haidinger""}]",synthetic_positive_single
train-01415,Ol Doinyo Lengai attracts climbers from around the world.,"[""Ol"", ""Doinyo"", ""Lengai"", ""attracts"", ""climbers"", ""from"", ""around"", ""the"", ""world"", "".""]","[""B-MOUNTAIN"", ""I-MOUNTAIN"", ""I-MOUNTAIN"", ""O"", ""O"", ""O"", ""O"", ""O"", ""O"", ""O""]","[{""start"": 0, ""end"": 16, ""label"": ""MOUNTAIN"", ""text"": ""Ol Doinyo Lengai""}]",synthetic_positive_single
train-01416,Researchers installed weather sensors on Annapurna.,"[""Researchers"", ""installed"", ""weather"", ""sensors"", ""on"", ""Annapurna"", "".""]","[""O"", ""O"", ""O"", ""O"", ""O"", ""B-MOUNTAIN"", ""O""]","[{""start"": 41, ""end"": 50, ""label"": ""MOUNTAIN"", ""text"": ""Annapurna""}]",synthetic_positive_single
train-01417,Mount Sanford and Mount Olympus were both visible from the aircraft.,"[""Mount"", ""Sanford"", ""and"", ""Mount"", ""Olympus"", ""were"", ""both"", ""visible"", ""from"", ""the"", ""aircraft"", "".""]","[""B-MOUNTAIN"", ""I-MOUNTAIN"", ""O"", ""B-MOUNTAIN"", ""I-MOUNTAIN"", ""O"", ""O"", ""O"", ""O"", ""O"", ""O"", ""O""]","[{""start"": 0, ""end"": 13, ""label"": ""MOUNTAIN"", ""text"": ""Mount Sanford""}, {""start"": 18, ""end"": 31, ""label"": ""MOUNTAIN"", ""text"": ""Mount Olympus""}]",synthetic_positive_multi
train-01418,The weather service approved the ridge map after the presentation.,"[""The"", ""weather"", ""service"", ""approved"", ""the"", ""ridge"", ""map"", ""after"", ""the"", ""presentation"", "".""]","[""O"", ""O"", ""O"", ""O"", ""O"", ""O"", ""O"", ""O"", ""O"", ""O"", ""O""]",[],synthetic_negative
train-01419,Expeditions to Aconcagua and Mount Hicks were delayed by bad weather.,"[""Expeditions"", ""to"", ""Aconcagua"", ""and"", ""Mount"", ""Hicks"", ""were"", ""delayed"", ""by"", ""bad"", ""weather"", "".""]","[""O"", ""O"", ""B-MOUNTAIN"", ""O"", ""B-MOUNTAIN"", ""I-MOUNTAIN"", ""O"", ""O"", ""O"", ""O"", ""O"", ""O""]","[{""start"": 15, ""end"": 24, ""label"": ""MOUNTAIN"", ""text"": ""Aconcagua""}, {""start"": 29, ""end"": 40, ""label"": ""MOUNTAIN"", ""text"": ""Mount Hicks""}]",synthetic_positive_multi
train-01420,"Yesterday, Mount Damavand was barely visible through the mist.","[""Yesterday"", "","", ""Mount"", ""Damavand"", ""was"", ""barely"", ""visible"", ""through"", ""the"", ""mist"", "".""]","[""O"", ""O"", ""B-MOUNTAIN"", ""I-MOUNTAIN"", ""O"", ""O"", ""O"", ""O"", ""O"", ""O"", ""O""]","[{""start"": 11, ""end"": 25, ""label"": ""MOUNTAIN"", ""text"": ""Mount Damavand""}]",synthetic_positive_single
train-01421,The rescue team returned safely from Kangchenjunga.,"[""The"", ""rescue"", ""team"", ""returned"", ""safely"", ""from"", ""Kangchenjunga"", "".""]","[""O"", ""O"", ""O"", ""O"", ""O"", ""O"", ""B-MOUNTAIN"", ""O""]","[{""start"": 37, ""end"": 50, ""label"": ""MOUNTAIN"", ""text"": ""Kangchenjunga""}]",synthetic_positive_single
train-01422,The guide warned us not to underestimate Fansipan.,"[""The"", ""guide"", ""warned"", ""us"", ""not"", ""to"", ""underestimate"", ""Fansipan"", "".""]","[""O"", ""O"", ""O"", ""O"", ""O"", ""O"", ""O"", ""B-MOUNTAIN"", ""O""]","[{""start"": 41, ""end"": 49, ""label"": ""MOUNTAIN"", ""text"": ""Fansipan""}]",synthetic_positive_single
train-01423,The map labels both Ben Nevis and Mount Stanley.,"[""The"", ""map"", ""labels"", ""both"", ""Ben"", ""Nevis"", ""and"", ""Mount"", ""Stanley"", "".""]","[""O"", ""O"", ""O"", ""O"", ""B-MOUNTAIN"", ""I-MOUNTAIN"", ""O"", ""B-MOUNTAIN"", ""I-MOUNTAIN"", ""O""]","[{""start"": 20, ""end"": 29, ""label"": ""MOUNTAIN"", ""text"": ""Ben Nevis""}, {""start"": 34, ""end"": 47, ""label"": ""MOUNTAIN"", ""text"": ""Mount Stanley""}]",synthetic_positive_multi
train-01424,"Yesterday, Mount Agung was barely visible through the mist.","[""Yesterday"", "","", ""Mount"", ""Agung"", ""was"", ""barely"", ""visible"", ""through"", ""the"", ""mist"", "".""]","[""O"", ""O"", ""B-MOUNTAIN"", ""I-MOUNTAIN"", ""O"", ""O"", ""O"", ""O"", ""O"", ""O"", ""O""]","[{""start"": 11, ""end"": 22, ""label"": ""MOUNTAIN"", ""text"": ""Mount Agung""}]",synthetic_positive_single
train-01425,The team measured snow depth on Brebeneskul.,"[""The"", ""team"", ""measured"", ""snow"", ""depth"", ""on"", ""Brebeneskul"", "".""]","[""O"", ""O"", ""O"", ""O"", ""O"", ""O"", ""B-MOUNTAIN"", ""O""]","[{""start"": 32, ""end"": 43, ""label"": ""MOUNTAIN"", ""text"": ""Brebeneskul""}]",synthetic_positive_single
train-01426,The climbing club approved the valley during the conference.,"[""The"", ""climbing"", ""club"", ""approved"", ""the"", ""valley"", ""during"", ""the"", ""conference"", "".""]","[""O"", ""O"", ""O"", ""O"", ""O"", ""O"", ""O"", ""O"", ""O"", ""O""]",[],synthetic_negative
train-01427,The map labels both Mount Tate and Mount Haidinger.,"[""The"", ""map"", ""labels"", ""both"", ""Mount"", ""Tate"", ""and"", ""Mount"", ""Haidinger"", "".""]","[""O"", ""O"", ""O"", ""O"", ""B-MOUNTAIN"", ""I-MOUNTAIN"", ""O"", ""B-MOUNTAIN"", ""I-MOUNTAIN"", ""O""]","[{""start"": 20, ""end"": 30, ""label"": ""MOUNTAIN"", ""text"": ""Mount Tate""}, {""start"": 35, ""end"": 50, ""label"": ""MOUNTAIN"", ""text"": ""Mount Haidinger""}]",synthetic_positive_multi
train-01428,The weather service rejected the product range before lunch.,"[""The"", ""weather"", ""service"", ""rejected"", ""the"", ""product"", ""range"", ""before"", ""lunch"", "".""]","[""O"", ""O"", ""O"", ""O"", ""O"", ""O"", ""O"", ""O"", ""O"", ""O""]",[],synthetic_negative
train-01429,Have you ever seen Lhotse in winter?,"[""Have"", ""you"", ""ever"", ""seen"", ""Lhotse"", ""in"", ""winter"", ""?""]","[""O"", ""O"", ""O"", ""O"", ""B-MOUNTAIN"", ""O"", ""O"", ""O""]","[{""start"": 19, ""end"": 25, ""label"": ""MOUNTAIN"", ""text"": ""Lhotse""}]",synthetic_positive_single
train-01430,Wind speeds increased rapidly around Mount Columbia.,"[""Wind"", ""speeds"", ""increased"", ""rapidly"", ""around"", ""Mount"", ""Columbia"", "".""]","[""O"", ""O"", ""O"", ""O"", ""O"", ""B-MOUNTAIN"", ""I-MOUNTAIN"", ""O""]","[{""start"": 37, ""end"": 51, ""label"": ""MOUNTAIN"", ""text"": ""Mount Columbia""}]",synthetic_positive_single
train-01431,"Unlike Mount Ngauruhoe, Mount Lucania was hidden by clouds.","[""Unlike"", ""Mount"", ""Ngauruhoe"", "","", ""Mount"", ""Lucania"", ""was"", ""hidden"", ""by"", ""clouds"", "".""]","[""O"", ""B-MOUNTAIN"", ""I-MOUNTAIN"", ""O"", ""B-MOUNTAIN"", ""I-MOUNTAIN"", ""O"", ""O"", ""O"", ""O"", ""O""]","[{""start"": 7, ""end"": 22, ""label"": ""MOUNTAIN"", ""text"": ""Mount Ngauruhoe""}, {""start"": 24, ""end"": 37, ""label"": ""MOUNTAIN"", ""text"": ""Mount Lucania""}]",synthetic_positive_multi
train-01432,A documentary crew filmed near Mount Kazbek.,"[""A"", ""documentary"", ""crew"", ""filmed"", ""near"", ""Mount"", ""Kazbek"", "".""]","[""O"", ""O"", ""O"", ""O"", ""O"", ""B-MOUNTAIN"", ""I-MOUNTAIN"", ""O""]","[{""start"": 31, ""end"": 43, ""label"": ""MOUNTAIN"", ""text"": ""Mount Kazbek""}]",synthetic_positive_single
train-01433,Sales reached a new peak in December.,"[""Sales"", ""reached"", ""a"", ""new"", ""peak"", ""in"", ""December"", "".""]","[""O"", ""O"", ""O"", ""O"", ""O"", ""O"", ""O"", ""O""]",[],synthetic_hard_negative
train-01434,The climbing club shared the summit plan in the laboratory.,"[""The"", ""climbing"", ""club"", ""shared"", ""the"", ""summit"", ""plan"", ""in"", ""the"", ""laboratory"", "".""]","[""O"", ""O"", ""O"", ""O"", ""O"", ""O"", ""O"", ""O"", ""O"", ""O"", ""O""]",[],synthetic_negative
train-01435,We could clearly see Mount Taranaki from the valley.,"[""We"", ""could"", ""clearly"", ""see"", ""Mount"", ""Taranaki"", ""from"", ""the"", ""valley"", "".""]","[""O"", ""O"", ""O"", ""O"", ""B-MOUNTAIN"", ""I-MOUNTAIN"", ""O"", ""O"", ""O"", ""O""]","[{""start"": 21, ""end"": 35, ""label"": ""MOUNTAIN"", ""text"": ""Mount Taranaki""}]",synthetic_positive_single
train-01436,He plans to study glaciers on Gasherbrum II and Dhaulagiri.,"[""He"", ""plans"", ""to"", ""study"", ""glaciers"", ""on"", ""Gasherbrum"", ""II"", ""and"", ""Dhaulagiri"", "".""]","[""O"", ""O"", ""O"", ""O"", ""O"", ""O"", ""B-MOUNTAIN"", ""I-MOUNTAIN"", ""O"", ""B-MOUNTAIN"", ""O""]","[{""start"": 30, ""end"": 43, ""label"": ""MOUNTAIN"", ""text"": ""Gasherbrum II""}, {""start"": 48, ""end"": 58, ""label"": ""MOUNTAIN"", ""text"": ""Dhaulagiri""}]",synthetic_positive_multi
train-01437,Images of Mount Sabalan were placed beside photographs of Mount Lendenfeld.,"[""Images"", ""of"", ""Mount"", ""Sabalan"", ""were"", ""placed"", ""beside"", ""photographs"", ""of"", ""Mount"", ""Lendenfeld"", "".""]","[""O"", ""O"", ""B-MOUNTAIN"", ""I-MOUNTAIN"", ""O"", ""O"", ""O"", ""O"", ""O"", ""B-MOUNTAIN"", ""I-MOUNTAIN"", ""O""]","[{""start"": 10, ""end"": 23, ""label"": ""MOUNTAIN"", ""text"": ""Mount Sabalan""}, {""start"": 58, ""end"": 74, ""label"": ""MOUNTAIN"", ""text"": ""Mount Lendenfeld""}]",synthetic_positive_multi
train-01438,The mapping agency translated the summit plan in the laboratory.,"[""The"", ""mapping"", ""agency"", ""translated"", ""the"", ""summit"", ""plan"", ""in"", ""the"", ""laboratory"", "".""]","[""O"", ""O"", ""O"", ""O"", ""O"", ""O"", ""O"", ""O"", ""O"", ""O"", ""O""]",[],synthetic_negative
train-01439,The northern face of Gasherbrum I looked almost vertical.,"[""The"", ""northern"", ""face"", ""of"", ""Gasherbrum"", ""I"", ""looked"", ""almost"", ""vertical"", "".""]","[""O"", ""O"", ""O"", ""O"", ""B-MOUNTAIN"", ""I-MOUNTAIN"", ""O"", ""O"", ""O"", ""O""]","[{""start"": 21, ""end"": 33, ""label"": ""MOUNTAIN"", ""text"": ""Gasherbrum I""}]",synthetic_positive_single
train-01440,The film crew updated the forest trail in the final report.,"[""The"", ""film"", ""crew"", ""updated"", ""the"", ""forest"", ""trail"", ""in"", ""the"", ""final"", ""report"", "".""]","[""O"", ""O"", ""O"", ""O"", ""O"", ""O"", ""O"", ""O"", ""O"", ""O"", ""O"", ""O""]",[],synthetic_negative
train-01441,The weather changed quickly as they approached Table Mountain.,"[""The"", ""weather"", ""changed"", ""quickly"", ""as"", ""they"", ""approached"", ""Table"", ""Mountain"", "".""]","[""O"", ""O"", ""O"", ""O"", ""O"", ""O"", ""O"", ""B-MOUNTAIN"", ""I-MOUNTAIN"", ""O""]","[{""start"": 47, ""end"": 61, ""label"": ""MOUNTAIN"", ""text"": ""Table Mountain""}]",synthetic_positive_single
train-01442,An avalanche warning was issued for the area around Mount Columbia.,"[""An"", ""avalanche"", ""warning"", ""was"", ""issued"", ""for"", ""the"", ""area"", ""around"", ""Mount"", ""Columbia"", "".""]","[""O"", ""O"", ""O"", ""O"", ""O"", ""O"", ""O"", ""O"", ""O"", ""B-MOUNTAIN"", ""I-MOUNTAIN"", ""O""]","[{""start"": 52, ""end"": 66, ""label"": ""MOUNTAIN"", ""text"": ""Mount Columbia""}]",synthetic_positive_single
train-01443,The rescue unit reviewed the aircraft after the presentation.,"[""The"", ""rescue"", ""unit"", ""reviewed"", ""the"", ""aircraft"", ""after"", ""the"", ""presentation"", "".""]","[""O"", ""O"", ""O"", ""O"", ""O"", ""O"", ""O"", ""O"", ""O"", ""O""]",[],synthetic_negative
train-01444,"Unlike Fansipan, Annapurna was hidden by clouds.","[""Unlike"", ""Fansipan"", "","", ""Annapurna"", ""was"", ""hidden"", ""by"", ""clouds"", "".""]","[""O"", ""B-MOUNTAIN"", ""O"", ""B-MOUNTAIN"", ""O"", ""O"", ""O"", ""O"", ""O""]","[{""start"": 7, ""end"": 15, ""label"": ""MOUNTAIN"", ""text"": ""Fansipan""}, {""start"": 17, ""end"": 26, ""label"": ""MOUNTAIN"", ""text"": ""Annapurna""}]",synthetic_positive_multi
train-01445,The museum curator checked the route at the office.,"[""The"", ""museum"", ""curator"", ""checked"", ""the"", ""route"", ""at"", ""the"", ""office"", "".""]","[""O"", ""O"", ""O"", ""O"", ""O"", ""O"", ""O"", ""O"", ""O"", ""O""]",[],synthetic_negative
train-01446,Expeditions to Mount Haku and Jebel Toubkal were delayed by bad weather.,"[""Expeditions"", ""to"", ""Mount"", ""Haku"", ""and"", ""Jebel"", ""Toubkal"", ""were"", ""delayed"", ""by"", ""bad"", ""weather"", "".""]","[""O"", ""O"", ""B-MOUNTAIN"", ""I-MOUNTAIN"", ""O"", ""B-MOUNTAIN"", ""I-MOUNTAIN"", ""O"", ""O"", ""O"", ""O"", ""O"", ""O""]","[{""start"": 15, ""end"": 25, ""label"": ""MOUNTAIN"", ""text"": ""Mount Haku""}, {""start"": 30, ""end"": 43, ""label"": ""MOUNTAIN"", ""text"": ""Jebel Toubkal""}]",synthetic_positive_multi
train-01447,Our map marks Aconcagua with a red triangle.,"[""Our"", ""map"", ""marks"", ""Aconcagua"", ""with"", ""a"", ""red"", ""triangle"", "".""]","[""O"", ""O"", ""O"", ""B-MOUNTAIN"", ""O"", ""O"", ""O"", ""O"", ""O""]","[{""start"": 14, ""end"": 23, ""label"": ""MOUNTAIN"", ""text"": ""Aconcagua""}]",synthetic_positive_single
train-01448,They began their ascent of Mount Vancouver at dawn.,"[""They"", ""began"", ""their"", ""ascent"", ""of"", ""Mount"", ""Vancouver"", ""at"", ""dawn"", "".""]","[""O"", ""O"", ""O"", ""O"", ""O"", ""B-MOUNTAIN"", ""I-MOUNTAIN"", ""O"", ""O"", ""O""]","[{""start"": 27, ""end"": 42, ""label"": ""MOUNTAIN"", ""text"": ""Mount Vancouver""}]",synthetic_positive_single
train-01449,The lecture included a case study about Mount Whitney.,"[""The"", ""lecture"", ""included"", ""a"", ""case"", ""study"", ""about"", ""Mount"", ""Whitney"", "".""]","[""O"", ""O"", ""O"", ""O"", ""O"", ""O"", ""O"", ""B-MOUNTAIN"", ""I-MOUNTAIN"", ""O""]","[{""start"": 40, ""end"": 53, ""label"": ""MOUNTAIN"", ""text"": ""Mount Whitney""}]",synthetic_positive_single
train-01450,Local guides described conditions on Hoverla as difficult.,"[""Local"", ""guides"", ""described"", ""conditions"", ""on"", ""Hoverla"", ""as"", ""difficult"", "".""]","[""O"", ""O"", ""O"", ""O"", ""O"", ""B-MOUNTAIN"", ""O"", ""O"", ""O""]","[{""start"": 37, ""end"": 44, ""label"": ""MOUNTAIN"", ""text"": ""Hoverla""}]",synthetic_positive_single
train-01451,The tourist group reviewed the product range during the conference.,"[""The"", ""tourist"", ""group"", ""reviewed"", ""the"", ""product"", ""range"", ""during"", ""the"", ""conference"", "".""]","[""O"", ""O"", ""O"", ""O"", ""O"", ""O"", ""O"", ""O"", ""O"", ""O"", ""O""]",[],synthetic_negative
train-01452,"For safety reasons, access to Mount Meru was temporarily restricted.","[""For"", ""safety"", ""reasons"", "","", ""access"", ""to"", ""Mount"", ""Meru"", ""was"", ""temporarily"", ""restricted"", "".""]","[""O"", ""O"", ""O"", ""O"", ""O"", ""O"", ""B-MOUNTAIN"", ""I-MOUNTAIN"", ""O"", ""O"", ""O"", ""O""]","[{""start"": 30, ""end"": 40, ""label"": ""MOUNTAIN"", ""text"": ""Mount Meru""}]",synthetic_positive_single
train-01453,"In the final chapter, the author describes an ascent of Eiger.","[""In"", ""the"", ""final"", ""chapter"", "","", ""the"", ""author"", ""describes"", ""an"", ""ascent"", ""of"", ""Eiger"", "".""]","[""O"", ""O"", ""O"", ""O"", ""O"", ""O"", ""O"", ""O"", ""O"", ""O"", ""O"", ""B-MOUNTAIN"", ""O""]","[{""start"": 56, ""end"": 61, ""label"": ""MOUNTAIN"", ""text"": ""Eiger""}]",synthetic_positive_single
train-01454,The university department reviewed the dataset in the laboratory.,"[""The"", ""university"", ""department"", ""reviewed"", ""the"", ""dataset"", ""in"", ""the"", ""laboratory"", "".""]","[""O"", ""O"", ""O"", ""O"", ""O"", ""O"", ""O"", ""O"", ""O"", ""O""]",[],synthetic_negative
train-01455,An avalanche warning was issued for the area around Eiger.,"[""An"", ""avalanche"", ""warning"", ""was"", ""issued"", ""for"", ""the"", ""area"", ""around"", ""Eiger"", "".""]","[""O"", ""O"", ""O"", ""O"", ""O"", ""O"", ""O"", ""O"", ""O"", ""B-MOUNTAIN"", ""O""]","[{""start"": 52, ""end"": 57, ""label"": ""MOUNTAIN"", ""text"": ""Eiger""}]",synthetic_positive_single
train-01456,Our map marks Vinson Massif with a red triangle.,"[""Our"", ""map"", ""marks"", ""Vinson"", ""Massif"", ""with"", ""a"", ""red"", ""triangle"", "".""]","[""O"", ""O"", ""O"", ""B-MOUNTAIN"", ""I-MOUNTAIN"", ""O"", ""O"", ""O"", ""O"", ""O""]","[{""start"": 14, ""end"": 27, ""label"": ""MOUNTAIN"", ""text"": ""Vinson Massif""}]",synthetic_positive_single
train-01457,The rescue team returned safely from Pikes Peak.,"[""The"", ""rescue"", ""team"", ""returned"", ""safely"", ""from"", ""Pikes"", ""Peak"", "".""]","[""O"", ""O"", ""O"", ""O"", ""O"", ""O"", ""B-MOUNTAIN"", ""I-MOUNTAIN"", ""O""]","[{""start"": 37, ""end"": 47, ""label"": ""MOUNTAIN"", ""text"": ""Pikes Peak""}]",synthetic_positive_single
train-01458,"From the eastern ridge, we watched the sun rise behind Ol Doinyo Lengai.","[""From"", ""the"", ""eastern"", ""ridge"", "","", ""we"", ""watched"", ""the"", ""sun"", ""rise"", ""behind"", ""Ol"", ""Doinyo"", ""Lengai"", "".""]","[""O"", ""O"", ""O"", ""O"", ""O"", ""O"", ""O"", ""O"", ""O"", ""O"", ""O"", ""B-MOUNTAIN"", ""I-MOUNTAIN"", ""I-MOUNTAIN"", ""O""]","[{""start"": 55, ""end"": 71, ""label"": ""MOUNTAIN"", ""text"": ""Ol Doinyo Lengai""}]",synthetic_positive_single
train-01459,He plans to study glaciers on Gasherbrum I and Mount Ngauruhoe.,"[""He"", ""plans"", ""to"", ""study"", ""glaciers"", ""on"", ""Gasherbrum"", ""I"", ""and"", ""Mount"", ""Ngauruhoe"", "".""]","[""O"", ""O"", ""O"", ""O"", ""O"", ""O"", ""B-MOUNTAIN"", ""I-MOUNTAIN"", ""O"", ""B-MOUNTAIN"", ""I-MOUNTAIN"", ""O""]","[{""start"": 30, ""end"": 42, ""label"": ""MOUNTAIN"", ""text"": ""Gasherbrum I""}, {""start"": 47, ""end"": 62, ""label"": ""MOUNTAIN"", ""text"": ""Mount Ngauruhoe""}]",synthetic_positive_multi
train-01460,Snow remained on the upper slopes of Pip Ivan.,"[""Snow"", ""remained"", ""on"", ""the"", ""upper"", ""slopes"", ""of"", ""Pip"", ""Ivan"", "".""]","[""O"", ""O"", ""O"", ""O"", ""O"", ""O"", ""O"", ""B-MOUNTAIN"", ""I-MOUNTAIN"", ""O""]","[{""start"": 37, ""end"": 45, ""label"": ""MOUNTAIN"", ""text"": ""Pip Ivan""}]",synthetic_positive_single
train-01461,The mapping agency updated the aircraft during the conference.,"[""The"", ""mapping"", ""agency"", ""updated"", ""the"", ""aircraft"", ""during"", ""the"", ""conference"", "".""]","[""O"", ""O"", ""O"", ""O"", ""O"", ""O"", ""O"", ""O"", ""O"", ""O""]",[],synthetic_negative
train-01462,The museum curator shared the algorithm during the meeting.,"[""The"", ""museum"", ""curator"", ""shared"", ""the"", ""algorithm"", ""during"", ""the"", ""meeting"", "".""]","[""O"", ""O"", ""O"", ""O"", ""O"", ""O"", ""O"", ""O"", ""O"", ""O""]",[],synthetic_negative
train-01463,The rescue team returned safely from Mount Ararat.,"[""The"", ""rescue"", ""team"", ""returned"", ""safely"", ""from"", ""Mount"", ""Ararat"", "".""]","[""O"", ""O"", ""O"", ""O"", ""O"", ""O"", ""B-MOUNTAIN"", ""I-MOUNTAIN"", ""O""]","[{""start"": 37, ""end"": 49, ""label"": ""MOUNTAIN"", ""text"": ""Mount Ararat""}]",synthetic_positive_single
train-01464,Local guides described conditions on Mount Fuji as difficult.,"[""Local"", ""guides"", ""described"", ""conditions"", ""on"", ""Mount"", ""Fuji"", ""as"", ""difficult"", "".""]","[""O"", ""O"", ""O"", ""O"", ""O"", ""B-MOUNTAIN"", ""I-MOUNTAIN"", ""O"", ""O"", ""O""]","[{""start"": 37, ""end"": 47, ""label"": ""MOUNTAIN"", ""text"": ""Mount Fuji""}]",synthetic_positive_single
train-01465,The weather service archived the budget at the airport.,"[""The"", ""weather"", ""service"", ""archived"", ""the"", ""budget"", ""at"", ""the"", ""airport"", "".""]","[""O"", ""O"", ""O"", ""O"", ""O"", ""O"", ""O"", ""O"", ""O"", ""O""]",[],synthetic_negative
train-01466,Several routes lead toward the summit of Mount Churchill.,"[""Several"", ""routes"", ""lead"", ""toward"", ""the"", ""summit"", ""of"", ""Mount"", ""Churchill"", "".""]","[""O"", ""O"", ""O"", ""O"", ""O"", ""O"", ""O"", ""B-MOUNTAIN"", ""I-MOUNTAIN"", ""O""]","[{""start"": 41, ""end"": 56, ""label"": ""MOUNTAIN"", ""text"": ""Mount Churchill""}]",synthetic_positive_single
train-01467,The museum curator translated the cliff photograph in the laboratory.,"[""The"", ""museum"", ""curator"", ""translated"", ""the"", ""cliff"", ""photograph"", ""in"", ""the"", ""laboratory"", "".""]","[""O"", ""O"", ""O"", ""O"", ""O"", ""O"", ""O"", ""O"", ""O"", ""O"", ""O""]",[],synthetic_negative
train-01468,They began their ascent of Table Mountain at dawn.,"[""They"", ""began"", ""their"", ""ascent"", ""of"", ""Table"", ""Mountain"", ""at"", ""dawn"", "".""]","[""O"", ""O"", ""O"", ""O"", ""O"", ""B-MOUNTAIN"", ""I-MOUNTAIN"", ""O"", ""O"", ""O""]","[{""start"": 27, ""end"": 41, ""label"": ""MOUNTAIN"", ""text"": ""Table Mountain""}]",synthetic_positive_single
train-01469,Weather stations near Jungfrau and Aconcagua recorded strong winds.,"[""Weather"", ""stations"", ""near"", ""Jungfrau"", ""and"", ""Aconcagua"", ""recorded"", ""strong"", ""winds"", "".""]","[""O"", ""O"", ""O"", ""B-MOUNTAIN"", ""O"", ""B-MOUNTAIN"", ""O"", ""O"", ""O"", ""O""]","[{""start"": 22, ""end"": 30, ""label"": ""MOUNTAIN"", ""text"": ""Jungfrau""}, {""start"": 35, ""end"": 44, ""label"": ""MOUNTAIN"", ""text"": ""Aconcagua""}]",synthetic_positive_multi
train-01470,The research team discussed the expedition permit after the presentation.,"[""The"", ""research"", ""team"", ""discussed"", ""the"", ""expedition"", ""permit"", ""after"", ""the"", ""presentation"", "".""]","[""O"", ""O"", ""O"", ""O"", ""O"", ""O"", ""O"", ""O"", ""O"", ""O"", ""O""]",[],synthetic_negative
train-01471,A helicopter circled above Monte Rosa during the rescue.,"[""A"", ""helicopter"", ""circled"", ""above"", ""Monte"", ""Rosa"", ""during"", ""the"", ""rescue"", "".""]","[""O"", ""O"", ""O"", ""O"", ""B-MOUNTAIN"", ""I-MOUNTAIN"", ""O"", ""O"", ""O"", ""O""]","[{""start"": 27, ""end"": 37, ""label"": ""MOUNTAIN"", ""text"": ""Monte Rosa""}]",synthetic_positive_single
train-01472,The university department approved the schedule in the laboratory.,"[""The"", ""university"", ""department"", ""approved"", ""the"", ""schedule"", ""in"", ""the"", ""laboratory"", "".""]","[""O"", ""O"", ""O"", ""O"", ""O"", ""O"", ""O"", ""O"", ""O"", ""O""]",[],synthetic_negative
train-01473,The research team rejected the camera at the office.,"[""The"", ""research"", ""team"", ""rejected"", ""the"", ""camera"", ""at"", ""the"", ""office"", "".""]","[""O"", ""O"", ""O"", ""O"", ""O"", ""O"", ""O"", ""O"", ""O"", ""O""]",[],synthetic_negative
train-01474,A new trail provides access to Brebeneskul.,"[""A"", ""new"", ""trail"", ""provides"", ""access"", ""to"", ""Brebeneskul"", "".""]","[""O"", ""O"", ""O"", ""O"", ""O"", ""O"", ""B-MOUNTAIN"", ""O""]","[{""start"": 31, ""end"": 42, ""label"": ""MOUNTAIN"", ""text"": ""Brebeneskul""}]",synthetic_positive_single
train-01475,The travel company shared the aircraft during the meeting.,"[""The"", ""travel"", ""company"", ""shared"", ""the"", ""aircraft"", ""during"", ""the"", ""meeting"", "".""]","[""O"", ""O"", ""O"", ""O"", ""O"", ""O"", ""O"", ""O"", ""O"", ""O""]",[],synthetic_negative
train-01476,The research team shared the camera during the conference.,"[""The"", ""research"", ""team"", ""shared"", ""the"", ""camera"", ""during"", ""the"", ""conference"", "".""]","[""O"", ""O"", ""O"", ""O"", ""O"", ""O"", ""O"", ""O"", ""O"", ""O""]",[],synthetic_negative
train-01477,A small village lies below Aoraki Mount Cook.,"[""A"", ""small"", ""village"", ""lies"", ""below"", ""Aoraki"", ""Mount"", ""Cook"", "".""]","[""O"", ""O"", ""O"", ""O"", ""O"", ""B-MOUNTAIN"", ""I-MOUNTAIN"", ""I-MOUNTAIN"", ""O""]","[{""start"": 27, ""end"": 44, ""label"": ""MOUNTAIN"", ""text"": ""Aoraki Mount Cook""}]",synthetic_positive_single
train-01478,The climbers postponed their attempt on Gasherbrum II.,"[""The"", ""climbers"", ""postponed"", ""their"", ""attempt"", ""on"", ""Gasherbrum"", ""II"", "".""]","[""O"", ""O"", ""O"", ""O"", ""O"", ""O"", ""B-MOUNTAIN"", ""I-MOUNTAIN"", ""O""]","[{""start"": 40, ""end"": 53, ""label"": ""MOUNTAIN"", ""text"": ""Gasherbrum II""}]",synthetic_positive_single
train-01479,We could clearly see Pip Ivan from the valley.,"[""We"", ""could"", ""clearly"", ""see"", ""Pip"", ""Ivan"", ""from"", ""the"", ""valley"", "".""]","[""O"", ""O"", ""O"", ""O"", ""B-MOUNTAIN"", ""I-MOUNTAIN"", ""O"", ""O"", ""O"", ""O""]","[{""start"": 21, ""end"": 29, ""label"": ""MOUNTAIN"", ""text"": ""Pip Ivan""}]",synthetic_positive_single
train-01480,Snow remained on the upper slopes of Mount Whitney.,"[""Snow"", ""remained"", ""on"", ""the"", ""upper"", ""slopes"", ""of"", ""Mount"", ""Whitney"", "".""]","[""O"", ""O"", ""O"", ""O"", ""O"", ""O"", ""O"", ""B-MOUNTAIN"", ""I-MOUNTAIN"", ""O""]","[{""start"": 37, ""end"": 50, ""label"": ""MOUNTAIN"", ""text"": ""Mount Whitney""}]",synthetic_positive_single
train-01481,The glacier on Kongur Tagh has retreated in recent decades.,"[""The"", ""glacier"", ""on"", ""Kongur"", ""Tagh"", ""has"", ""retreated"", ""in"", ""recent"", ""decades"", "".""]","[""O"", ""O"", ""O"", ""B-MOUNTAIN"", ""I-MOUNTAIN"", ""O"", ""O"", ""O"", ""O"", ""O"", ""O""]","[{""start"": 15, ""end"": 26, ""label"": ""MOUNTAIN"", ""text"": ""Kongur Tagh""}]",synthetic_positive_single
train-01482,The northern face of Mount Bear looked almost vertical.,"[""The"", ""northern"", ""face"", ""of"", ""Mount"", ""Bear"", ""looked"", ""almost"", ""vertical"", "".""]","[""O"", ""O"", ""O"", ""O"", ""B-MOUNTAIN"", ""I-MOUNTAIN"", ""O"", ""O"", ""O"", ""O""]","[{""start"": 21, ""end"": 31, ""label"": ""MOUNTAIN"", ""text"": ""Mount Bear""}]",synthetic_positive_single
train-01483,The glacier on Table Mountain has retreated in recent decades.,"[""The"", ""glacier"", ""on"", ""Table"", ""Mountain"", ""has"", ""retreated"", ""in"", ""recent"", ""decades"", "".""]","[""O"", ""O"", ""O"", ""B-MOUNTAIN"", ""I-MOUNTAIN"", ""O"", ""O"", ""O"", ""O"", ""O"", ""O""]","[{""start"": 15, ""end"": 29, ""label"": ""MOUNTAIN"", ""text"": ""Table Mountain""}]",synthetic_positive_single
train-01484,The weather service translated the training notebook during the meeting.,"[""The"", ""weather"", ""service"", ""translated"", ""the"", ""training"", ""notebook"", ""during"", ""the"", ""meeting"", "".""]","[""O"", ""O"", ""O"", ""O"", ""O"", ""O"", ""O"", ""O"", ""O"", ""O"", ""O""]",[],synthetic_negative
train-01485,The expedition reached the summit of Cho Oyu before noon.,"[""The"", ""expedition"", ""reached"", ""the"", ""summit"", ""of"", ""Cho"", ""Oyu"", ""before"", ""noon"", "".""]","[""O"", ""O"", ""O"", ""O"", ""O"", ""O"", ""B-MOUNTAIN"", ""I-MOUNTAIN"", ""O"", ""O"", ""O""]","[{""start"": 37, ""end"": 44, ""label"": ""MOUNTAIN"", ""text"": ""Cho Oyu""}]",synthetic_positive_single
train-01486,The weather service rejected the satellite image after the presentation.,"[""The"", ""weather"", ""service"", ""rejected"", ""the"", ""satellite"", ""image"", ""after"", ""the"", ""presentation"", "".""]","[""O"", ""O"", ""O"", ""O"", ""O"", ""O"", ""O"", ""O"", ""O"", ""O"", ""O""]",[],synthetic_negative
train-01487,"In the final chapter, the author describes an ascent of Mount Damavand.","[""In"", ""the"", ""final"", ""chapter"", "","", ""the"", ""author"", ""describes"", ""an"", ""ascent"", ""of"", ""Mount"", ""Damavand"", "".""]","[""O"", ""O"", ""O"", ""O"", ""O"", ""O"", ""O"", ""O"", ""O"", ""O"", ""O"", ""B-MOUNTAIN"", ""I-MOUNTAIN"", ""O""]","[{""start"": 56, ""end"": 70, ""label"": ""MOUNTAIN"", ""text"": ""Mount Damavand""}]",synthetic_positive_single
train-01488,"From the eastern ridge, we watched the sun rise behind Mount Sefton.","[""From"", ""the"", ""eastern"", ""ridge"", "","", ""we"", ""watched"", ""the"", ""sun"", ""rise"", ""behind"", ""Mount"", ""Sefton"", "".""]","[""O"", ""O"", ""O"", ""O"", ""O"", ""O"", ""O"", ""O"", ""O"", ""O"", ""O"", ""B-MOUNTAIN"", ""I-MOUNTAIN"", ""O""]","[{""start"": 55, ""end"": 67, ""label"": ""MOUNTAIN"", ""text"": ""Mount Sefton""}]",synthetic_positive_single
train-01489,We could clearly see Mount Logan from the valley.,"[""We"", ""could"", ""clearly"", ""see"", ""Mount"", ""Logan"", ""from"", ""the"", ""valley"", "".""]","[""O"", ""O"", ""O"", ""O"", ""B-MOUNTAIN"", ""I-MOUNTAIN"", ""O"", ""O"", ""O"", ""O""]","[{""start"": 21, ""end"": 32, ""label"": ""MOUNTAIN"", ""text"": ""Mount Logan""}]",synthetic_positive_single
train-01490,The film crew printed the hotel booking at the airport.,"[""The"", ""film"", ""crew"", ""printed"", ""the"", ""hotel"", ""booking"", ""at"", ""the"", ""airport"", "".""]","[""O"", ""O"", ""O"", ""O"", ""O"", ""O"", ""O"", ""O"", ""O"", ""O"", ""O""]",[],synthetic_negative
train-01491,Heavy clouds covered Mount Assiniboine throughout the morning.,"[""Heavy"", ""clouds"", ""covered"", ""Mount"", ""Assiniboine"", ""throughout"", ""the"", ""morning"", "".""]","[""O"", ""O"", ""O"", ""B-MOUNTAIN"", ""I-MOUNTAIN"", ""O"", ""O"", ""O"", ""O""]","[{""start"": 21, ""end"": 38, ""label"": ""MOUNTAIN"", ""text"": ""Mount Assiniboine""}]",synthetic_positive_single
train-01492,Several routes lead toward the summit of Mount Rinjani.,"[""Several"", ""routes"", ""lead"", ""toward"", ""the"", ""summit"", ""of"", ""Mount"", ""Rinjani"", "".""]","[""O"", ""O"", ""O"", ""O"", ""O"", ""O"", ""O"", ""B-MOUNTAIN"", ""I-MOUNTAIN"", ""O""]","[{""start"": 41, ""end"": 54, ""label"": ""MOUNTAIN"", ""text"": ""Mount Rinjani""}]",synthetic_positive_single
train-01493,Have you ever seen Mount Whitney in winter?,"[""Have"", ""you"", ""ever"", ""seen"", ""Mount"", ""Whitney"", ""in"", ""winter"", ""?""]","[""O"", ""O"", ""O"", ""O"", ""B-MOUNTAIN"", ""I-MOUNTAIN"", ""O"", ""O"", ""O""]","[{""start"": 19, ""end"": 32, ""label"": ""MOUNTAIN"", ""text"": ""Mount Whitney""}]",synthetic_positive_single
train-01494,The local council archived the glacier report before lunch.,"[""The"", ""local"", ""council"", ""archived"", ""the"", ""glacier"", ""report"", ""before"", ""lunch"", "".""]","[""O"", ""O"", ""O"", ""O"", ""O"", ""O"", ""O"", ""O"", ""O"", ""O""]",[],synthetic_negative
train-01495,He plans to study glaciers on Mount Everest and Dhaulagiri.,"[""He"", ""plans"", ""to"", ""study"", ""glaciers"", ""on"", ""Mount"", ""Everest"", ""and"", ""Dhaulagiri"", "".""]","[""O"", ""O"", ""O"", ""O"", ""O"", ""O"", ""B-MOUNTAIN"", ""I-MOUNTAIN"", ""O"", ""B-MOUNTAIN"", ""O""]","[{""start"": 30, ""end"": 43, ""label"": ""MOUNTAIN"", ""text"": ""Mount Everest""}, {""start"": 48, ""end"": 58, ""label"": ""MOUNTAIN"", ""text"": ""Dhaulagiri""}]",synthetic_positive_multi
train-01496,The guide warned us not to underestimate Mount Saint Elias.,"[""The"", ""guide"", ""warned"", ""us"", ""not"", ""to"", ""underestimate"", ""Mount"", ""Saint"", ""Elias"", "".""]","[""O"", ""O"", ""O"", ""O"", ""O"", ""O"", ""O"", ""B-MOUNTAIN"", ""I-MOUNTAIN"", ""I-MOUNTAIN"", ""O""]","[{""start"": 41, ""end"": 58, ""label"": ""MOUNTAIN"", ""text"": ""Mount Saint Elias""}]",synthetic_positive_single
train-01497,The northern face of Mount Lendenfeld looked almost vertical.,"[""The"", ""northern"", ""face"", ""of"", ""Mount"", ""Lendenfeld"", ""looked"", ""almost"", ""vertical"", "".""]","[""O"", ""O"", ""O"", ""O"", ""B-MOUNTAIN"", ""I-MOUNTAIN"", ""O"", ""O"", ""O"", ""O""]","[{""start"": 21, ""end"": 37, ""label"": ""MOUNTAIN"", ""text"": ""Mount Lendenfeld""}]",synthetic_positive_single
train-01498,The mapping agency published the algorithm at the office.,"[""The"", ""mapping"", ""agency"", ""published"", ""the"", ""algorithm"", ""at"", ""the"", ""office"", "".""]","[""O"", ""O"", ""O"", ""O"", ""O"", ""O"", ""O"", ""O"", ""O"", ""O""]",[],synthetic_negative
train-01499,The mapping agency compared the budget during the meeting.,"[""The"", ""mapping"", ""agency"", ""compared"", ""the"", ""budget"", ""during"", ""the"", ""meeting"", "".""]","[""O"", ""O"", ""O"", ""O"", ""O"", ""O"", ""O"", ""O"", ""O"", ""O""]",[],synthetic_negative
train-01500,Have you ever seen Mount Bona in winter?,"[""Have"", ""you"", ""ever"", ""seen"", ""Mount"", ""Bona"", ""in"", ""winter"", ""?""]","[""O"", ""O"", ""O"", ""O"", ""B-MOUNTAIN"", ""I-MOUNTAIN"", ""O"", ""O"", ""O""]","[{""start"": 19, ""end"": 29, ""label"": ""MOUNTAIN"", ""text"": ""Mount Bona""}]",synthetic_positive_single
train-01501,The film crew rejected the conference program during the conference.,"[""The"", ""film"", ""crew"", ""rejected"", ""the"", ""conference"", ""program"", ""during"", ""the"", ""conference"", "".""]","[""O"", ""O"", ""O"", ""O"", ""O"", ""O"", ""O"", ""O"", ""O"", ""O"", ""O""]",[],synthetic_negative
train-01502,The rescue team returned safely from Mount Tongariro.,"[""The"", ""rescue"", ""team"", ""returned"", ""safely"", ""from"", ""Mount"", ""Tongariro"", "".""]","[""O"", ""O"", ""O"", ""O"", ""O"", ""O"", ""B-MOUNTAIN"", ""I-MOUNTAIN"", ""O""]","[{""start"": 37, ""end"": 52, ""label"": ""MOUNTAIN"", ""text"": ""Mount Tongariro""}]",synthetic_positive_single
train-01503,The museum curator shared the validation result after the presentation.,"[""The"", ""museum"", ""curator"", ""shared"", ""the"", ""validation"", ""result"", ""after"", ""the"", ""presentation"", "".""]","[""O"", ""O"", ""O"", ""O"", ""O"", ""O"", ""O"", ""O"", ""O"", ""O"", ""O""]",[],synthetic_negative
train-01504,Tourists gathered at a viewpoint facing Mount Tate.,"[""Tourists"", ""gathered"", ""at"", ""a"", ""viewpoint"", ""facing"", ""Mount"", ""Tate"", "".""]","[""O"", ""O"", ""O"", ""O"", ""O"", ""O"", ""B-MOUNTAIN"", ""I-MOUNTAIN"", ""O""]","[{""start"": 40, ""end"": 50, ""label"": ""MOUNTAIN"", ""text"": ""Mount Tate""}]",synthetic_positive_single
train-01505,Photos of Aoraki Mount Cook were displayed in the museum.,"[""Photos"", ""of"", ""Aoraki"", ""Mount"", ""Cook"", ""were"", ""displayed"", ""in"", ""the"", ""museum"", "".""]","[""O"", ""O"", ""B-MOUNTAIN"", ""I-MOUNTAIN"", ""I-MOUNTAIN"", ""O"", ""O"", ""O"", ""O"", ""O"", ""O""]","[{""start"": 10, ""end"": 27, ""label"": ""MOUNTAIN"", ""text"": ""Aoraki Mount Cook""}]",synthetic_positive_single
train-01506,Images of Petros were placed beside photographs of Mount Meru.,"[""Images"", ""of"", ""Petros"", ""were"", ""placed"", ""beside"", ""photographs"", ""of"", ""Mount"", ""Meru"", "".""]","[""O"", ""O"", ""B-MOUNTAIN"", ""O"", ""O"", ""O"", ""O"", ""O"", ""B-MOUNTAIN"", ""I-MOUNTAIN"", ""O""]","[{""start"": 10, ""end"": 16, ""label"": ""MOUNTAIN"", ""text"": ""Petros""}, {""start"": 51, ""end"": 61, ""label"": ""MOUNTAIN"", ""text"": ""Mount Meru""}]",synthetic_positive_multi
train-01507,The climbing club shared the dataset during the meeting.,"[""The"", ""climbing"", ""club"", ""shared"", ""the"", ""dataset"", ""during"", ""the"", ""meeting"", "".""]","[""O"", ""O"", ""O"", ""O"", ""O"", ""O"", ""O"", ""O"", ""O"", ""O""]",[],synthetic_negative
train-01508,The route to Mount Everest was closed after the storm.,"[""The"", ""route"", ""to"", ""Mount"", ""Everest"", ""was"", ""closed"", ""after"", ""the"", ""storm"", "".""]","[""O"", ""O"", ""O"", ""B-MOUNTAIN"", ""I-MOUNTAIN"", ""O"", ""O"", ""O"", ""O"", ""O"", ""O""]","[{""start"": 13, ""end"": 26, ""label"": ""MOUNTAIN"", ""text"": ""Mount Everest""}]",synthetic_positive_single
train-01509,The weather changed quickly as they approached Mount Mitchell.,"[""The"", ""weather"", ""changed"", ""quickly"", ""as"", ""they"", ""approached"", ""Mount"", ""Mitchell"", "".""]","[""O"", ""O"", ""O"", ""O"", ""O"", ""O"", ""O"", ""B-MOUNTAIN"", ""I-MOUNTAIN"", ""O""]","[{""start"": 47, ""end"": 61, ""label"": ""MOUNTAIN"", ""text"": ""Mount Mitchell""}]",synthetic_positive_single
train-01510,The university department published the camera at the airport.,"[""The"", ""university"", ""department"", ""published"", ""the"", ""camera"", ""at"", ""the"", ""airport"", "".""]","[""O"", ""O"", ""O"", ""O"", ""O"", ""O"", ""O"", ""O"", ""O"", ""O""]",[],synthetic_negative
train-01511,The expedition leader checked the expedition permit during the conference.,"[""The"", ""expedition"", ""leader"", ""checked"", ""the"", ""expedition"", ""permit"", ""during"", ""the"", ""conference"", "".""]","[""O"", ""O"", ""O"", ""O"", ""O"", ""O"", ""O"", ""O"", ""O"", ""O"", ""O""]",[],synthetic_negative
train-01512,The rescue team returned safely from Mount Ruapehu.,"[""The"", ""rescue"", ""team"", ""returned"", ""safely"", ""from"", ""Mount"", ""Ruapehu"", "".""]","[""O"", ""O"", ""O"", ""O"", ""O"", ""O"", ""B-MOUNTAIN"", ""I-MOUNTAIN"", ""O""]","[{""start"": 37, ""end"": 50, ""label"": ""MOUNTAIN"", ""text"": ""Mount Ruapehu""}]",synthetic_positive_single
train-01513,The lecture included a case study about Mount Fuji.,"[""The"", ""lecture"", ""included"", ""a"", ""case"", ""study"", ""about"", ""Mount"", ""Fuji"", "".""]","[""O"", ""O"", ""O"", ""O"", ""O"", ""O"", ""O"", ""B-MOUNTAIN"", ""I-MOUNTAIN"", ""O""]","[{""start"": 40, ""end"": 50, ""label"": ""MOUNTAIN"", ""text"": ""Mount Fuji""}]",synthetic_positive_single
train-01514,Wind speeds increased rapidly around Mount Kosciuszko.,"[""Wind"", ""speeds"", ""increased"", ""rapidly"", ""around"", ""Mount"", ""Kosciuszko"", "".""]","[""O"", ""O"", ""O"", ""O"", ""O"", ""B-MOUNTAIN"", ""I-MOUNTAIN"", ""O""]","[{""start"": 37, ""end"": 53, ""label"": ""MOUNTAIN"", ""text"": ""Mount Kosciuszko""}]",synthetic_positive_single
train-01515,The travel company published the validation result during the meeting.,"[""The"", ""travel"", ""company"", ""published"", ""the"", ""validation"", ""result"", ""during"", ""the"", ""meeting"", "".""]","[""O"", ""O"", ""O"", ""O"", ""O"", ""O"", ""O"", ""O"", ""O"", ""O"", ""O""]",[],synthetic_negative
train-01516,The museum curator archived the cliff photograph on Monday.,"[""The"", ""museum"", ""curator"", ""archived"", ""the"", ""cliff"", ""photograph"", ""on"", ""Monday"", "".""]","[""O"", ""O"", ""O"", ""O"", ""O"", ""O"", ""O"", ""O"", ""O"", ""O""]",[],synthetic_negative
train-01517,"Despite the forecast, the climbers continued toward Mount Kazbek.","[""Despite"", ""the"", ""forecast"", "","", ""the"", ""climbers"", ""continued"", ""toward"", ""Mount"", ""Kazbek"", "".""]","[""O"", ""O"", ""O"", ""O"", ""O"", ""O"", ""O"", ""O"", ""B-MOUNTAIN"", ""I-MOUNTAIN"", ""O""]","[{""start"": 52, ""end"": 64, ""label"": ""MOUNTAIN"", ""text"": ""Mount Kazbek""}]",synthetic_positive_single
train-01518,He plans to study glaciers on Mount Meru and Ol Doinyo Lengai.,"[""He"", ""plans"", ""to"", ""study"", ""glaciers"", ""on"", ""Mount"", ""Meru"", ""and"", ""Ol"", ""Doinyo"", ""Lengai"", "".""]","[""O"", ""O"", ""O"", ""O"", ""O"", ""O"", ""B-MOUNTAIN"", ""I-MOUNTAIN"", ""O"", ""B-MOUNTAIN"", ""I-MOUNTAIN"", ""I-MOUNTAIN"", ""O""]","[{""start"": 30, ""end"": 40, ""label"": ""MOUNTAIN"", ""text"": ""Mount Meru""}, {""start"": 45, ""end"": 61, ""label"": ""MOUNTAIN"", ""text"": ""Ol Doinyo Lengai""}]",synthetic_positive_multi
train-01519,The travel company reviewed the camera at the office.,"[""The"", ""travel"", ""company"", ""reviewed"", ""the"", ""camera"", ""at"", ""the"", ""office"", "".""]","[""O"", ""O"", ""O"", ""O"", ""O"", ""O"", ""O"", ""O"", ""O"", ""O""]",[],synthetic_negative
train-01520,The team discussed whether to attempt Mount Ruapehu or Sajama.,"[""The"", ""team"", ""discussed"", ""whether"", ""to"", ""attempt"", ""Mount"", ""Ruapehu"", ""or"", ""Sajama"", "".""]","[""O"", ""O"", ""O"", ""O"", ""O"", ""O"", ""B-MOUNTAIN"", ""I-MOUNTAIN"", ""O"", ""B-MOUNTAIN"", ""O""]","[{""start"": 38, ""end"": 51, ""label"": ""MOUNTAIN"", ""text"": ""Mount Ruapehu""}, {""start"": 55, ""end"": 61, ""label"": ""MOUNTAIN"", ""text"": ""Sajama""}]",synthetic_positive_multi
train-01521,An avalanche warning was issued for the area around Ras Dashen.,"[""An"", ""avalanche"", ""warning"", ""was"", ""issued"", ""for"", ""the"", ""area"", ""around"", ""Ras"", ""Dashen"", "".""]","[""O"", ""O"", ""O"", ""O"", ""O"", ""O"", ""O"", ""O"", ""O"", ""B-MOUNTAIN"", ""I-MOUNTAIN"", ""O""]","[{""start"": 52, ""end"": 62, ""label"": ""MOUNTAIN"", ""text"": ""Ras Dashen""}]",synthetic_positive_single
train-01522,Snow remained on the upper slopes of Mont Blanc.,"[""Snow"", ""remained"", ""on"", ""the"", ""upper"", ""slopes"", ""of"", ""Mont"", ""Blanc"", "".""]","[""O"", ""O"", ""O"", ""O"", ""O"", ""O"", ""O"", ""B-MOUNTAIN"", ""I-MOUNTAIN"", ""O""]","[{""start"": 37, ""end"": 47, ""label"": ""MOUNTAIN"", ""text"": ""Mont Blanc""}]",synthetic_positive_single
train-01523,The expedition leader approved the validation result before lunch.,"[""The"", ""expedition"", ""leader"", ""approved"", ""the"", ""validation"", ""result"", ""before"", ""lunch"", "".""]","[""O"", ""O"", ""O"", ""O"", ""O"", ""O"", ""O"", ""O"", ""O"", ""O""]",[],synthetic_negative
train-01524,The climbing club rejected the research report before the deadline.,"[""The"", ""climbing"", ""club"", ""rejected"", ""the"", ""research"", ""report"", ""before"", ""the"", ""deadline"", "".""]","[""O"", ""O"", ""O"", ""O"", ""O"", ""O"", ""O"", ""O"", ""O"", ""O"", ""O""]",[],synthetic_negative
train-01525,The expedition reached the summit of Machapuchare before noon.,"[""The"", ""expedition"", ""reached"", ""the"", ""summit"", ""of"", ""Machapuchare"", ""before"", ""noon"", "".""]","[""O"", ""O"", ""O"", ""O"", ""O"", ""O"", ""B-MOUNTAIN"", ""O"", ""O"", ""O""]","[{""start"": 37, ""end"": 49, ""label"": ""MOUNTAIN"", ""text"": ""Machapuchare""}]",synthetic_positive_single
train-01526,"By late afternoon, shadows had covered the slopes of Mount Sidley.","[""By"", ""late"", ""afternoon"", "","", ""shadows"", ""had"", ""covered"", ""the"", ""slopes"", ""of"", ""Mount"", ""Sidley"", "".""]","[""O"", ""O"", ""O"", ""O"", ""O"", ""O"", ""O"", ""O"", ""O"", ""O"", ""B-MOUNTAIN"", ""I-MOUNTAIN"", ""O""]","[{""start"": 53, ""end"": 65, ""label"": ""MOUNTAIN"", ""text"": ""Mount Sidley""}]",synthetic_positive_single
train-01527,He plans to study glaciers on Eiger and Mount Agung.,"[""He"", ""plans"", ""to"", ""study"", ""glaciers"", ""on"", ""Eiger"", ""and"", ""Mount"", ""Agung"", "".""]","[""O"", ""O"", ""O"", ""O"", ""O"", ""O"", ""B-MOUNTAIN"", ""O"", ""B-MOUNTAIN"", ""I-MOUNTAIN"", ""O""]","[{""start"": 30, ""end"": 35, ""label"": ""MOUNTAIN"", ""text"": ""Eiger""}, {""start"": 40, ""end"": 51, ""label"": ""MOUNTAIN"", ""text"": ""Mount Agung""}]",synthetic_positive_multi
train-01528,The team discussed whether to attempt Mount Alverstone or Chimborazo.,"[""The"", ""team"", ""discussed"", ""whether"", ""to"", ""attempt"", ""Mount"", ""Alverstone"", ""or"", ""Chimborazo"", "".""]","[""O"", ""O"", ""O"", ""O"", ""O"", ""O"", ""B-MOUNTAIN"", ""I-MOUNTAIN"", ""O"", ""B-MOUNTAIN"", ""O""]","[{""start"": 38, ""end"": 54, ""label"": ""MOUNTAIN"", ""text"": ""Mount Alverstone""}, {""start"": 58, ""end"": 68, ""label"": ""MOUNTAIN"", ""text"": ""Chimborazo""}]",synthetic_positive_multi
train-01529,Wind speeds increased rapidly around Mount Adams.,"[""Wind"", ""speeds"", ""increased"", ""rapidly"", ""around"", ""Mount"", ""Adams"", "".""]","[""O"", ""O"", ""O"", ""O"", ""O"", ""B-MOUNTAIN"", ""I-MOUNTAIN"", ""O""]","[{""start"": 37, ""end"": 48, ""label"": ""MOUNTAIN"", ""text"": ""Mount Adams""}]",synthetic_positive_single
train-01530,The mapping agency shared the validation result after the presentation.,"[""The"", ""mapping"", ""agency"", ""shared"", ""the"", ""validation"", ""result"", ""after"", ""the"", ""presentation"", "".""]","[""O"", ""O"", ""O"", ""O"", ""O"", ""O"", ""O"", ""O"", ""O"", ""O"", ""O""]",[],synthetic_negative
train-01531,The team measured snow depth on Mount Sabalan.,"[""The"", ""team"", ""measured"", ""snow"", ""depth"", ""on"", ""Mount"", ""Sabalan"", "".""]","[""O"", ""O"", ""O"", ""O"", ""O"", ""O"", ""B-MOUNTAIN"", ""I-MOUNTAIN"", ""O""]","[{""start"": 32, ""end"": 45, ""label"": ""MOUNTAIN"", ""text"": ""Mount Sabalan""}]",synthetic_positive_single
train-01532,A documentary crew filmed near Mount Cook.,"[""A"", ""documentary"", ""crew"", ""filmed"", ""near"", ""Mount"", ""Cook"", "".""]","[""O"", ""O"", ""O"", ""O"", ""O"", ""B-MOUNTAIN"", ""I-MOUNTAIN"", ""O""]","[{""start"": 31, ""end"": 41, ""label"": ""MOUNTAIN"", ""text"": ""Mount Cook""}]",synthetic_positive_single
train-01533,The mapping agency approved the research report on Monday.,"[""The"", ""mapping"", ""agency"", ""approved"", ""the"", ""research"", ""report"", ""on"", ""Monday"", "".""]","[""O"", ""O"", ""O"", ""O"", ""O"", ""O"", ""O"", ""O"", ""O"", ""O""]",[],synthetic_negative
train-01534,She hopes to climb Mount Wilhelm next year.,"[""She"", ""hopes"", ""to"", ""climb"", ""Mount"", ""Wilhelm"", ""next"", ""year"", "".""]","[""O"", ""O"", ""O"", ""O"", ""B-MOUNTAIN"", ""I-MOUNTAIN"", ""O"", ""O"", ""O""]","[{""start"": 19, ""end"": 32, ""label"": ""MOUNTAIN"", ""text"": ""Mount Wilhelm""}]",synthetic_positive_single
train-01535,The local council checked the satellite image before the deadline.,"[""The"", ""local"", ""council"", ""checked"", ""the"", ""satellite"", ""image"", ""before"", ""the"", ""deadline"", "".""]","[""O"", ""O"", ""O"", ""O"", ""O"", ""O"", ""O"", ""O"", ""O"", ""O"", ""O""]",[],synthetic_negative
train-01536,Have you ever seen Gasherbrum I in winter?,"[""Have"", ""you"", ""ever"", ""seen"", ""Gasherbrum"", ""I"", ""in"", ""winter"", ""?""]","[""O"", ""O"", ""O"", ""O"", ""B-MOUNTAIN"", ""I-MOUNTAIN"", ""O"", ""O"", ""O""]","[{""start"": 19, ""end"": 31, ""label"": ""MOUNTAIN"", ""text"": ""Gasherbrum I""}]",synthetic_positive_single
train-01537,The glacier on Mount Kosciuszko has retreated in recent decades.,"[""The"", ""glacier"", ""on"", ""Mount"", ""Kosciuszko"", ""has"", ""retreated"", ""in"", ""recent"", ""decades"", "".""]","[""O"", ""O"", ""O"", ""B-MOUNTAIN"", ""I-MOUNTAIN"", ""O"", ""O"", ""O"", ""O"", ""O"", ""O""]","[{""start"": 15, ""end"": 31, ""label"": ""MOUNTAIN"", ""text"": ""Mount Kosciuszko""}]",synthetic_positive_single
train-01538,The team discussed whether to attempt Mount Columbia or Mount Hunter.,"[""The"", ""team"", ""discussed"", ""whether"", ""to"", ""attempt"", ""Mount"", ""Columbia"", ""or"", ""Mount"", ""Hunter"", "".""]","[""O"", ""O"", ""O"", ""O"", ""O"", ""O"", ""B-MOUNTAIN"", ""I-MOUNTAIN"", ""O"", ""B-MOUNTAIN"", ""I-MOUNTAIN"", ""O""]","[{""start"": 38, ""end"": 52, ""label"": ""MOUNTAIN"", ""text"": ""Mount Columbia""}, {""start"": 56, ""end"": 68, ""label"": ""MOUNTAIN"", ""text"": ""Mount Hunter""}]",synthetic_positive_multi
train-01539,The guide warned us not to underestimate Huayna Potosi.,"[""The"", ""guide"", ""warned"", ""us"", ""not"", ""to"", ""underestimate"", ""Huayna"", ""Potosi"", "".""]","[""O"", ""O"", ""O"", ""O"", ""O"", ""O"", ""O"", ""B-MOUNTAIN"", ""I-MOUNTAIN"", ""O""]","[{""start"": 41, ""end"": 54, ""label"": ""MOUNTAIN"", ""text"": ""Huayna Potosi""}]",synthetic_positive_single
train-01540,The museum curator checked the cliff photograph in the final report.,"[""The"", ""museum"", ""curator"", ""checked"", ""the"", ""cliff"", ""photograph"", ""in"", ""the"", ""final"", ""report"", "".""]","[""O"", ""O"", ""O"", ""O"", ""O"", ""O"", ""O"", ""O"", ""O"", ""O"", ""O"", ""O""]",[],synthetic_negative
train-01541,The museum curator updated the dataset in the final report.,"[""The"", ""museum"", ""curator"", ""updated"", ""the"", ""dataset"", ""in"", ""the"", ""final"", ""report"", "".""]","[""O"", ""O"", ""O"", ""O"", ""O"", ""O"", ""O"", ""O"", ""O"", ""O"", ""O""]",[],synthetic_negative
train-01542,The expedition leader archived the camera during the conference.,"[""The"", ""expedition"", ""leader"", ""archived"", ""the"", ""camera"", ""during"", ""the"", ""conference"", "".""]","[""O"", ""O"", ""O"", ""O"", ""O"", ""O"", ""O"", ""O"", ""O"", ""O""]",[],synthetic_negative
train-01543,"In the final chapter, the author describes an ascent of Alpamayo.","[""In"", ""the"", ""final"", ""chapter"", "","", ""the"", ""author"", ""describes"", ""an"", ""ascent"", ""of"", ""Alpamayo"", "".""]","[""O"", ""O"", ""O"", ""O"", ""O"", ""O"", ""O"", ""O"", ""O"", ""O"", ""O"", ""B-MOUNTAIN"", ""O""]","[{""start"": 56, ""end"": 64, ""label"": ""MOUNTAIN"", ""text"": ""Alpamayo""}]",synthetic_positive_single
train-01544,The weather service published the product range during the meeting.,"[""The"", ""weather"", ""service"", ""published"", ""the"", ""product"", ""range"", ""during"", ""the"", ""meeting"", "".""]","[""O"", ""O"", ""O"", ""O"", ""O"", ""O"", ""O"", ""O"", ""O"", ""O"", ""O""]",[],synthetic_negative
train-01545,The route to Mount Cameroon was closed after the storm.,"[""The"", ""route"", ""to"", ""Mount"", ""Cameroon"", ""was"", ""closed"", ""after"", ""the"", ""storm"", "".""]","[""O"", ""O"", ""O"", ""B-MOUNTAIN"", ""I-MOUNTAIN"", ""O"", ""O"", ""O"", ""O"", ""O"", ""O""]","[{""start"": 13, ""end"": 27, ""label"": ""MOUNTAIN"", ""text"": ""Mount Cameroon""}]",synthetic_positive_single
train-01546,The rescue team returned safely from Mount Murchison.,"[""The"", ""rescue"", ""team"", ""returned"", ""safely"", ""from"", ""Mount"", ""Murchison"", "".""]","[""O"", ""O"", ""O"", ""O"", ""O"", ""O"", ""B-MOUNTAIN"", ""I-MOUNTAIN"", ""O""]","[{""start"": 37, ""end"": 52, ""label"": ""MOUNTAIN"", ""text"": ""Mount Murchison""}]",synthetic_positive_single
train-01547,He plans to study glaciers on Mount Elbrus and Mount Everest.,"[""He"", ""plans"", ""to"", ""study"", ""glaciers"", ""on"", ""Mount"", ""Elbrus"", ""and"", ""Mount"", ""Everest"", "".""]","[""O"", ""O"", ""O"", ""O"", ""O"", ""O"", ""B-MOUNTAIN"", ""I-MOUNTAIN"", ""O"", ""B-MOUNTAIN"", ""I-MOUNTAIN"", ""O""]","[{""start"": 30, ""end"": 42, ""label"": ""MOUNTAIN"", ""text"": ""Mount Elbrus""}, {""start"": 47, ""end"": 60, ""label"": ""MOUNTAIN"", ""text"": ""Mount Everest""}]",synthetic_positive_multi
train-01548,The tourist group rejected the validation result after the presentation.,"[""The"", ""tourist"", ""group"", ""rejected"", ""the"", ""validation"", ""result"", ""after"", ""the"", ""presentation"", "".""]","[""O"", ""O"", ""O"", ""O"", ""O"", ""O"", ""O"", ""O"", ""O"", ""O"", ""O""]",[],synthetic_negative
train-01549,"She has photographed Manaslu, Kangchenjunga, and several nearby peaks.","[""She"", ""has"", ""photographed"", ""Manaslu"", "","", ""Kangchenjunga"", "","", ""and"", ""several"", ""nearby"", ""peaks"", "".""]","[""O"", ""O"", ""O"", ""B-MOUNTAIN"", ""O"", ""B-MOUNTAIN"", ""O"", ""O"", ""O"", ""O"", ""O"", ""O""]","[{""start"": 21, ""end"": 28, ""label"": ""MOUNTAIN"", ""text"": ""Manaslu""}, {""start"": 30, ""end"": 43, ""label"": ""MOUNTAIN"", ""text"": ""Kangchenjunga""}]",synthetic_positive_multi
train-01550,A helicopter circled above Mount Whitney during the rescue.,"[""A"", ""helicopter"", ""circled"", ""above"", ""Mount"", ""Whitney"", ""during"", ""the"", ""rescue"", "".""]","[""O"", ""O"", ""O"", ""O"", ""B-MOUNTAIN"", ""I-MOUNTAIN"", ""O"", ""O"", ""O"", ""O""]","[{""start"": 27, ""end"": 40, ""label"": ""MOUNTAIN"", ""text"": ""Mount Whitney""}]",synthetic_positive_single
train-01551,Weather stations near Mount Shasta and Mount Augusta recorded strong winds.,"[""Weather"", ""stations"", ""near"", ""Mount"", ""Shasta"", ""and"", ""Mount"", ""Augusta"", ""recorded"", ""strong"", ""winds"", "".""]","[""O"", ""O"", ""O"", ""B-MOUNTAIN"", ""I-MOUNTAIN"", ""O"", ""B-MOUNTAIN"", ""I-MOUNTAIN"", ""O"", ""O"", ""O"", ""O""]","[{""start"": 22, ""end"": 34, ""label"": ""MOUNTAIN"", ""text"": ""Mount Shasta""}, {""start"": 39, ""end"": 52, ""label"": ""MOUNTAIN"", ""text"": ""Mount Augusta""}]",synthetic_positive_multi
train-01552,The guide warned us not to underestimate Mount Shasta.,"[""The"", ""guide"", ""warned"", ""us"", ""not"", ""to"", ""underestimate"", ""Mount"", ""Shasta"", "".""]","[""O"", ""O"", ""O"", ""O"", ""O"", ""O"", ""O"", ""B-MOUNTAIN"", ""I-MOUNTAIN"", ""O""]","[{""start"": 41, ""end"": 53, ""label"": ""MOUNTAIN"", ""text"": ""Mount Shasta""}]",synthetic_positive_single
train-01553,The tourist group printed the research report at the airport.,"[""The"", ""tourist"", ""group"", ""printed"", ""the"", ""research"", ""report"", ""at"", ""the"", ""airport"", "".""]","[""O"", ""O"", ""O"", ""O"", ""O"", ""O"", ""O"", ""O"", ""O"", ""O"", ""O""]",[],synthetic_negative
train-01554,The film crew translated the budget at the airport.,"[""The"", ""film"", ""crew"", ""translated"", ""the"", ""budget"", ""at"", ""the"", ""airport"", "".""]","[""O"", ""O"", ""O"", ""O"", ""O"", ""O"", ""O"", ""O"", ""O"", ""O""]",[],synthetic_negative
train-01555,"During the spring survey, scientists visited Mount Ararat.","[""During"", ""the"", ""spring"", ""survey"", "","", ""scientists"", ""visited"", ""Mount"", ""Ararat"", "".""]","[""O"", ""O"", ""O"", ""O"", ""O"", ""O"", ""O"", ""B-MOUNTAIN"", ""I-MOUNTAIN"", ""O""]","[{""start"": 45, ""end"": 57, ""label"": ""MOUNTAIN"", ""text"": ""Mount Ararat""}]",synthetic_positive_single
train-01556,"In the final chapter, the author describes an ascent of Manaslu.","[""In"", ""the"", ""final"", ""chapter"", "","", ""the"", ""author"", ""describes"", ""an"", ""ascent"", ""of"", ""Manaslu"", "".""]","[""O"", ""O"", ""O"", ""O"", ""O"", ""O"", ""O"", ""O"", ""O"", ""O"", ""O"", ""B-MOUNTAIN"", ""O""]","[{""start"": 56, ""end"": 63, ""label"": ""MOUNTAIN"", ""text"": ""Manaslu""}]",synthetic_positive_single
train-01557,Weather stations near Manaslu and Mount Elbrus recorded strong winds.,"[""Weather"", ""stations"", ""near"", ""Manaslu"", ""and"", ""Mount"", ""Elbrus"", ""recorded"", ""strong"", ""winds"", "".""]","[""O"", ""O"", ""O"", ""B-MOUNTAIN"", ""O"", ""B-MOUNTAIN"", ""I-MOUNTAIN"", ""O"", ""O"", ""O"", ""O""]","[{""start"": 22, ""end"": 29, ""label"": ""MOUNTAIN"", ""text"": ""Manaslu""}, {""start"": 34, ""end"": 46, ""label"": ""MOUNTAIN"", ""text"": ""Mount Elbrus""}]",synthetic_positive_multi
train-01558,The film crew reviewed the valley on Monday.,"[""The"", ""film"", ""crew"", ""reviewed"", ""the"", ""valley"", ""on"", ""Monday"", "".""]","[""O"", ""O"", ""O"", ""O"", ""O"", ""O"", ""O"", ""O"", ""O""]",[],synthetic_negative
train-01559,"Despite the forecast, the climbers continued toward Mount Bear.","[""Despite"", ""the"", ""forecast"", "","", ""the"", ""climbers"", ""continued"", ""toward"", ""Mount"", ""Bear"", "".""]","[""O"", ""O"", ""O"", ""O"", ""O"", ""O"", ""O"", ""O"", ""B-MOUNTAIN"", ""I-MOUNTAIN"", ""O""]","[{""start"": 52, ""end"": 62, ""label"": ""MOUNTAIN"", ""text"": ""Mount Bear""}]",synthetic_positive_single
train-01560,The expedition leader updated the hotel booking on Monday.,"[""The"", ""expedition"", ""leader"", ""updated"", ""the"", ""hotel"", ""booking"", ""on"", ""Monday"", "".""]","[""O"", ""O"", ""O"", ""O"", ""O"", ""O"", ""O"", ""O"", ""O"", ""O""]",[],synthetic_negative
train-01561,The tourist group discussed the cliff photograph after the presentation.,"[""The"", ""tourist"", ""group"", ""discussed"", ""the"", ""cliff"", ""photograph"", ""after"", ""the"", ""presentation"", "".""]","[""O"", ""O"", ""O"", ""O"", ""O"", ""O"", ""O"", ""O"", ""O"", ""O"", ""O""]",[],synthetic_negative
train-01562,Our map marks Annapurna with a red triangle.,"[""Our"", ""map"", ""marks"", ""Annapurna"", ""with"", ""a"", ""red"", ""triangle"", "".""]","[""O"", ""O"", ""O"", ""B-MOUNTAIN"", ""O"", ""O"", ""O"", ""O"", ""O""]","[{""start"": 14, ""end"": 23, ""label"": ""MOUNTAIN"", ""text"": ""Annapurna""}]",synthetic_positive_single
train-01563,Images of Hoverla were placed beside photographs of Huayna Potosi.,"[""Images"", ""of"", ""Hoverla"", ""were"", ""placed"", ""beside"", ""photographs"", ""of"", ""Huayna"", ""Potosi"", "".""]","[""O"", ""O"", ""B-MOUNTAIN"", ""O"", ""O"", ""O"", ""O"", ""O"", ""B-MOUNTAIN"", ""I-MOUNTAIN"", ""O""]","[{""start"": 10, ""end"": 17, ""label"": ""MOUNTAIN"", ""text"": ""Hoverla""}, {""start"": 52, ""end"": 65, ""label"": ""MOUNTAIN"", ""text"": ""Huayna Potosi""}]",synthetic_positive_multi
train-01564,The rescue team returned safely from Mount Fuji.,"[""The"", ""rescue"", ""team"", ""returned"", ""safely"", ""from"", ""Mount"", ""Fuji"", "".""]","[""O"", ""O"", ""O"", ""O"", ""O"", ""O"", ""B-MOUNTAIN"", ""I-MOUNTAIN"", ""O""]","[{""start"": 37, ""end"": 47, ""label"": ""MOUNTAIN"", ""text"": ""Mount Fuji""}]",synthetic_positive_single
train-01565,Heavy clouds covered Ama Dablam throughout the morning.,"[""Heavy"", ""clouds"", ""covered"", ""Ama"", ""Dablam"", ""throughout"", ""the"", ""morning"", "".""]","[""O"", ""O"", ""O"", ""B-MOUNTAIN"", ""I-MOUNTAIN"", ""O"", ""O"", ""O"", ""O""]","[{""start"": 21, ""end"": 31, ""label"": ""MOUNTAIN"", ""text"": ""Ama Dablam""}]",synthetic_positive_single
train-01566,The map labels both Mount Churchill and Mount Vancouver.,"[""The"", ""map"", ""labels"", ""both"", ""Mount"", ""Churchill"", ""and"", ""Mount"", ""Vancouver"", "".""]","[""O"", ""O"", ""O"", ""O"", ""B-MOUNTAIN"", ""I-MOUNTAIN"", ""O"", ""B-MOUNTAIN"", ""I-MOUNTAIN"", ""O""]","[{""start"": 20, ""end"": 35, ""label"": ""MOUNTAIN"", ""text"": ""Mount Churchill""}, {""start"": 40, ""end"": 55, ""label"": ""MOUNTAIN"", ""text"": ""Mount Vancouver""}]",synthetic_positive_multi
train-01567,The article compares climbing conditions on Mount Bona with those on Eiger.,"[""The"", ""article"", ""compares"", ""climbing"", ""conditions"", ""on"", ""Mount"", ""Bona"", ""with"", ""those"", ""on"", ""Eiger"", "".""]","[""O"", ""O"", ""O"", ""O"", ""O"", ""O"", ""B-MOUNTAIN"", ""I-MOUNTAIN"", ""O"", ""O"", ""O"", ""B-MOUNTAIN"", ""O""]","[{""start"": 44, ""end"": 54, ""label"": ""MOUNTAIN"", ""text"": ""Mount Bona""}, {""start"": 69, ""end"": 74, ""label"": ""MOUNTAIN"", ""text"": ""Eiger""}]",synthetic_positive_multi
train-01568,"During the spring survey, scientists visited Puncak Jaya.","[""During"", ""the"", ""spring"", ""survey"", "","", ""scientists"", ""visited"", ""Puncak"", ""Jaya"", "".""]","[""O"", ""O"", ""O"", ""O"", ""O"", ""O"", ""O"", ""B-MOUNTAIN"", ""I-MOUNTAIN"", ""O""]","[{""start"": 45, ""end"": 56, ""label"": ""MOUNTAIN"", ""text"": ""Puncak Jaya""}]",synthetic_positive_single
train-01569,The expedition leader discussed the conference program after the presentation.,"[""The"", ""expedition"", ""leader"", ""discussed"", ""the"", ""conference"", ""program"", ""after"", ""the"", ""presentation"", "".""]","[""O"", ""O"", ""O"", ""O"", ""O"", ""O"", ""O"", ""O"", ""O"", ""O"", ""O""]",[],synthetic_negative
train-01570,The team measured snow depth on Mount Blackburn.,"[""The"", ""team"", ""measured"", ""snow"", ""depth"", ""on"", ""Mount"", ""Blackburn"", "".""]","[""O"", ""O"", ""O"", ""O"", ""O"", ""O"", ""B-MOUNTAIN"", ""I-MOUNTAIN"", ""O""]","[{""start"": 32, ""end"": 47, ""label"": ""MOUNTAIN"", ""text"": ""Mount Blackburn""}]",synthetic_positive_single
train-01571,The mapping agency translated the ridge map on Monday.,"[""The"", ""mapping"", ""agency"", ""translated"", ""the"", ""ridge"", ""map"", ""on"", ""Monday"", "".""]","[""O"", ""O"", ""O"", ""O"", ""O"", ""O"", ""O"", ""O"", ""O"", ""O""]",[],synthetic_negative
train-01572,Aconcagua attracts climbers from around the world.,"[""Aconcagua"", ""attracts"", ""climbers"", ""from"", ""around"", ""the"", ""world"", "".""]","[""B-MOUNTAIN"", ""O"", ""O"", ""O"", ""O"", ""O"", ""O"", ""O""]","[{""start"": 0, ""end"": 9, ""label"": ""MOUNTAIN"", ""text"": ""Aconcagua""}]",synthetic_positive_single
train-01573,A new trail provides access to Mount Blackburn.,"[""A"", ""new"", ""trail"", ""provides"", ""access"", ""to"", ""Mount"", ""Blackburn"", "".""]","[""O"", ""O"", ""O"", ""O"", ""O"", ""O"", ""B-MOUNTAIN"", ""I-MOUNTAIN"", ""O""]","[{""start"": 31, ""end"": 46, ""label"": ""MOUNTAIN"", ""text"": ""Mount Blackburn""}]",synthetic_positive_single
train-01574,A new trail provides access to Mount Meru.,"[""A"", ""new"", ""trail"", ""provides"", ""access"", ""to"", ""Mount"", ""Meru"", "".""]","[""O"", ""O"", ""O"", ""O"", ""O"", ""O"", ""B-MOUNTAIN"", ""I-MOUNTAIN"", ""O""]","[{""start"": 31, ""end"": 41, ""label"": ""MOUNTAIN"", ""text"": ""Mount Meru""}]",synthetic_positive_single
train-01575,Our route passes near Mount Wilhelm before turning toward Mount Kenya.,"[""Our"", ""route"", ""passes"", ""near"", ""Mount"", ""Wilhelm"", ""before"", ""turning"", ""toward"", ""Mount"", ""Kenya"", "".""]","[""O"", ""O"", ""O"", ""O"", ""B-MOUNTAIN"", ""I-MOUNTAIN"", ""O"", ""O"", ""O"", ""B-MOUNTAIN"", ""I-MOUNTAIN"", ""O""]","[{""start"": 22, ""end"": 35, ""label"": ""MOUNTAIN"", ""text"": ""Mount Wilhelm""}, {""start"": 58, ""end"": 69, ""label"": ""MOUNTAIN"", ""text"": ""Mount Kenya""}]",synthetic_positive_multi
train-01576,"Unlike Jebel Toubkal, Gasherbrum I was hidden by clouds.","[""Unlike"", ""Jebel"", ""Toubkal"", "","", ""Gasherbrum"", ""I"", ""was"", ""hidden"", ""by"", ""clouds"", "".""]","[""O"", ""B-MOUNTAIN"", ""I-MOUNTAIN"", ""O"", ""B-MOUNTAIN"", ""I-MOUNTAIN"", ""O"", ""O"", ""O"", ""O"", ""O""]","[{""start"": 7, ""end"": 20, ""label"": ""MOUNTAIN"", ""text"": ""Jebel Toubkal""}, {""start"": 22, ""end"": 34, ""label"": ""MOUNTAIN"", ""text"": ""Gasherbrum I""}]",synthetic_positive_multi
train-01577,The expedition leader printed the weather forecast during the meeting.,"[""The"", ""expedition"", ""leader"", ""printed"", ""the"", ""weather"", ""forecast"", ""during"", ""the"", ""meeting"", "".""]","[""O"", ""O"", ""O"", ""O"", ""O"", ""O"", ""O"", ""O"", ""O"", ""O"", ""O""]",[],synthetic_negative
train-01578,The photograph shows Mount Hood at sunrise.,"[""The"", ""photograph"", ""shows"", ""Mount"", ""Hood"", ""at"", ""sunrise"", "".""]","[""O"", ""O"", ""O"", ""B-MOUNTAIN"", ""I-MOUNTAIN"", ""O"", ""O"", ""O""]","[{""start"": 21, ""end"": 31, ""label"": ""MOUNTAIN"", ""text"": ""Mount Hood""}]",synthetic_positive_single
train-01579,The documentary follows expeditions to Mount Alverstone and later to Mount Damavand.,"[""The"", ""documentary"", ""follows"", ""expeditions"", ""to"", ""Mount"", ""Alverstone"", ""and"", ""later"", ""to"", ""Mount"", ""Damavand"", "".""]","[""O"", ""O"", ""O"", ""O"", ""O"", ""B-MOUNTAIN"", ""I-MOUNTAIN"", ""O"", ""O"", ""O"", ""B-MOUNTAIN"", ""I-MOUNTAIN"", ""O""]","[{""start"": 39, ""end"": 55, ""label"": ""MOUNTAIN"", ""text"": ""Mount Alverstone""}, {""start"": 69, ""end"": 83, ""label"": ""MOUNTAIN"", ""text"": ""Mount Damavand""}]",synthetic_positive_multi
train-01580,We could clearly see Hoverla from the valley.,"[""We"", ""could"", ""clearly"", ""see"", ""Hoverla"", ""from"", ""the"", ""valley"", "".""]","[""O"", ""O"", ""O"", ""O"", ""B-MOUNTAIN"", ""O"", ""O"", ""O"", ""O""]","[{""start"": 21, ""end"": 28, ""label"": ""MOUNTAIN"", ""text"": ""Hoverla""}]",synthetic_positive_single
train-01581,"After weeks of preparation, the group departed for Broad Peak.","[""After"", ""weeks"", ""of"", ""preparation"", "","", ""the"", ""group"", ""departed"", ""for"", ""Broad"", ""Peak"", "".""]","[""O"", ""O"", ""O"", ""O"", ""O"", ""O"", ""O"", ""O"", ""O"", ""B-MOUNTAIN"", ""I-MOUNTAIN"", ""O""]","[{""start"": 51, ""end"": 61, ""label"": ""MOUNTAIN"", ""text"": ""Broad Peak""}]",synthetic_positive_single
train-01582,The climbers postponed their attempt on Grand Teton.,"[""The"", ""climbers"", ""postponed"", ""their"", ""attempt"", ""on"", ""Grand"", ""Teton"", "".""]","[""O"", ""O"", ""O"", ""O"", ""O"", ""O"", ""B-MOUNTAIN"", ""I-MOUNTAIN"", ""O""]","[{""start"": 40, ""end"": 51, ""label"": ""MOUNTAIN"", ""text"": ""Grand Teton""}]",synthetic_positive_single
train-01583,"Yesterday, Mount Murchison was barely visible through the mist.","[""Yesterday"", "","", ""Mount"", ""Murchison"", ""was"", ""barely"", ""visible"", ""through"", ""the"", ""mist"", "".""]","[""O"", ""O"", ""B-MOUNTAIN"", ""I-MOUNTAIN"", ""O"", ""O"", ""O"", ""O"", ""O"", ""O"", ""O""]","[{""start"": 11, ""end"": 26, ""label"": ""MOUNTAIN"", ""text"": ""Mount Murchison""}]",synthetic_positive_single
train-01584,The museum curator compared the camera before the deadline.,"[""The"", ""museum"", ""curator"", ""compared"", ""the"", ""camera"", ""before"", ""the"", ""deadline"", "".""]","[""O"", ""O"", ""O"", ""O"", ""O"", ""O"", ""O"", ""O"", ""O"", ""O""]",[],synthetic_negative
train-01585,They began their ascent of Mount Tate at dawn.,"[""They"", ""began"", ""their"", ""ascent"", ""of"", ""Mount"", ""Tate"", ""at"", ""dawn"", "".""]","[""O"", ""O"", ""O"", ""O"", ""O"", ""B-MOUNTAIN"", ""I-MOUNTAIN"", ""O"", ""O"", ""O""]","[{""start"": 27, ""end"": 37, ""label"": ""MOUNTAIN"", ""text"": ""Mount Tate""}]",synthetic_positive_single
train-01586,Heavy clouds covered Cho Oyu throughout the morning.,"[""Heavy"", ""clouds"", ""covered"", ""Cho"", ""Oyu"", ""throughout"", ""the"", ""morning"", "".""]","[""O"", ""O"", ""O"", ""B-MOUNTAIN"", ""I-MOUNTAIN"", ""O"", ""O"", ""O"", ""O""]","[{""start"": 21, ""end"": 28, ""label"": ""MOUNTAIN"", ""text"": ""Cho Oyu""}]",synthetic_positive_single
train-01587,The guide warned us not to underestimate Haleakala.,"[""The"", ""guide"", ""warned"", ""us"", ""not"", ""to"", ""underestimate"", ""Haleakala"", "".""]","[""O"", ""O"", ""O"", ""O"", ""O"", ""O"", ""O"", ""B-MOUNTAIN"", ""O""]","[{""start"": 41, ""end"": 50, ""label"": ""MOUNTAIN"", ""text"": ""Haleakala""}]",synthetic_positive_single
train-01588,"Yesterday, Mount Foraker was barely visible through the mist.","[""Yesterday"", "","", ""Mount"", ""Foraker"", ""was"", ""barely"", ""visible"", ""through"", ""the"", ""mist"", "".""]","[""O"", ""O"", ""B-MOUNTAIN"", ""I-MOUNTAIN"", ""O"", ""O"", ""O"", ""O"", ""O"", ""O"", ""O""]","[{""start"": 11, ""end"": 24, ""label"": ""MOUNTAIN"", ""text"": ""Mount Foraker""}]",synthetic_positive_single
train-01589,The travel company compared the budget after the presentation.,"[""The"", ""travel"", ""company"", ""compared"", ""the"", ""budget"", ""after"", ""the"", ""presentation"", "".""]","[""O"", ""O"", ""O"", ""O"", ""O"", ""O"", ""O"", ""O"", ""O"", ""O""]",[],synthetic_negative
train-01590,Several routes lead toward the summit of Illimani.,"[""Several"", ""routes"", ""lead"", ""toward"", ""the"", ""summit"", ""of"", ""Illimani"", "".""]","[""O"", ""O"", ""O"", ""O"", ""O"", ""O"", ""O"", ""B-MOUNTAIN"", ""O""]","[{""start"": 41, ""end"": 49, ""label"": ""MOUNTAIN"", ""text"": ""Illimani""}]",synthetic_positive_single
train-01591,The expedition leader rejected the schedule on Monday.,"[""The"", ""expedition"", ""leader"", ""rejected"", ""the"", ""schedule"", ""on"", ""Monday"", "".""]","[""O"", ""O"", ""O"", ""O"", ""O"", ""O"", ""O"", ""O"", ""O""]",[],synthetic_negative
train-01592,The photograph shows Mount Kosciuszko at sunrise.,"[""The"", ""photograph"", ""shows"", ""Mount"", ""Kosciuszko"", ""at"", ""sunrise"", "".""]","[""O"", ""O"", ""O"", ""B-MOUNTAIN"", ""I-MOUNTAIN"", ""O"", ""O"", ""O""]","[{""start"": 21, ""end"": 37, ""label"": ""MOUNTAIN"", ""text"": ""Mount Kosciuszko""}]",synthetic_positive_single
train-01593,The climbing club archived the forest trail in the laboratory.,"[""The"", ""climbing"", ""club"", ""archived"", ""the"", ""forest"", ""trail"", ""in"", ""the"", ""laboratory"", "".""]","[""O"", ""O"", ""O"", ""O"", ""O"", ""O"", ""O"", ""O"", ""O"", ""O"", ""O""]",[],synthetic_negative
train-01594,The map labels both Mount Saint Elias and Mount Sanford.,"[""The"", ""map"", ""labels"", ""both"", ""Mount"", ""Saint"", ""Elias"", ""and"", ""Mount"", ""Sanford"", "".""]","[""O"", ""O"", ""O"", ""O"", ""B-MOUNTAIN"", ""I-MOUNTAIN"", ""I-MOUNTAIN"", ""O"", ""B-MOUNTAIN"", ""I-MOUNTAIN"", ""O""]","[{""start"": 20, ""end"": 37, ""label"": ""MOUNTAIN"", ""text"": ""Mount Saint Elias""}, {""start"": 42, ""end"": 55, ""label"": ""MOUNTAIN"", ""text"": ""Mount Sanford""}]",synthetic_positive_multi
train-01595,The base camp below Annapurna was moved to safer ground.,"[""The"", ""base"", ""camp"", ""below"", ""Annapurna"", ""was"", ""moved"", ""to"", ""safer"", ""ground"", "".""]","[""O"", ""O"", ""O"", ""O"", ""B-MOUNTAIN"", ""O"", ""O"", ""O"", ""O"", ""O"", ""O""]","[{""start"": 20, ""end"": 29, ""label"": ""MOUNTAIN"", ""text"": ""Annapurna""}]",synthetic_positive_single
train-01596,The climbing club printed the glacier report during the conference.,"[""The"", ""climbing"", ""club"", ""printed"", ""the"", ""glacier"", ""report"", ""during"", ""the"", ""conference"", "".""]","[""O"", ""O"", ""O"", ""O"", ""O"", ""O"", ""O"", ""O"", ""O"", ""O"", ""O""]",[],synthetic_negative
train-01597,Weather stations near Mount Murchison and Monte Rosa recorded strong winds.,"[""Weather"", ""stations"", ""near"", ""Mount"", ""Murchison"", ""and"", ""Monte"", ""Rosa"", ""recorded"", ""strong"", ""winds"", "".""]","[""O"", ""O"", ""O"", ""B-MOUNTAIN"", ""I-MOUNTAIN"", ""O"", ""B-MOUNTAIN"", ""I-MOUNTAIN"", ""O"", ""O"", ""O"", ""O""]","[{""start"": 22, ""end"": 37, ""label"": ""MOUNTAIN"", ""text"": ""Mount Murchison""}, {""start"": 42, ""end"": 52, ""label"": ""MOUNTAIN"", ""text"": ""Monte Rosa""}]",synthetic_positive_multi
train-01598,"In the final chapter, the author describes an ascent of Mount Cook.","[""In"", ""the"", ""final"", ""chapter"", "","", ""the"", ""author"", ""describes"", ""an"", ""ascent"", ""of"", ""Mount"", ""Cook"", "".""]","[""O"", ""O"", ""O"", ""O"", ""O"", ""O"", ""O"", ""O"", ""O"", ""O"", ""O"", ""B-MOUNTAIN"", ""I-MOUNTAIN"", ""O""]","[{""start"": 56, ""end"": 66, ""label"": ""MOUNTAIN"", ""text"": ""Mount Cook""}]",synthetic_positive_single
train-01599,The weather service updated the summit plan on Monday.,"[""The"", ""weather"", ""service"", ""updated"", ""the"", ""summit"", ""plan"", ""on"", ""Monday"", "".""]","[""O"", ""O"", ""O"", ""O"", ""O"", ""O"", ""O"", ""O"", ""O"", ""O""]",[],synthetic_negative
train-01600,The university department updated the conference program before lunch.,"[""The"", ""university"", ""department"", ""updated"", ""the"", ""conference"", ""program"", ""before"", ""lunch"", "".""]","[""O"", ""O"", ""O"", ""O"", ""O"", ""O"", ""O"", ""O"", ""O"", ""O""]",[],synthetic_negative
train-01601,The university department approved the glacier report at the office.,"[""The"", ""university"", ""department"", ""approved"", ""the"", ""glacier"", ""report"", ""at"", ""the"", ""office"", "".""]","[""O"", ""O"", ""O"", ""O"", ""O"", ""O"", ""O"", ""O"", ""O"", ""O"", ""O""]",[],synthetic_negative
train-01602,The climbing club rejected the validation result in the final report.,"[""The"", ""climbing"", ""club"", ""rejected"", ""the"", ""validation"", ""result"", ""in"", ""the"", ""final"", ""report"", "".""]","[""O"", ""O"", ""O"", ""O"", ""O"", ""O"", ""O"", ""O"", ""O"", ""O"", ""O"", ""O""]",[],synthetic_negative
train-01603,Mountain View is a city in California.,"[""Mountain"", ""View"", ""is"", ""a"", ""city"", ""in"", ""California"", "".""]","[""O"", ""O"", ""O"", ""O"", ""O"", ""O"", ""O"", ""O""]",[],synthetic_hard_negative
train-01604,The expedition leader approved the budget during the meeting.,"[""The"", ""expedition"", ""leader"", ""approved"", ""the"", ""budget"", ""during"", ""the"", ""meeting"", "".""]","[""O"", ""O"", ""O"", ""O"", ""O"", ""O"", ""O"", ""O"", ""O"", ""O""]",[],synthetic_negative
train-01605,"Yesterday, Kongur Tagh was barely visible through the mist.","[""Yesterday"", "","", ""Kongur"", ""Tagh"", ""was"", ""barely"", ""visible"", ""through"", ""the"", ""mist"", "".""]","[""O"", ""O"", ""B-MOUNTAIN"", ""I-MOUNTAIN"", ""O"", ""O"", ""O"", ""O"", ""O"", ""O"", ""O""]","[{""start"": 11, ""end"": 22, ""label"": ""MOUNTAIN"", ""text"": ""Kongur Tagh""}]",synthetic_positive_single
train-01606,"Despite the forecast, the climbers continued toward Aconcagua.","[""Despite"", ""the"", ""forecast"", "","", ""the"", ""climbers"", ""continued"", ""toward"", ""Aconcagua"", "".""]","[""O"", ""O"", ""O"", ""O"", ""O"", ""O"", ""O"", ""O"", ""B-MOUNTAIN"", ""O""]","[{""start"": 52, ""end"": 61, ""label"": ""MOUNTAIN"", ""text"": ""Aconcagua""}]",synthetic_positive_single
train-01607,The climbers postponed their attempt on Mount Shasta.,"[""The"", ""climbers"", ""postponed"", ""their"", ""attempt"", ""on"", ""Mount"", ""Shasta"", "".""]","[""O"", ""O"", ""O"", ""O"", ""O"", ""O"", ""B-MOUNTAIN"", ""I-MOUNTAIN"", ""O""]","[{""start"": 40, ""end"": 52, ""label"": ""MOUNTAIN"", ""text"": ""Mount Shasta""}]",synthetic_positive_single
train-01608,The local council printed the cliff photograph before lunch.,"[""The"", ""local"", ""council"", ""printed"", ""the"", ""cliff"", ""photograph"", ""before"", ""lunch"", "".""]","[""O"", ""O"", ""O"", ""O"", ""O"", ""O"", ""O"", ""O"", ""O"", ""O""]",[],synthetic_negative
train-01609,The team discussed whether to attempt Mount Fuji or Kangchenjunga.,"[""The"", ""team"", ""discussed"", ""whether"", ""to"", ""attempt"", ""Mount"", ""Fuji"", ""or"", ""Kangchenjunga"", "".""]","[""O"", ""O"", ""O"", ""O"", ""O"", ""O"", ""B-MOUNTAIN"", ""I-MOUNTAIN"", ""O"", ""B-MOUNTAIN"", ""O""]","[{""start"": 38, ""end"": 48, ""label"": ""MOUNTAIN"", ""text"": ""Mount Fuji""}, {""start"": 52, ""end"": 65, ""label"": ""MOUNTAIN"", ""text"": ""Kangchenjunga""}]",synthetic_positive_multi
train-01610,The article compares climbing conditions on Mount Churchill with those on Mount Haidinger.,"[""The"", ""article"", ""compares"", ""climbing"", ""conditions"", ""on"", ""Mount"", ""Churchill"", ""with"", ""those"", ""on"", ""Mount"", ""Haidinger"", "".""]","[""O"", ""O"", ""O"", ""O"", ""O"", ""O"", ""B-MOUNTAIN"", ""I-MOUNTAIN"", ""O"", ""O"", ""O"", ""B-MOUNTAIN"", ""I-MOUNTAIN"", ""O""]","[{""start"": 44, ""end"": 59, ""label"": ""MOUNTAIN"", ""text"": ""Mount Churchill""}, {""start"": 74, ""end"": 89, ""label"": ""MOUNTAIN"", ""text"": ""Mount Haidinger""}]",synthetic_positive_multi
train-01611,The university department discussed the sensor reading after the presentation.,"[""The"", ""university"", ""department"", ""discussed"", ""the"", ""sensor"", ""reading"", ""after"", ""the"", ""presentation"", "".""]","[""O"", ""O"", ""O"", ""O"", ""O"", ""O"", ""O"", ""O"", ""O"", ""O"", ""O""]",[],synthetic_negative
train-01612,The photograph shows Mount Hunter at sunrise.,"[""The"", ""photograph"", ""shows"", ""Mount"", ""Hunter"", ""at"", ""sunrise"", "".""]","[""O"", ""O"", ""O"", ""B-MOUNTAIN"", ""I-MOUNTAIN"", ""O"", ""O"", ""O""]","[{""start"": 21, ""end"": 33, ""label"": ""MOUNTAIN"", ""text"": ""Mount Hunter""}]",synthetic_positive_single
train-01613,The local council approved the validation result before lunch.,"[""The"", ""local"", ""council"", ""approved"", ""the"", ""validation"", ""result"", ""before"", ""lunch"", "".""]","[""O"", ""O"", ""O"", ""O"", ""O"", ""O"", ""O"", ""O"", ""O"", ""O""]",[],synthetic_negative
train-01614,The team measured snow depth on Vinson Massif.,"[""The"", ""team"", ""measured"", ""snow"", ""depth"", ""on"", ""Vinson"", ""Massif"", "".""]","[""O"", ""O"", ""O"", ""O"", ""O"", ""O"", ""B-MOUNTAIN"", ""I-MOUNTAIN"", ""O""]","[{""start"": 32, ""end"": 45, ""label"": ""MOUNTAIN"", ""text"": ""Vinson Massif""}]",synthetic_positive_single
train-01615,"Despite the forecast, the climbers continued toward Ama Dablam.","[""Despite"", ""the"", ""forecast"", "","", ""the"", ""climbers"", ""continued"", ""toward"", ""Ama"", ""Dablam"", "".""]","[""O"", ""O"", ""O"", ""O"", ""O"", ""O"", ""O"", ""O"", ""B-MOUNTAIN"", ""I-MOUNTAIN"", ""O""]","[{""start"": 52, ""end"": 62, ""label"": ""MOUNTAIN"", ""text"": ""Ama Dablam""}]",synthetic_positive_single
train-01616,The research team rejected the budget at the office.,"[""The"", ""research"", ""team"", ""rejected"", ""the"", ""budget"", ""at"", ""the"", ""office"", "".""]","[""O"", ""O"", ""O"", ""O"", ""O"", ""O"", ""O"", ""O"", ""O"", ""O""]",[],synthetic_negative
train-01617,The tourist group reviewed the cliff photograph during the meeting.,"[""The"", ""tourist"", ""group"", ""reviewed"", ""the"", ""cliff"", ""photograph"", ""during"", ""the"", ""meeting"", "".""]","[""O"", ""O"", ""O"", ""O"", ""O"", ""O"", ""O"", ""O"", ""O"", ""O"", ""O""]",[],synthetic_negative
train-01618,The research team published the training notebook at the office.,"[""The"", ""research"", ""team"", ""published"", ""the"", ""training"", ""notebook"", ""at"", ""the"", ""office"", "".""]","[""O"", ""O"", ""O"", ""O"", ""O"", ""O"", ""O"", ""O"", ""O"", ""O"", ""O""]",[],synthetic_negative
train-01619,The route to Mount Mitchell was closed after the storm.,"[""The"", ""route"", ""to"", ""Mount"", ""Mitchell"", ""was"", ""closed"", ""after"", ""the"", ""storm"", "".""]","[""O"", ""O"", ""O"", ""B-MOUNTAIN"", ""I-MOUNTAIN"", ""O"", ""O"", ""O"", ""O"", ""O"", ""O""]","[{""start"": 13, ""end"": 27, ""label"": ""MOUNTAIN"", ""text"": ""Mount Mitchell""}]",synthetic_positive_single
train-01620,The local council updated the expedition permit after the presentation.,"[""The"", ""local"", ""council"", ""updated"", ""the"", ""expedition"", ""permit"", ""after"", ""the"", ""presentation"", "".""]","[""O"", ""O"", ""O"", ""O"", ""O"", ""O"", ""O"", ""O"", ""O"", ""O"", ""O""]",[],synthetic_negative
train-01621,The climbers postponed their attempt on Mount Hubbard.,"[""The"", ""climbers"", ""postponed"", ""their"", ""attempt"", ""on"", ""Mount"", ""Hubbard"", "".""]","[""O"", ""O"", ""O"", ""O"", ""O"", ""O"", ""B-MOUNTAIN"", ""I-MOUNTAIN"", ""O""]","[{""start"": 40, ""end"": 53, ""label"": ""MOUNTAIN"", ""text"": ""Mount Hubbard""}]",synthetic_positive_single
train-01622,The lecture included a case study about Mount Fairweather.,"[""The"", ""lecture"", ""included"", ""a"", ""case"", ""study"", ""about"", ""Mount"", ""Fairweather"", "".""]","[""O"", ""O"", ""O"", ""O"", ""O"", ""O"", ""O"", ""B-MOUNTAIN"", ""I-MOUNTAIN"", ""O""]","[{""start"": 40, ""end"": 57, ""label"": ""MOUNTAIN"", ""text"": ""Mount Fairweather""}]",synthetic_positive_single
train-01623,Images of Pikes Peak were placed beside photographs of Mount Murchison.,"[""Images"", ""of"", ""Pikes"", ""Peak"", ""were"", ""placed"", ""beside"", ""photographs"", ""of"", ""Mount"", ""Murchison"", "".""]","[""O"", ""O"", ""B-MOUNTAIN"", ""I-MOUNTAIN"", ""O"", ""O"", ""O"", ""O"", ""O"", ""B-MOUNTAIN"", ""I-MOUNTAIN"", ""O""]","[{""start"": 10, ""end"": 20, ""label"": ""MOUNTAIN"", ""text"": ""Pikes Peak""}, {""start"": 55, ""end"": 70, ""label"": ""MOUNTAIN"", ""text"": ""Mount Murchison""}]",synthetic_positive_multi
train-01624,We could clearly see Mount Aso from the valley.,"[""We"", ""could"", ""clearly"", ""see"", ""Mount"", ""Aso"", ""from"", ""the"", ""valley"", "".""]","[""O"", ""O"", ""O"", ""O"", ""B-MOUNTAIN"", ""I-MOUNTAIN"", ""O"", ""O"", ""O"", ""O""]","[{""start"": 21, ""end"": 30, ""label"": ""MOUNTAIN"", ""text"": ""Mount Aso""}]",synthetic_positive_single
train-01625,The climbing club shared the satellite image after the presentation.,"[""The"", ""climbing"", ""club"", ""shared"", ""the"", ""satellite"", ""image"", ""after"", ""the"", ""presentation"", "".""]","[""O"", ""O"", ""O"", ""O"", ""O"", ""O"", ""O"", ""O"", ""O"", ""O"", ""O""]",[],synthetic_negative
train-01626,Snow remained on the upper slopes of Mount Nyiragongo.,"[""Snow"", ""remained"", ""on"", ""the"", ""upper"", ""slopes"", ""of"", ""Mount"", ""Nyiragongo"", "".""]","[""O"", ""O"", ""O"", ""O"", ""O"", ""O"", ""O"", ""B-MOUNTAIN"", ""I-MOUNTAIN"", ""O""]","[{""start"": 37, ""end"": 53, ""label"": ""MOUNTAIN"", ""text"": ""Mount Nyiragongo""}]",synthetic_positive_single
train-01627,A small village lies below Broad Peak.,"[""A"", ""small"", ""village"", ""lies"", ""below"", ""Broad"", ""Peak"", "".""]","[""O"", ""O"", ""O"", ""O"", ""O"", ""B-MOUNTAIN"", ""I-MOUNTAIN"", ""O""]","[{""start"": 27, ""end"": 37, ""label"": ""MOUNTAIN"", ""text"": ""Broad Peak""}]",synthetic_positive_single
train-01628,"During the spring survey, scientists visited Mount Churchill.","[""During"", ""the"", ""spring"", ""survey"", "","", ""scientists"", ""visited"", ""Mount"", ""Churchill"", "".""]","[""O"", ""O"", ""O"", ""O"", ""O"", ""O"", ""O"", ""B-MOUNTAIN"", ""I-MOUNTAIN"", ""O""]","[{""start"": 45, ""end"": 60, ""label"": ""MOUNTAIN"", ""text"": ""Mount Churchill""}]",synthetic_positive_single
train-01629,The base camp below Cho Oyu was moved to safer ground.,"[""The"", ""base"", ""camp"", ""below"", ""Cho"", ""Oyu"", ""was"", ""moved"", ""to"", ""safer"", ""ground"", "".""]","[""O"", ""O"", ""O"", ""O"", ""B-MOUNTAIN"", ""I-MOUNTAIN"", ""O"", ""O"", ""O"", ""O"", ""O"", ""O""]","[{""start"": 20, ""end"": 27, ""label"": ""MOUNTAIN"", ""text"": ""Cho Oyu""}]",synthetic_positive_single
train-01630,We could clearly see Pikes Peak from the valley.,"[""We"", ""could"", ""clearly"", ""see"", ""Pikes"", ""Peak"", ""from"", ""the"", ""valley"", "".""]","[""O"", ""O"", ""O"", ""O"", ""B-MOUNTAIN"", ""I-MOUNTAIN"", ""O"", ""O"", ""O"", ""O""]","[{""start"": 21, ""end"": 31, ""label"": ""MOUNTAIN"", ""text"": ""Pikes Peak""}]",synthetic_positive_single
train-01631,Wind speeds increased rapidly around Mount Silverthrone.,"[""Wind"", ""speeds"", ""increased"", ""rapidly"", ""around"", ""Mount"", ""Silverthrone"", "".""]","[""O"", ""O"", ""O"", ""O"", ""O"", ""B-MOUNTAIN"", ""I-MOUNTAIN"", ""O""]","[{""start"": 37, ""end"": 55, ""label"": ""MOUNTAIN"", ""text"": ""Mount Silverthrone""}]",synthetic_positive_single
train-01632,"Despite the forecast, the climbers continued toward Makalu.","[""Despite"", ""the"", ""forecast"", "","", ""the"", ""climbers"", ""continued"", ""toward"", ""Makalu"", "".""]","[""O"", ""O"", ""O"", ""O"", ""O"", ""O"", ""O"", ""O"", ""B-MOUNTAIN"", ""O""]","[{""start"": 52, ""end"": 58, ""label"": ""MOUNTAIN"", ""text"": ""Makalu""}]",synthetic_positive_single
train-01633,Wind speeds increased rapidly around Mount Tasman.,"[""Wind"", ""speeds"", ""increased"", ""rapidly"", ""around"", ""Mount"", ""Tasman"", "".""]","[""O"", ""O"", ""O"", ""O"", ""O"", ""B-MOUNTAIN"", ""I-MOUNTAIN"", ""O""]","[{""start"": 37, ""end"": 49, ""label"": ""MOUNTAIN"", ""text"": ""Mount Tasman""}]",synthetic_positive_single
train-01634,The travel company printed the hotel booking during the meeting.,"[""The"", ""travel"", ""company"", ""printed"", ""the"", ""hotel"", ""booking"", ""during"", ""the"", ""meeting"", "".""]","[""O"", ""O"", ""O"", ""O"", ""O"", ""O"", ""O"", ""O"", ""O"", ""O"", ""O""]",[],synthetic_negative
train-01635,The film crew checked the ridge map before lunch.,"[""The"", ""film"", ""crew"", ""checked"", ""the"", ""ridge"", ""map"", ""before"", ""lunch"", "".""]","[""O"", ""O"", ""O"", ""O"", ""O"", ""O"", ""O"", ""O"", ""O"", ""O""]",[],synthetic_negative
train-01636,Matterhorn and K2 were both visible from the aircraft.,"[""Matterhorn"", ""and"", ""K2"", ""were"", ""both"", ""visible"", ""from"", ""the"", ""aircraft"", "".""]","[""B-MOUNTAIN"", ""O"", ""B-MOUNTAIN"", ""O"", ""O"", ""O"", ""O"", ""O"", ""O"", ""O""]","[{""start"": 0, ""end"": 10, ""label"": ""MOUNTAIN"", ""text"": ""Matterhorn""}, {""start"": 15, ""end"": 17, ""label"": ""MOUNTAIN"", ""text"": ""K2""}]",synthetic_positive_multi
train-01637,The mapping agency archived the aircraft during the conference.,"[""The"", ""mapping"", ""agency"", ""archived"", ""the"", ""aircraft"", ""during"", ""the"", ""conference"", "".""]","[""O"", ""O"", ""O"", ""O"", ""O"", ""O"", ""O"", ""O"", ""O"", ""O""]",[],synthetic_negative
train-01638,Have you ever seen Mount Adams in winter?,"[""Have"", ""you"", ""ever"", ""seen"", ""Mount"", ""Adams"", ""in"", ""winter"", ""?""]","[""O"", ""O"", ""O"", ""O"", ""B-MOUNTAIN"", ""I-MOUNTAIN"", ""O"", ""O"", ""O""]","[{""start"": 19, ""end"": 30, ""label"": ""MOUNTAIN"", ""text"": ""Mount Adams""}]",synthetic_positive_single
train-01639,Researchers installed weather sensors on Mount Kinabalu.,"[""Researchers"", ""installed"", ""weather"", ""sensors"", ""on"", ""Mount"", ""Kinabalu"", "".""]","[""O"", ""O"", ""O"", ""O"", ""O"", ""B-MOUNTAIN"", ""I-MOUNTAIN"", ""O""]","[{""start"": 41, ""end"": 55, ""label"": ""MOUNTAIN"", ""text"": ""Mount Kinabalu""}]",synthetic_positive_single
train-01640,The lecture included a case study about Mount Saint Elias.,"[""The"", ""lecture"", ""included"", ""a"", ""case"", ""study"", ""about"", ""Mount"", ""Saint"", ""Elias"", "".""]","[""O"", ""O"", ""O"", ""O"", ""O"", ""O"", ""O"", ""B-MOUNTAIN"", ""I-MOUNTAIN"", ""I-MOUNTAIN"", ""O""]","[{""start"": 40, ""end"": 57, ""label"": ""MOUNTAIN"", ""text"": ""Mount Saint Elias""}]",synthetic_positive_single
train-01641,The northern face of Illimani looked almost vertical.,"[""The"", ""northern"", ""face"", ""of"", ""Illimani"", ""looked"", ""almost"", ""vertical"", "".""]","[""O"", ""O"", ""O"", ""O"", ""B-MOUNTAIN"", ""O"", ""O"", ""O"", ""O""]","[{""start"": 21, ""end"": 29, ""label"": ""MOUNTAIN"", ""text"": ""Illimani""}]",synthetic_positive_single
train-01642,Have you ever seen Mount Bromo in winter?,"[""Have"", ""you"", ""ever"", ""seen"", ""Mount"", ""Bromo"", ""in"", ""winter"", ""?""]","[""O"", ""O"", ""O"", ""O"", ""B-MOUNTAIN"", ""I-MOUNTAIN"", ""O"", ""O"", ""O""]","[{""start"": 19, ""end"": 30, ""label"": ""MOUNTAIN"", ""text"": ""Mount Bromo""}]",synthetic_positive_single
train-01643,The mapping agency reviewed the satellite image at the office.,"[""The"", ""mapping"", ""agency"", ""reviewed"", ""the"", ""satellite"", ""image"", ""at"", ""the"", ""office"", "".""]","[""O"", ""O"", ""O"", ""O"", ""O"", ""O"", ""O"", ""O"", ""O"", ""O"", ""O""]",[],synthetic_negative
train-01644,The university department updated the summit plan on Monday.,"[""The"", ""university"", ""department"", ""updated"", ""the"", ""summit"", ""plan"", ""on"", ""Monday"", "".""]","[""O"", ""O"", ""O"", ""O"", ""O"", ""O"", ""O"", ""O"", ""O"", ""O""]",[],synthetic_negative
train-01645,The weather service approved the schedule after the presentation.,"[""The"", ""weather"", ""service"", ""approved"", ""the"", ""schedule"", ""after"", ""the"", ""presentation"", "".""]","[""O"", ""O"", ""O"", ""O"", ""O"", ""O"", ""O"", ""O"", ""O"", ""O""]",[],synthetic_negative
train-01646,The travel company rejected the product range during the meeting.,"[""The"", ""travel"", ""company"", ""rejected"", ""the"", ""product"", ""range"", ""during"", ""the"", ""meeting"", "".""]","[""O"", ""O"", ""O"", ""O"", ""O"", ""O"", ""O"", ""O"", ""O"", ""O"", ""O""]",[],synthetic_negative
train-01647,He plans to study glaciers on Table Mountain and Mauna Kea.,"[""He"", ""plans"", ""to"", ""study"", ""glaciers"", ""on"", ""Table"", ""Mountain"", ""and"", ""Mauna"", ""Kea"", "".""]","[""O"", ""O"", ""O"", ""O"", ""O"", ""O"", ""B-MOUNTAIN"", ""I-MOUNTAIN"", ""O"", ""B-MOUNTAIN"", ""I-MOUNTAIN"", ""O""]","[{""start"": 30, ""end"": 44, ""label"": ""MOUNTAIN"", ""text"": ""Table Mountain""}, {""start"": 49, ""end"": 58, ""label"": ""MOUNTAIN"", ""text"": ""Mauna Kea""}]",synthetic_positive_multi
train-01648,"Unlike Jebel Toubkal, Mount Kenya was hidden by clouds.","[""Unlike"", ""Jebel"", ""Toubkal"", "","", ""Mount"", ""Kenya"", ""was"", ""hidden"", ""by"", ""clouds"", "".""]","[""O"", ""B-MOUNTAIN"", ""I-MOUNTAIN"", ""O"", ""B-MOUNTAIN"", ""I-MOUNTAIN"", ""O"", ""O"", ""O"", ""O"", ""O""]","[{""start"": 7, ""end"": 20, ""label"": ""MOUNTAIN"", ""text"": ""Jebel Toubkal""}, {""start"": 22, ""end"": 33, ""label"": ""MOUNTAIN"", ""text"": ""Mount Kenya""}]",synthetic_positive_multi
train-01649,An avalanche warning was issued for the area around Mount Sefton.,"[""An"", ""avalanche"", ""warning"", ""was"", ""issued"", ""for"", ""the"", ""area"", ""around"", ""Mount"", ""Sefton"", "".""]","[""O"", ""O"", ""O"", ""O"", ""O"", ""O"", ""O"", ""O"", ""O"", ""B-MOUNTAIN"", ""I-MOUNTAIN"", ""O""]","[{""start"": 52, ""end"": 64, ""label"": ""MOUNTAIN"", ""text"": ""Mount Sefton""}]",synthetic_positive_single
train-01650,The team measured snow depth on Cotopaxi.,"[""The"", ""team"", ""measured"", ""snow"", ""depth"", ""on"", ""Cotopaxi"", "".""]","[""O"", ""O"", ""O"", ""O"", ""O"", ""O"", ""B-MOUNTAIN"", ""O""]","[{""start"": 32, ""end"": 40, ""label"": ""MOUNTAIN"", ""text"": ""Cotopaxi""}]",synthetic_positive_single
train-01651,The weather changed quickly as they approached Mount Kenya.,"[""The"", ""weather"", ""changed"", ""quickly"", ""as"", ""they"", ""approached"", ""Mount"", ""Kenya"", "".""]","[""O"", ""O"", ""O"", ""O"", ""O"", ""O"", ""O"", ""B-MOUNTAIN"", ""I-MOUNTAIN"", ""O""]","[{""start"": 47, ""end"": 58, ""label"": ""MOUNTAIN"", ""text"": ""Mount Kenya""}]",synthetic_positive_single
train-01652,"By late afternoon, shadows had covered the slopes of Table Mountain.","[""By"", ""late"", ""afternoon"", "","", ""shadows"", ""had"", ""covered"", ""the"", ""slopes"", ""of"", ""Table"", ""Mountain"", "".""]","[""O"", ""O"", ""O"", ""O"", ""O"", ""O"", ""O"", ""O"", ""O"", ""O"", ""B-MOUNTAIN"", ""I-MOUNTAIN"", ""O""]","[{""start"": 53, ""end"": 67, ""label"": ""MOUNTAIN"", ""text"": ""Table Mountain""}]",synthetic_positive_single
train-01653,"From the eastern ridge, we watched the sun rise behind Mount Wilhelm.","[""From"", ""the"", ""eastern"", ""ridge"", "","", ""we"", ""watched"", ""the"", ""sun"", ""rise"", ""behind"", ""Mount"", ""Wilhelm"", "".""]","[""O"", ""O"", ""O"", ""O"", ""O"", ""O"", ""O"", ""O"", ""O"", ""O"", ""O"", ""B-MOUNTAIN"", ""I-MOUNTAIN"", ""O""]","[{""start"": 55, ""end"": 68, ""label"": ""MOUNTAIN"", ""text"": ""Mount Wilhelm""}]",synthetic_positive_single
train-01654,The weather service discussed the validation result at the airport.,"[""The"", ""weather"", ""service"", ""discussed"", ""the"", ""validation"", ""result"", ""at"", ""the"", ""airport"", "".""]","[""O"", ""O"", ""O"", ""O"", ""O"", ""O"", ""O"", ""O"", ""O"", ""O"", ""O""]",[],synthetic_negative
train-01655,Local guides described conditions on Mount Robson as difficult.,"[""Local"", ""guides"", ""described"", ""conditions"", ""on"", ""Mount"", ""Robson"", ""as"", ""difficult"", "".""]","[""O"", ""O"", ""O"", ""O"", ""O"", ""B-MOUNTAIN"", ""I-MOUNTAIN"", ""O"", ""O"", ""O""]","[{""start"": 37, ""end"": 49, ""label"": ""MOUNTAIN"", ""text"": ""Mount Robson""}]",synthetic_positive_single
train-01656,Mount Hicks attracts climbers from around the world.,"[""Mount"", ""Hicks"", ""attracts"", ""climbers"", ""from"", ""around"", ""the"", ""world"", "".""]","[""B-MOUNTAIN"", ""I-MOUNTAIN"", ""O"", ""O"", ""O"", ""O"", ""O"", ""O"", ""O""]","[{""start"": 0, ""end"": 11, ""label"": ""MOUNTAIN"", ""text"": ""Mount Hicks""}]",synthetic_positive_single
train-01657,The team measured snow depth on Mount Vancouver.,"[""The"", ""team"", ""measured"", ""snow"", ""depth"", ""on"", ""Mount"", ""Vancouver"", "".""]","[""O"", ""O"", ""O"", ""O"", ""O"", ""O"", ""B-MOUNTAIN"", ""I-MOUNTAIN"", ""O""]","[{""start"": 32, ""end"": 47, ""label"": ""MOUNTAIN"", ""text"": ""Mount Vancouver""}]",synthetic_positive_single
train-01658,The rescue team returned safely from Ama Dablam.,"[""The"", ""rescue"", ""team"", ""returned"", ""safely"", ""from"", ""Ama"", ""Dablam"", "".""]","[""O"", ""O"", ""O"", ""O"", ""O"", ""O"", ""B-MOUNTAIN"", ""I-MOUNTAIN"", ""O""]","[{""start"": 37, ""end"": 47, ""label"": ""MOUNTAIN"", ""text"": ""Ama Dablam""}]",synthetic_positive_single
train-01659,The article compares climbing conditions on Mount Kenya with those on Mount Hicks.,"[""The"", ""article"", ""compares"", ""climbing"", ""conditions"", ""on"", ""Mount"", ""Kenya"", ""with"", ""those"", ""on"", ""Mount"", ""Hicks"", "".""]","[""O"", ""O"", ""O"", ""O"", ""O"", ""O"", ""B-MOUNTAIN"", ""I-MOUNTAIN"", ""O"", ""O"", ""O"", ""B-MOUNTAIN"", ""I-MOUNTAIN"", ""O""]","[{""start"": 44, ""end"": 55, ""label"": ""MOUNTAIN"", ""text"": ""Mount Kenya""}, {""start"": 70, ""end"": 81, ""label"": ""MOUNTAIN"", ""text"": ""Mount Hicks""}]",synthetic_positive_multi
train-01660,"For safety reasons, access to Sajama was temporarily restricted.","[""For"", ""safety"", ""reasons"", "","", ""access"", ""to"", ""Sajama"", ""was"", ""temporarily"", ""restricted"", "".""]","[""O"", ""O"", ""O"", ""O"", ""O"", ""O"", ""B-MOUNTAIN"", ""O"", ""O"", ""O"", ""O""]","[{""start"": 30, ""end"": 36, ""label"": ""MOUNTAIN"", ""text"": ""Sajama""}]",synthetic_positive_single
train-01661,The local council approved the product range during the conference.,"[""The"", ""local"", ""council"", ""approved"", ""the"", ""product"", ""range"", ""during"", ""the"", ""conference"", "".""]","[""O"", ""O"", ""O"", ""O"", ""O"", ""O"", ""O"", ""O"", ""O"", ""O"", ""O""]",[],synthetic_negative
train-01662,The tourist group approved the ridge map at the office.,"[""The"", ""tourist"", ""group"", ""approved"", ""the"", ""ridge"", ""map"", ""at"", ""the"", ""office"", "".""]","[""O"", ""O"", ""O"", ""O"", ""O"", ""O"", ""O"", ""O"", ""O"", ""O"", ""O""]",[],synthetic_negative
train-01663,Local guides described conditions on Gasherbrum I as difficult.,"[""Local"", ""guides"", ""described"", ""conditions"", ""on"", ""Gasherbrum"", ""I"", ""as"", ""difficult"", "".""]","[""O"", ""O"", ""O"", ""O"", ""O"", ""B-MOUNTAIN"", ""I-MOUNTAIN"", ""O"", ""O"", ""O""]","[{""start"": 37, ""end"": 49, ""label"": ""MOUNTAIN"", ""text"": ""Gasherbrum I""}]",synthetic_positive_single
train-01664,Heavy clouds covered Mount Bona throughout the morning.,"[""Heavy"", ""clouds"", ""covered"", ""Mount"", ""Bona"", ""throughout"", ""the"", ""morning"", "".""]","[""O"", ""O"", ""O"", ""B-MOUNTAIN"", ""I-MOUNTAIN"", ""O"", ""O"", ""O"", ""O""]","[{""start"": 21, ""end"": 31, ""label"": ""MOUNTAIN"", ""text"": ""Mount Bona""}]",synthetic_positive_single
train-01665,A documentary crew filmed near Mount Lucania.,"[""A"", ""documentary"", ""crew"", ""filmed"", ""near"", ""Mount"", ""Lucania"", "".""]","[""O"", ""O"", ""O"", ""O"", ""O"", ""B-MOUNTAIN"", ""I-MOUNTAIN"", ""O""]","[{""start"": 31, ""end"": 44, ""label"": ""MOUNTAIN"", ""text"": ""Mount Lucania""}]",synthetic_positive_single
train-01666,The northern face of Mount Kosciuszko looked almost vertical.,"[""The"", ""northern"", ""face"", ""of"", ""Mount"", ""Kosciuszko"", ""looked"", ""almost"", ""vertical"", "".""]","[""O"", ""O"", ""O"", ""O"", ""B-MOUNTAIN"", ""I-MOUNTAIN"", ""O"", ""O"", ""O"", ""O""]","[{""start"": 21, ""end"": 37, ""label"": ""MOUNTAIN"", ""text"": ""Mount Kosciuszko""}]",synthetic_positive_single
train-01667,Have you ever seen Monte Rosa in winter?,"[""Have"", ""you"", ""ever"", ""seen"", ""Monte"", ""Rosa"", ""in"", ""winter"", ""?""]","[""O"", ""O"", ""O"", ""O"", ""B-MOUNTAIN"", ""I-MOUNTAIN"", ""O"", ""O"", ""O""]","[{""start"": 19, ""end"": 29, ""label"": ""MOUNTAIN"", ""text"": ""Monte Rosa""}]",synthetic_positive_single
train-01668,The map labels both Mount Shasta and Machapuchare.,"[""The"", ""map"", ""labels"", ""both"", ""Mount"", ""Shasta"", ""and"", ""Machapuchare"", "".""]","[""O"", ""O"", ""O"", ""O"", ""B-MOUNTAIN"", ""I-MOUNTAIN"", ""O"", ""B-MOUNTAIN"", ""O""]","[{""start"": 20, ""end"": 32, ""label"": ""MOUNTAIN"", ""text"": ""Mount Shasta""}, {""start"": 37, ""end"": 49, ""label"": ""MOUNTAIN"", ""text"": ""Machapuchare""}]",synthetic_positive_multi
train-01669,Researchers installed weather sensors on Mount Foraker.,"[""Researchers"", ""installed"", ""weather"", ""sensors"", ""on"", ""Mount"", ""Foraker"", "".""]","[""O"", ""O"", ""O"", ""O"", ""O"", ""B-MOUNTAIN"", ""I-MOUNTAIN"", ""O""]","[{""start"": 41, ""end"": 54, ""label"": ""MOUNTAIN"", ""text"": ""Mount Foraker""}]",synthetic_positive_single
train-01670,Muztagh Ata attracts climbers from around the world.,"[""Muztagh"", ""Ata"", ""attracts"", ""climbers"", ""from"", ""around"", ""the"", ""world"", "".""]","[""B-MOUNTAIN"", ""I-MOUNTAIN"", ""O"", ""O"", ""O"", ""O"", ""O"", ""O"", ""O""]","[{""start"": 0, ""end"": 11, ""label"": ""MOUNTAIN"", ""text"": ""Muztagh Ata""}]",synthetic_positive_single
train-01671,The expedition reached the summit of Mount Washington before noon.,"[""The"", ""expedition"", ""reached"", ""the"", ""summit"", ""of"", ""Mount"", ""Washington"", ""before"", ""noon"", "".""]","[""O"", ""O"", ""O"", ""O"", ""O"", ""O"", ""B-MOUNTAIN"", ""I-MOUNTAIN"", ""O"", ""O"", ""O""]","[{""start"": 37, ""end"": 53, ""label"": ""MOUNTAIN"", ""text"": ""Mount Washington""}]",synthetic_positive_single
train-01672,The weather changed quickly as they approached Mount Kosciuszko.,"[""The"", ""weather"", ""changed"", ""quickly"", ""as"", ""they"", ""approached"", ""Mount"", ""Kosciuszko"", "".""]","[""O"", ""O"", ""O"", ""O"", ""O"", ""O"", ""O"", ""B-MOUNTAIN"", ""I-MOUNTAIN"", ""O""]","[{""start"": 47, ""end"": 63, ""label"": ""MOUNTAIN"", ""text"": ""Mount Kosciuszko""}]",synthetic_positive_single
train-01673,The lecture included a case study about Ama Dablam.,"[""The"", ""lecture"", ""included"", ""a"", ""case"", ""study"", ""about"", ""Ama"", ""Dablam"", "".""]","[""O"", ""O"", ""O"", ""O"", ""O"", ""O"", ""O"", ""B-MOUNTAIN"", ""I-MOUNTAIN"", ""O""]","[{""start"": 40, ""end"": 50, ""label"": ""MOUNTAIN"", ""text"": ""Ama Dablam""}]",synthetic_positive_single
train-01674,Our map marks Fitz Roy with a red triangle.,"[""Our"", ""map"", ""marks"", ""Fitz"", ""Roy"", ""with"", ""a"", ""red"", ""triangle"", "".""]","[""O"", ""O"", ""O"", ""B-MOUNTAIN"", ""I-MOUNTAIN"", ""O"", ""O"", ""O"", ""O"", ""O""]","[{""start"": 14, ""end"": 22, ""label"": ""MOUNTAIN"", ""text"": ""Fitz Roy""}]",synthetic_positive_single
train-01675,Several routes lead toward the summit of Cho Oyu.,"[""Several"", ""routes"", ""lead"", ""toward"", ""the"", ""summit"", ""of"", ""Cho"", ""Oyu"", "".""]","[""O"", ""O"", ""O"", ""O"", ""O"", ""O"", ""O"", ""B-MOUNTAIN"", ""I-MOUNTAIN"", ""O""]","[{""start"": 41, ""end"": 48, ""label"": ""MOUNTAIN"", ""text"": ""Cho Oyu""}]",synthetic_positive_single
train-01676,The film crew approved the glacier report before the deadline.,"[""The"", ""film"", ""crew"", ""approved"", ""the"", ""glacier"", ""report"", ""before"", ""the"", ""deadline"", "".""]","[""O"", ""O"", ""O"", ""O"", ""O"", ""O"", ""O"", ""O"", ""O"", ""O"", ""O""]",[],synthetic_negative
train-01677,"During the spring survey, scientists visited Mount Tasman.","[""During"", ""the"", ""spring"", ""survey"", "","", ""scientists"", ""visited"", ""Mount"", ""Tasman"", "".""]","[""O"", ""O"", ""O"", ""O"", ""O"", ""O"", ""O"", ""B-MOUNTAIN"", ""I-MOUNTAIN"", ""O""]","[{""start"": 45, ""end"": 57, ""label"": ""MOUNTAIN"", ""text"": ""Mount Tasman""}]",synthetic_positive_single
train-01678,"After weeks of preparation, the group departed for Shishapangma.","[""After"", ""weeks"", ""of"", ""preparation"", "","", ""the"", ""group"", ""departed"", ""for"", ""Shishapangma"", "".""]","[""O"", ""O"", ""O"", ""O"", ""O"", ""O"", ""O"", ""O"", ""O"", ""B-MOUNTAIN"", ""O""]","[{""start"": 51, ""end"": 63, ""label"": ""MOUNTAIN"", ""text"": ""Shishapangma""}]",synthetic_positive_single
train-01679,Expeditions to Nanga Parbat and Sajama were delayed by bad weather.,"[""Expeditions"", ""to"", ""Nanga"", ""Parbat"", ""and"", ""Sajama"", ""were"", ""delayed"", ""by"", ""bad"", ""weather"", "".""]","[""O"", ""O"", ""B-MOUNTAIN"", ""I-MOUNTAIN"", ""O"", ""B-MOUNTAIN"", ""O"", ""O"", ""O"", ""O"", ""O"", ""O""]","[{""start"": 15, ""end"": 27, ""label"": ""MOUNTAIN"", ""text"": ""Nanga Parbat""}, {""start"": 32, ""end"": 38, ""label"": ""MOUNTAIN"", ""text"": ""Sajama""}]",synthetic_positive_multi
train-01680,The local council reviewed the training notebook during the meeting.,"[""The"", ""local"", ""council"", ""reviewed"", ""the"", ""training"", ""notebook"", ""during"", ""the"", ""meeting"", "".""]","[""O"", ""O"", ""O"", ""O"", ""O"", ""O"", ""O"", ""O"", ""O"", ""O"", ""O""]",[],synthetic_negative
train-01681,"In the final chapter, the author describes an ascent of Mount Jefferson.","[""In"", ""the"", ""final"", ""chapter"", "","", ""the"", ""author"", ""describes"", ""an"", ""ascent"", ""of"", ""Mount"", ""Jefferson"", "".""]","[""O"", ""O"", ""O"", ""O"", ""O"", ""O"", ""O"", ""O"", ""O"", ""O"", ""O"", ""B-MOUNTAIN"", ""I-MOUNTAIN"", ""O""]","[{""start"": 56, ""end"": 71, ""label"": ""MOUNTAIN"", ""text"": ""Mount Jefferson""}]",synthetic_positive_single
train-01682,Weather stations near Nanga Parbat and Ojos del Salado recorded strong winds.,"[""Weather"", ""stations"", ""near"", ""Nanga"", ""Parbat"", ""and"", ""Ojos"", ""del"", ""Salado"", ""recorded"", ""strong"", ""winds"", "".""]","[""O"", ""O"", ""O"", ""B-MOUNTAIN"", ""I-MOUNTAIN"", ""O"", ""B-MOUNTAIN"", ""I-MOUNTAIN"", ""I-MOUNTAIN"", ""O"", ""O"", ""O"", ""O""]","[{""start"": 22, ""end"": 34, ""label"": ""MOUNTAIN"", ""text"": ""Nanga Parbat""}, {""start"": 39, ""end"": 54, ""label"": ""MOUNTAIN"", ""text"": ""Ojos del Salado""}]",synthetic_positive_multi
train-01683,"After weeks of preparation, the group departed for Cho Oyu.","[""After"", ""weeks"", ""of"", ""preparation"", "","", ""the"", ""group"", ""departed"", ""for"", ""Cho"", ""Oyu"", "".""]","[""O"", ""O"", ""O"", ""O"", ""O"", ""O"", ""O"", ""O"", ""O"", ""B-MOUNTAIN"", ""I-MOUNTAIN"", ""O""]","[{""start"": 51, ""end"": 58, ""label"": ""MOUNTAIN"", ""text"": ""Cho Oyu""}]",synthetic_positive_single
train-01684,Researchers installed weather sensors on Mount Rinjani.,"[""Researchers"", ""installed"", ""weather"", ""sensors"", ""on"", ""Mount"", ""Rinjani"", "".""]","[""O"", ""O"", ""O"", ""O"", ""O"", ""B-MOUNTAIN"", ""I-MOUNTAIN"", ""O""]","[{""start"": 41, ""end"": 54, ""label"": ""MOUNTAIN"", ""text"": ""Mount Rinjani""}]",synthetic_positive_single
train-01685,"From the eastern ridge, we watched the sun rise behind Mount Whitney.","[""From"", ""the"", ""eastern"", ""ridge"", "","", ""we"", ""watched"", ""the"", ""sun"", ""rise"", ""behind"", ""Mount"", ""Whitney"", "".""]","[""O"", ""O"", ""O"", ""O"", ""O"", ""O"", ""O"", ""O"", ""O"", ""O"", ""O"", ""B-MOUNTAIN"", ""I-MOUNTAIN"", ""O""]","[{""start"": 55, ""end"": 68, ""label"": ""MOUNTAIN"", ""text"": ""Mount Whitney""}]",synthetic_positive_single
train-01686,Wind speeds increased rapidly around Mount Blackburn.,"[""Wind"", ""speeds"", ""increased"", ""rapidly"", ""around"", ""Mount"", ""Blackburn"", "".""]","[""O"", ""O"", ""O"", ""O"", ""O"", ""B-MOUNTAIN"", ""I-MOUNTAIN"", ""O""]","[{""start"": 37, ""end"": 52, ""label"": ""MOUNTAIN"", ""text"": ""Mount Blackburn""}]",synthetic_positive_single
train-01687,The team discussed whether to attempt Mount Adams or Vinson Massif.,"[""The"", ""team"", ""discussed"", ""whether"", ""to"", ""attempt"", ""Mount"", ""Adams"", ""or"", ""Vinson"", ""Massif"", "".""]","[""O"", ""O"", ""O"", ""O"", ""O"", ""O"", ""B-MOUNTAIN"", ""I-MOUNTAIN"", ""O"", ""B-MOUNTAIN"", ""I-MOUNTAIN"", ""O""]","[{""start"": 38, ""end"": 49, ""label"": ""MOUNTAIN"", ""text"": ""Mount Adams""}, {""start"": 53, ""end"": 66, ""label"": ""MOUNTAIN"", ""text"": ""Vinson Massif""}]",synthetic_positive_multi
train-01688,Snow remained on the upper slopes of Jebel Toubkal.,"[""Snow"", ""remained"", ""on"", ""the"", ""upper"", ""slopes"", ""of"", ""Jebel"", ""Toubkal"", "".""]","[""O"", ""O"", ""O"", ""O"", ""O"", ""O"", ""O"", ""B-MOUNTAIN"", ""I-MOUNTAIN"", ""O""]","[{""start"": 37, ""end"": 50, ""label"": ""MOUNTAIN"", ""text"": ""Jebel Toubkal""}]",synthetic_positive_single
train-01689,He plans to study glaciers on Mount Cameroon and Mount Stanley.,"[""He"", ""plans"", ""to"", ""study"", ""glaciers"", ""on"", ""Mount"", ""Cameroon"", ""and"", ""Mount"", ""Stanley"", "".""]","[""O"", ""O"", ""O"", ""O"", ""O"", ""O"", ""B-MOUNTAIN"", ""I-MOUNTAIN"", ""O"", ""B-MOUNTAIN"", ""I-MOUNTAIN"", ""O""]","[{""start"": 30, ""end"": 44, ""label"": ""MOUNTAIN"", ""text"": ""Mount Cameroon""}, {""start"": 49, ""end"": 62, ""label"": ""MOUNTAIN"", ""text"": ""Mount Stanley""}]",synthetic_positive_multi
train-01690,The travel company archived the conference program at the office.,"[""The"", ""travel"", ""company"", ""archived"", ""the"", ""conference"", ""program"", ""at"", ""the"", ""office"", "".""]","[""O"", ""O"", ""O"", ""O"", ""O"", ""O"", ""O"", ""O"", ""O"", ""O"", ""O""]",[],synthetic_negative
train-01691,The map labels both Mount Alverstone and Mount Whitney.,"[""The"", ""map"", ""labels"", ""both"", ""Mount"", ""Alverstone"", ""and"", ""Mount"", ""Whitney"", "".""]","[""O"", ""O"", ""O"", ""O"", ""B-MOUNTAIN"", ""I-MOUNTAIN"", ""O"", ""B-MOUNTAIN"", ""I-MOUNTAIN"", ""O""]","[{""start"": 20, ""end"": 36, ""label"": ""MOUNTAIN"", ""text"": ""Mount Alverstone""}, {""start"": 41, ""end"": 54, ""label"": ""MOUNTAIN"", ""text"": ""Mount Whitney""}]",synthetic_positive_multi
train-01692,"By late afternoon, shadows had covered the slopes of Aconcagua.","[""By"", ""late"", ""afternoon"", "","", ""shadows"", ""had"", ""covered"", ""the"", ""slopes"", ""of"", ""Aconcagua"", "".""]","[""O"", ""O"", ""O"", ""O"", ""O"", ""O"", ""O"", ""O"", ""O"", ""O"", ""B-MOUNTAIN"", ""O""]","[{""start"": 53, ""end"": 62, ""label"": ""MOUNTAIN"", ""text"": ""Aconcagua""}]",synthetic_positive_single
train-01693,Images of Illimani were placed beside photographs of Mount Bromo.,"[""Images"", ""of"", ""Illimani"", ""were"", ""placed"", ""beside"", ""photographs"", ""of"", ""Mount"", ""Bromo"", "".""]","[""O"", ""O"", ""B-MOUNTAIN"", ""O"", ""O"", ""O"", ""O"", ""O"", ""B-MOUNTAIN"", ""I-MOUNTAIN"", ""O""]","[{""start"": 10, ""end"": 18, ""label"": ""MOUNTAIN"", ""text"": ""Illimani""}, {""start"": 53, ""end"": 64, ""label"": ""MOUNTAIN"", ""text"": ""Mount Bromo""}]",synthetic_positive_multi
train-01694,An avalanche warning was issued for the area around Mount Ruapehu.,"[""An"", ""avalanche"", ""warning"", ""was"", ""issued"", ""for"", ""the"", ""area"", ""around"", ""Mount"", ""Ruapehu"", "".""]","[""O"", ""O"", ""O"", ""O"", ""O"", ""O"", ""O"", ""O"", ""O"", ""B-MOUNTAIN"", ""I-MOUNTAIN"", ""O""]","[{""start"": 52, ""end"": 65, ""label"": ""MOUNTAIN"", ""text"": ""Mount Ruapehu""}]",synthetic_positive_single
train-01695,The mapping agency discussed the ridge map at the airport.,"[""The"", ""mapping"", ""agency"", ""discussed"", ""the"", ""ridge"", ""map"", ""at"", ""the"", ""airport"", "".""]","[""O"", ""O"", ""O"", ""O"", ""O"", ""O"", ""O"", ""O"", ""O"", ""O"", ""O""]",[],synthetic_negative
train-01696,The expedition leader compared the hotel booking in the final report.,"[""The"", ""expedition"", ""leader"", ""compared"", ""the"", ""hotel"", ""booking"", ""in"", ""the"", ""final"", ""report"", "".""]","[""O"", ""O"", ""O"", ""O"", ""O"", ""O"", ""O"", ""O"", ""O"", ""O"", ""O"", ""O""]",[],synthetic_negative
train-01697,They began their ascent of Puncak Jaya at dawn.,"[""They"", ""began"", ""their"", ""ascent"", ""of"", ""Puncak"", ""Jaya"", ""at"", ""dawn"", "".""]","[""O"", ""O"", ""O"", ""O"", ""O"", ""B-MOUNTAIN"", ""I-MOUNTAIN"", ""O"", ""O"", ""O""]","[{""start"": 27, ""end"": 38, ""label"": ""MOUNTAIN"", ""text"": ""Puncak Jaya""}]",synthetic_positive_single
train-01698,The weather service shared the training notebook before the deadline.,"[""The"", ""weather"", ""service"", ""shared"", ""the"", ""training"", ""notebook"", ""before"", ""the"", ""deadline"", "".""]","[""O"", ""O"", ""O"", ""O"", ""O"", ""O"", ""O"", ""O"", ""O"", ""O"", ""O""]",[],synthetic_negative
train-01699,The university department discussed the expedition permit after the presentation.,"[""The"", ""university"", ""department"", ""discussed"", ""the"", ""expedition"", ""permit"", ""after"", ""the"", ""presentation"", "".""]","[""O"", ""O"", ""O"", ""O"", ""O"", ""O"", ""O"", ""O"", ""O"", ""O"", ""O""]",[],synthetic_negative
train-01700,"In the final chapter, the author describes an ascent of Mount Nyiragongo.","[""In"", ""the"", ""final"", ""chapter"", "","", ""the"", ""author"", ""describes"", ""an"", ""ascent"", ""of"", ""Mount"", ""Nyiragongo"", "".""]","[""O"", ""O"", ""O"", ""O"", ""O"", ""O"", ""O"", ""O"", ""O"", ""O"", ""O"", ""B-MOUNTAIN"", ""I-MOUNTAIN"", ""O""]","[{""start"": 56, ""end"": 72, ""label"": ""MOUNTAIN"", ""text"": ""Mount Nyiragongo""}]",synthetic_positive_single
train-01701,Several routes lead toward the summit of Eiger.,"[""Several"", ""routes"", ""lead"", ""toward"", ""the"", ""summit"", ""of"", ""Eiger"", "".""]","[""O"", ""O"", ""O"", ""O"", ""O"", ""O"", ""O"", ""B-MOUNTAIN"", ""O""]","[{""start"": 41, ""end"": 46, ""label"": ""MOUNTAIN"", ""text"": ""Eiger""}]",synthetic_positive_single
train-01702,Local guides described conditions on Gasherbrum II as difficult.,"[""Local"", ""guides"", ""described"", ""conditions"", ""on"", ""Gasherbrum"", ""II"", ""as"", ""difficult"", "".""]","[""O"", ""O"", ""O"", ""O"", ""O"", ""B-MOUNTAIN"", ""I-MOUNTAIN"", ""O"", ""O"", ""O""]","[{""start"": 37, ""end"": 50, ""label"": ""MOUNTAIN"", ""text"": ""Gasherbrum II""}]",synthetic_positive_single
train-01703,"From the eastern ridge, we watched the sun rise behind Aoraki Mount Cook.","[""From"", ""the"", ""eastern"", ""ridge"", "","", ""we"", ""watched"", ""the"", ""sun"", ""rise"", ""behind"", ""Aoraki"", ""Mount"", ""Cook"", "".""]","[""O"", ""O"", ""O"", ""O"", ""O"", ""O"", ""O"", ""O"", ""O"", ""O"", ""O"", ""B-MOUNTAIN"", ""I-MOUNTAIN"", ""I-MOUNTAIN"", ""O""]","[{""start"": 55, ""end"": 72, ""label"": ""MOUNTAIN"", ""text"": ""Aoraki Mount Cook""}]",synthetic_positive_single
train-01704,The expedition reached the summit of Huayna Potosi before noon.,"[""The"", ""expedition"", ""reached"", ""the"", ""summit"", ""of"", ""Huayna"", ""Potosi"", ""before"", ""noon"", "".""]","[""O"", ""O"", ""O"", ""O"", ""O"", ""O"", ""B-MOUNTAIN"", ""I-MOUNTAIN"", ""O"", ""O"", ""O""]","[{""start"": 37, ""end"": 50, ""label"": ""MOUNTAIN"", ""text"": ""Huayna Potosi""}]",synthetic_positive_single
train-01705,The research team shared the product range in the laboratory.,"[""The"", ""research"", ""team"", ""shared"", ""the"", ""product"", ""range"", ""in"", ""the"", ""laboratory"", "".""]","[""O"", ""O"", ""O"", ""O"", ""O"", ""O"", ""O"", ""O"", ""O"", ""O"", ""O""]",[],synthetic_negative
train-01706,The museum curator rejected the hotel booking before lunch.,"[""The"", ""museum"", ""curator"", ""rejected"", ""the"", ""hotel"", ""booking"", ""before"", ""lunch"", "".""]","[""O"", ""O"", ""O"", ""O"", ""O"", ""O"", ""O"", ""O"", ""O"", ""O""]",[],synthetic_negative
train-01707,Local guides described conditions on Mount Olympus as difficult.,"[""Local"", ""guides"", ""described"", ""conditions"", ""on"", ""Mount"", ""Olympus"", ""as"", ""difficult"", "".""]","[""O"", ""O"", ""O"", ""O"", ""O"", ""B-MOUNTAIN"", ""I-MOUNTAIN"", ""O"", ""O"", ""O""]","[{""start"": 37, ""end"": 50, ""label"": ""MOUNTAIN"", ""text"": ""Mount Olympus""}]",synthetic_positive_single
train-01708,The rescue team returned safely from Mount Kazbek.,"[""The"", ""rescue"", ""team"", ""returned"", ""safely"", ""from"", ""Mount"", ""Kazbek"", "".""]","[""O"", ""O"", ""O"", ""O"", ""O"", ""O"", ""B-MOUNTAIN"", ""I-MOUNTAIN"", ""O""]","[{""start"": 37, ""end"": 49, ""label"": ""MOUNTAIN"", ""text"": ""Mount Kazbek""}]",synthetic_positive_single
train-01709,The museum curator discussed the hotel booking on Monday.,"[""The"", ""museum"", ""curator"", ""discussed"", ""the"", ""hotel"", ""booking"", ""on"", ""Monday"", "".""]","[""O"", ""O"", ""O"", ""O"", ""O"", ""O"", ""O"", ""O"", ""O"", ""O""]",[],synthetic_negative
train-01710,The team discussed whether to attempt Mount Olympus or Mount Fuji.,"[""The"", ""team"", ""discussed"", ""whether"", ""to"", ""attempt"", ""Mount"", ""Olympus"", ""or"", ""Mount"", ""Fuji"", "".""]","[""O"", ""O"", ""O"", ""O"", ""O"", ""O"", ""B-MOUNTAIN"", ""I-MOUNTAIN"", ""O"", ""B-MOUNTAIN"", ""I-MOUNTAIN"", ""O""]","[{""start"": 38, ""end"": 51, ""label"": ""MOUNTAIN"", ""text"": ""Mount Olympus""}, {""start"": 55, ""end"": 65, ""label"": ""MOUNTAIN"", ""text"": ""Mount Fuji""}]",synthetic_positive_multi
train-01711,The university department compared the training notebook in the laboratory.,"[""The"", ""university"", ""department"", ""compared"", ""the"", ""training"", ""notebook"", ""in"", ""the"", ""laboratory"", "".""]","[""O"", ""O"", ""O"", ""O"", ""O"", ""O"", ""O"", ""O"", ""O"", ""O"", ""O""]",[],synthetic_negative
train-01712,The article compares climbing conditions on Vinson Massif with those on Makalu.,"[""The"", ""article"", ""compares"", ""climbing"", ""conditions"", ""on"", ""Vinson"", ""Massif"", ""with"", ""those"", ""on"", ""Makalu"", "".""]","[""O"", ""O"", ""O"", ""O"", ""O"", ""O"", ""B-MOUNTAIN"", ""I-MOUNTAIN"", ""O"", ""O"", ""O"", ""B-MOUNTAIN"", ""O""]","[{""start"": 44, ""end"": 57, ""label"": ""MOUNTAIN"", ""text"": ""Vinson Massif""}, {""start"": 72, ""end"": 78, ""label"": ""MOUNTAIN"", ""text"": ""Makalu""}]",synthetic_positive_multi
train-01713,Images of Monte Rosa were placed beside photographs of Mount Hubbard.,"[""Images"", ""of"", ""Monte"", ""Rosa"", ""were"", ""placed"", ""beside"", ""photographs"", ""of"", ""Mount"", ""Hubbard"", "".""]","[""O"", ""O"", ""B-MOUNTAIN"", ""I-MOUNTAIN"", ""O"", ""O"", ""O"", ""O"", ""O"", ""B-MOUNTAIN"", ""I-MOUNTAIN"", ""O""]","[{""start"": 10, ""end"": 20, ""label"": ""MOUNTAIN"", ""text"": ""Monte Rosa""}, {""start"": 55, ""end"": 68, ""label"": ""MOUNTAIN"", ""text"": ""Mount Hubbard""}]",synthetic_positive_multi
train-01714,The route to Cerro Torre was closed after the storm.,"[""The"", ""route"", ""to"", ""Cerro"", ""Torre"", ""was"", ""closed"", ""after"", ""the"", ""storm"", "".""]","[""O"", ""O"", ""O"", ""B-MOUNTAIN"", ""I-MOUNTAIN"", ""O"", ""O"", ""O"", ""O"", ""O"", ""O""]","[{""start"": 13, ""end"": 24, ""label"": ""MOUNTAIN"", ""text"": ""Cerro Torre""}]",synthetic_positive_single
train-01715,The weather service discussed the weather forecast in the final report.,"[""The"", ""weather"", ""service"", ""discussed"", ""the"", ""weather"", ""forecast"", ""in"", ""the"", ""final"", ""report"", "".""]","[""O"", ""O"", ""O"", ""O"", ""O"", ""O"", ""O"", ""O"", ""O"", ""O"", ""O"", ""O""]",[],synthetic_negative
train-01716,"By late afternoon, shadows had covered the slopes of Mount Kazbek.","[""By"", ""late"", ""afternoon"", "","", ""shadows"", ""had"", ""covered"", ""the"", ""slopes"", ""of"", ""Mount"", ""Kazbek"", "".""]","[""O"", ""O"", ""O"", ""O"", ""O"", ""O"", ""O"", ""O"", ""O"", ""O"", ""B-MOUNTAIN"", ""I-MOUNTAIN"", ""O""]","[{""start"": 53, ""end"": 65, ""label"": ""MOUNTAIN"", ""text"": ""Mount Kazbek""}]",synthetic_positive_single
train-01717,"Yesterday, Mount Saint Elias was barely visible through the mist.","[""Yesterday"", "","", ""Mount"", ""Saint"", ""Elias"", ""was"", ""barely"", ""visible"", ""through"", ""the"", ""mist"", "".""]","[""O"", ""O"", ""B-MOUNTAIN"", ""I-MOUNTAIN"", ""I-MOUNTAIN"", ""O"", ""O"", ""O"", ""O"", ""O"", ""O"", ""O""]","[{""start"": 11, ""end"": 28, ""label"": ""MOUNTAIN"", ""text"": ""Mount Saint Elias""}]",synthetic_positive_single
train-01718,The university department approved the ridge map in the final report.,"[""The"", ""university"", ""department"", ""approved"", ""the"", ""ridge"", ""map"", ""in"", ""the"", ""final"", ""report"", "".""]","[""O"", ""O"", ""O"", ""O"", ""O"", ""O"", ""O"", ""O"", ""O"", ""O"", ""O"", ""O""]",[],synthetic_negative
train-01719,The expedition reached the summit of Mount Cameroon before noon.,"[""The"", ""expedition"", ""reached"", ""the"", ""summit"", ""of"", ""Mount"", ""Cameroon"", ""before"", ""noon"", "".""]","[""O"", ""O"", ""O"", ""O"", ""O"", ""O"", ""B-MOUNTAIN"", ""I-MOUNTAIN"", ""O"", ""O"", ""O""]","[{""start"": 37, ""end"": 51, ""label"": ""MOUNTAIN"", ""text"": ""Mount Cameroon""}]",synthetic_positive_single
train-01720,The climbing club compared the hotel booking on Monday.,"[""The"", ""climbing"", ""club"", ""compared"", ""the"", ""hotel"", ""booking"", ""on"", ""Monday"", "".""]","[""O"", ""O"", ""O"", ""O"", ""O"", ""O"", ""O"", ""O"", ""O"", ""O""]",[],synthetic_negative
train-01721,"During the spring survey, scientists visited Cho Oyu.","[""During"", ""the"", ""spring"", ""survey"", "","", ""scientists"", ""visited"", ""Cho"", ""Oyu"", "".""]","[""O"", ""O"", ""O"", ""O"", ""O"", ""O"", ""O"", ""B-MOUNTAIN"", ""I-MOUNTAIN"", ""O""]","[{""start"": 45, ""end"": 52, ""label"": ""MOUNTAIN"", ""text"": ""Cho Oyu""}]",synthetic_positive_single
train-01722,The weather service archived the schedule during the meeting.,"[""The"", ""weather"", ""service"", ""archived"", ""the"", ""schedule"", ""during"", ""the"", ""meeting"", "".""]","[""O"", ""O"", ""O"", ""O"", ""O"", ""O"", ""O"", ""O"", ""O"", ""O""]",[],synthetic_negative
train-01723,She hopes to climb Kongur Tagh next year.,"[""She"", ""hopes"", ""to"", ""climb"", ""Kongur"", ""Tagh"", ""next"", ""year"", "".""]","[""O"", ""O"", ""O"", ""O"", ""B-MOUNTAIN"", ""I-MOUNTAIN"", ""O"", ""O"", ""O""]","[{""start"": 19, ""end"": 30, ""label"": ""MOUNTAIN"", ""text"": ""Kongur Tagh""}]",synthetic_positive_single
train-01724,Mount Tongariro and Mount Haku were both visible from the aircraft.,"[""Mount"", ""Tongariro"", ""and"", ""Mount"", ""Haku"", ""were"", ""both"", ""visible"", ""from"", ""the"", ""aircraft"", "".""]","[""B-MOUNTAIN"", ""I-MOUNTAIN"", ""O"", ""B-MOUNTAIN"", ""I-MOUNTAIN"", ""O"", ""O"", ""O"", ""O"", ""O"", ""O"", ""O""]","[{""start"": 0, ""end"": 15, ""label"": ""MOUNTAIN"", ""text"": ""Mount Tongariro""}, {""start"": 20, ""end"": 30, ""label"": ""MOUNTAIN"", ""text"": ""Mount Haku""}]",synthetic_positive_multi
train-01725,The rescue team returned safely from Mount Vancouver.,"[""The"", ""rescue"", ""team"", ""returned"", ""safely"", ""from"", ""Mount"", ""Vancouver"", "".""]","[""O"", ""O"", ""O"", ""O"", ""O"", ""O"", ""B-MOUNTAIN"", ""I-MOUNTAIN"", ""O""]","[{""start"": 37, ""end"": 52, ""label"": ""MOUNTAIN"", ""text"": ""Mount Vancouver""}]",synthetic_positive_single
train-01726,The northern face of Mount Dampier looked almost vertical.,"[""The"", ""northern"", ""face"", ""of"", ""Mount"", ""Dampier"", ""looked"", ""almost"", ""vertical"", "".""]","[""O"", ""O"", ""O"", ""O"", ""B-MOUNTAIN"", ""I-MOUNTAIN"", ""O"", ""O"", ""O"", ""O""]","[{""start"": 21, ""end"": 34, ""label"": ""MOUNTAIN"", ""text"": ""Mount Dampier""}]",synthetic_positive_single
train-01727,Weather stations near Huascaran and Mount Bona recorded strong winds.,"[""Weather"", ""stations"", ""near"", ""Huascaran"", ""and"", ""Mount"", ""Bona"", ""recorded"", ""strong"", ""winds"", "".""]","[""O"", ""O"", ""O"", ""B-MOUNTAIN"", ""O"", ""B-MOUNTAIN"", ""I-MOUNTAIN"", ""O"", ""O"", ""O"", ""O""]","[{""start"": 22, ""end"": 31, ""label"": ""MOUNTAIN"", ""text"": ""Huascaran""}, {""start"": 36, ""end"": 46, ""label"": ""MOUNTAIN"", ""text"": ""Mount Bona""}]",synthetic_positive_multi
train-01728,Heavy clouds covered Mount Damavand throughout the morning.,"[""Heavy"", ""clouds"", ""covered"", ""Mount"", ""Damavand"", ""throughout"", ""the"", ""morning"", "".""]","[""O"", ""O"", ""O"", ""B-MOUNTAIN"", ""I-MOUNTAIN"", ""O"", ""O"", ""O"", ""O""]","[{""start"": 21, ""end"": 35, ""label"": ""MOUNTAIN"", ""text"": ""Mount Damavand""}]",synthetic_positive_single
train-01729,The travel company approved the validation result in the laboratory.,"[""The"", ""travel"", ""company"", ""approved"", ""the"", ""validation"", ""result"", ""in"", ""the"", ""laboratory"", "".""]","[""O"", ""O"", ""O"", ""O"", ""O"", ""O"", ""O"", ""O"", ""O"", ""O"", ""O""]",[],synthetic_negative
train-01730,The film crew archived the forest trail before lunch.,"[""The"", ""film"", ""crew"", ""archived"", ""the"", ""forest"", ""trail"", ""before"", ""lunch"", "".""]","[""O"", ""O"", ""O"", ""O"", ""O"", ""O"", ""O"", ""O"", ""O"", ""O""]",[],synthetic_negative
train-01731,"She has photographed Mount Olympus, Mount Hicks, and several nearby peaks.","[""She"", ""has"", ""photographed"", ""Mount"", ""Olympus"", "","", ""Mount"", ""Hicks"", "","", ""and"", ""several"", ""nearby"", ""peaks"", "".""]","[""O"", ""O"", ""O"", ""B-MOUNTAIN"", ""I-MOUNTAIN"", ""O"", ""B-MOUNTAIN"", ""I-MOUNTAIN"", ""O"", ""O"", ""O"", ""O"", ""O"", ""O""]","[{""start"": 21, ""end"": 34, ""label"": ""MOUNTAIN"", ""text"": ""Mount Olympus""}, {""start"": 36, ""end"": 47, ""label"": ""MOUNTAIN"", ""text"": ""Mount Hicks""}]",synthetic_positive_multi
train-01732,A documentary crew filmed near Mount Alverstone.,"[""A"", ""documentary"", ""crew"", ""filmed"", ""near"", ""Mount"", ""Alverstone"", "".""]","[""O"", ""O"", ""O"", ""O"", ""O"", ""B-MOUNTAIN"", ""I-MOUNTAIN"", ""O""]","[{""start"": 31, ""end"": 47, ""label"": ""MOUNTAIN"", ""text"": ""Mount Alverstone""}]",synthetic_positive_single
train-01733,She hopes to climb Mount Hunter next year.,"[""She"", ""hopes"", ""to"", ""climb"", ""Mount"", ""Hunter"", ""next"", ""year"", "".""]","[""O"", ""O"", ""O"", ""O"", ""B-MOUNTAIN"", ""I-MOUNTAIN"", ""O"", ""O"", ""O""]","[{""start"": 19, ""end"": 31, ""label"": ""MOUNTAIN"", ""text"": ""Mount Hunter""}]",synthetic_positive_single
train-01734,The rescue unit printed the valley before the deadline.,"[""The"", ""rescue"", ""unit"", ""printed"", ""the"", ""valley"", ""before"", ""the"", ""deadline"", "".""]","[""O"", ""O"", ""O"", ""O"", ""O"", ""O"", ""O"", ""O"", ""O"", ""O""]",[],synthetic_negative
train-01735,"From the eastern ridge, we watched the sun rise behind Mount Taranaki.","[""From"", ""the"", ""eastern"", ""ridge"", "","", ""we"", ""watched"", ""the"", ""sun"", ""rise"", ""behind"", ""Mount"", ""Taranaki"", "".""]","[""O"", ""O"", ""O"", ""O"", ""O"", ""O"", ""O"", ""O"", ""O"", ""O"", ""O"", ""B-MOUNTAIN"", ""I-MOUNTAIN"", ""O""]","[{""start"": 55, ""end"": 69, ""label"": ""MOUNTAIN"", ""text"": ""Mount Taranaki""}]",synthetic_positive_single
train-01736,The local council shared the route before lunch.,"[""The"", ""local"", ""council"", ""shared"", ""the"", ""route"", ""before"", ""lunch"", "".""]","[""O"", ""O"", ""O"", ""O"", ""O"", ""O"", ""O"", ""O"", ""O""]",[],synthetic_negative
train-01737,The base camp below Mount Saint Elias was moved to safer ground.,"[""The"", ""base"", ""camp"", ""below"", ""Mount"", ""Saint"", ""Elias"", ""was"", ""moved"", ""to"", ""safer"", ""ground"", "".""]","[""O"", ""O"", ""O"", ""O"", ""B-MOUNTAIN"", ""I-MOUNTAIN"", ""I-MOUNTAIN"", ""O"", ""O"", ""O"", ""O"", ""O"", ""O""]","[{""start"": 20, ""end"": 37, ""label"": ""MOUNTAIN"", ""text"": ""Mount Saint Elias""}]",synthetic_positive_single
train-01738,The expedition reached the summit of Illimani before noon.,"[""The"", ""expedition"", ""reached"", ""the"", ""summit"", ""of"", ""Illimani"", ""before"", ""noon"", "".""]","[""O"", ""O"", ""O"", ""O"", ""O"", ""O"", ""B-MOUNTAIN"", ""O"", ""O"", ""O""]","[{""start"": 37, ""end"": 45, ""label"": ""MOUNTAIN"", ""text"": ""Illimani""}]",synthetic_positive_single
train-01739,The rescue team returned safely from Mount Kilimanjaro.,"[""The"", ""rescue"", ""team"", ""returned"", ""safely"", ""from"", ""Mount"", ""Kilimanjaro"", "".""]","[""O"", ""O"", ""O"", ""O"", ""O"", ""O"", ""B-MOUNTAIN"", ""I-MOUNTAIN"", ""O""]","[{""start"": 37, ""end"": 54, ""label"": ""MOUNTAIN"", ""text"": ""Mount Kilimanjaro""}]",synthetic_positive_single
train-01740,"Despite the forecast, the climbers continued toward Mount Cook.","[""Despite"", ""the"", ""forecast"", "","", ""the"", ""climbers"", ""continued"", ""toward"", ""Mount"", ""Cook"", "".""]","[""O"", ""O"", ""O"", ""O"", ""O"", ""O"", ""O"", ""O"", ""B-MOUNTAIN"", ""I-MOUNTAIN"", ""O""]","[{""start"": 52, ""end"": 62, ""label"": ""MOUNTAIN"", ""text"": ""Mount Cook""}]",synthetic_positive_single
train-01741,The local council checked the product range on Monday.,"[""The"", ""local"", ""council"", ""checked"", ""the"", ""product"", ""range"", ""on"", ""Monday"", "".""]","[""O"", ""O"", ""O"", ""O"", ""O"", ""O"", ""O"", ""O"", ""O"", ""O""]",[],synthetic_negative
train-01742,The rescue unit compared the validation result during the conference.,"[""The"", ""rescue"", ""unit"", ""compared"", ""the"", ""validation"", ""result"", ""during"", ""the"", ""conference"", "".""]","[""O"", ""O"", ""O"", ""O"", ""O"", ""O"", ""O"", ""O"", ""O"", ""O"", ""O""]",[],synthetic_negative
train-01743,The team measured snow depth on Ojos del Salado.,"[""The"", ""team"", ""measured"", ""snow"", ""depth"", ""on"", ""Ojos"", ""del"", ""Salado"", "".""]","[""O"", ""O"", ""O"", ""O"", ""O"", ""O"", ""B-MOUNTAIN"", ""I-MOUNTAIN"", ""I-MOUNTAIN"", ""O""]","[{""start"": 32, ""end"": 47, ""label"": ""MOUNTAIN"", ""text"": ""Ojos del Salado""}]",synthetic_positive_single
train-01744,Several routes lead toward the summit of Mount Silverthrone.,"[""Several"", ""routes"", ""lead"", ""toward"", ""the"", ""summit"", ""of"", ""Mount"", ""Silverthrone"", "".""]","[""O"", ""O"", ""O"", ""O"", ""O"", ""O"", ""O"", ""B-MOUNTAIN"", ""I-MOUNTAIN"", ""O""]","[{""start"": 41, ""end"": 59, ""label"": ""MOUNTAIN"", ""text"": ""Mount Silverthrone""}]",synthetic_positive_single
train-01745,Heavy clouds covered Mount Whitney throughout the morning.,"[""Heavy"", ""clouds"", ""covered"", ""Mount"", ""Whitney"", ""throughout"", ""the"", ""morning"", "".""]","[""O"", ""O"", ""O"", ""B-MOUNTAIN"", ""I-MOUNTAIN"", ""O"", ""O"", ""O"", ""O""]","[{""start"": 21, ""end"": 34, ""label"": ""MOUNTAIN"", ""text"": ""Mount Whitney""}]",synthetic_positive_single
train-01746,The travel company discussed the cliff photograph in the laboratory.,"[""The"", ""travel"", ""company"", ""discussed"", ""the"", ""cliff"", ""photograph"", ""in"", ""the"", ""laboratory"", "".""]","[""O"", ""O"", ""O"", ""O"", ""O"", ""O"", ""O"", ""O"", ""O"", ""O"", ""O""]",[],synthetic_negative
train-01747,The local council reviewed the schedule after the presentation.,"[""The"", ""local"", ""council"", ""reviewed"", ""the"", ""schedule"", ""after"", ""the"", ""presentation"", "".""]","[""O"", ""O"", ""O"", ""O"", ""O"", ""O"", ""O"", ""O"", ""O"", ""O""]",[],synthetic_negative
train-01748,The film crew approved the dataset at the office.,"[""The"", ""film"", ""crew"", ""approved"", ""the"", ""dataset"", ""at"", ""the"", ""office"", "".""]","[""O"", ""O"", ""O"", ""O"", ""O"", ""O"", ""O"", ""O"", ""O"", ""O""]",[],synthetic_negative
train-01749,"According to the itinerary, Mount Cameroon is the main destination.","[""According"", ""to"", ""the"", ""itinerary"", "","", ""Mount"", ""Cameroon"", ""is"", ""the"", ""main"", ""destination"", "".""]","[""O"", ""O"", ""O"", ""O"", ""O"", ""B-MOUNTAIN"", ""I-MOUNTAIN"", ""O"", ""O"", ""O"", ""O"", ""O""]","[{""start"": 28, ""end"": 42, ""label"": ""MOUNTAIN"", ""text"": ""Mount Cameroon""}]",synthetic_positive_single
train-01750,The weather service archived the research report before the deadline.,"[""The"", ""weather"", ""service"", ""archived"", ""the"", ""research"", ""report"", ""before"", ""the"", ""deadline"", "".""]","[""O"", ""O"", ""O"", ""O"", ""O"", ""O"", ""O"", ""O"", ""O"", ""O"", ""O""]",[],synthetic_negative
train-01751,Photos of Mount Ruapehu were displayed in the museum.,"[""Photos"", ""of"", ""Mount"", ""Ruapehu"", ""were"", ""displayed"", ""in"", ""the"", ""museum"", "".""]","[""O"", ""O"", ""B-MOUNTAIN"", ""I-MOUNTAIN"", ""O"", ""O"", ""O"", ""O"", ""O"", ""O""]","[{""start"": 10, ""end"": 23, ""label"": ""MOUNTAIN"", ""text"": ""Mount Ruapehu""}]",synthetic_positive_single
train-01752,Photos of Sajama were displayed in the museum.,"[""Photos"", ""of"", ""Sajama"", ""were"", ""displayed"", ""in"", ""the"", ""museum"", "".""]","[""O"", ""O"", ""B-MOUNTAIN"", ""O"", ""O"", ""O"", ""O"", ""O"", ""O""]","[{""start"": 10, ""end"": 16, ""label"": ""MOUNTAIN"", ""text"": ""Sajama""}]",synthetic_positive_single
train-01753,The glacier on Chimborazo has retreated in recent decades.,"[""The"", ""glacier"", ""on"", ""Chimborazo"", ""has"", ""retreated"", ""in"", ""recent"", ""decades"", "".""]","[""O"", ""O"", ""O"", ""B-MOUNTAIN"", ""O"", ""O"", ""O"", ""O"", ""O"", ""O""]","[{""start"": 15, ""end"": 25, ""label"": ""MOUNTAIN"", ""text"": ""Chimborazo""}]",synthetic_positive_single
train-01754,Wind speeds increased rapidly around Mount Hicks.,"[""Wind"", ""speeds"", ""increased"", ""rapidly"", ""around"", ""Mount"", ""Hicks"", "".""]","[""O"", ""O"", ""O"", ""O"", ""O"", ""B-MOUNTAIN"", ""I-MOUNTAIN"", ""O""]","[{""start"": 37, ""end"": 48, ""label"": ""MOUNTAIN"", ""text"": ""Mount Hicks""}]",synthetic_positive_single
train-01755,She hopes to climb Mount Kosciuszko next year.,"[""She"", ""hopes"", ""to"", ""climb"", ""Mount"", ""Kosciuszko"", ""next"", ""year"", "".""]","[""O"", ""O"", ""O"", ""O"", ""B-MOUNTAIN"", ""I-MOUNTAIN"", ""O"", ""O"", ""O""]","[{""start"": 19, ""end"": 35, ""label"": ""MOUNTAIN"", ""text"": ""Mount Kosciuszko""}]",synthetic_positive_single
train-01756,Researchers installed weather sensors on Mauna Kea.,"[""Researchers"", ""installed"", ""weather"", ""sensors"", ""on"", ""Mauna"", ""Kea"", "".""]","[""O"", ""O"", ""O"", ""O"", ""O"", ""B-MOUNTAIN"", ""I-MOUNTAIN"", ""O""]","[{""start"": 41, ""end"": 50, ""label"": ""MOUNTAIN"", ""text"": ""Mauna Kea""}]",synthetic_positive_single
train-01757,Snow remained on the upper slopes of Vinson Massif.,"[""Snow"", ""remained"", ""on"", ""the"", ""upper"", ""slopes"", ""of"", ""Vinson"", ""Massif"", "".""]","[""O"", ""O"", ""O"", ""O"", ""O"", ""O"", ""O"", ""B-MOUNTAIN"", ""I-MOUNTAIN"", ""O""]","[{""start"": 37, ""end"": 50, ""label"": ""MOUNTAIN"", ""text"": ""Vinson Massif""}]",synthetic_positive_single
train-01758,"Despite the forecast, the climbers continued toward Mount Whitney.","[""Despite"", ""the"", ""forecast"", "","", ""the"", ""climbers"", ""continued"", ""toward"", ""Mount"", ""Whitney"", "".""]","[""O"", ""O"", ""O"", ""O"", ""O"", ""O"", ""O"", ""O"", ""B-MOUNTAIN"", ""I-MOUNTAIN"", ""O""]","[{""start"": 52, ""end"": 65, ""label"": ""MOUNTAIN"", ""text"": ""Mount Whitney""}]",synthetic_positive_single
train-01759,The glacier on Scafell Pike has retreated in recent decades.,"[""The"", ""glacier"", ""on"", ""Scafell"", ""Pike"", ""has"", ""retreated"", ""in"", ""recent"", ""decades"", "".""]","[""O"", ""O"", ""O"", ""B-MOUNTAIN"", ""I-MOUNTAIN"", ""O"", ""O"", ""O"", ""O"", ""O"", ""O""]","[{""start"": 15, ""end"": 27, ""label"": ""MOUNTAIN"", ""text"": ""Scafell Pike""}]",synthetic_positive_single
train-01760,"For safety reasons, access to Mount Ngauruhoe was temporarily restricted.","[""For"", ""safety"", ""reasons"", "","", ""access"", ""to"", ""Mount"", ""Ngauruhoe"", ""was"", ""temporarily"", ""restricted"", "".""]","[""O"", ""O"", ""O"", ""O"", ""O"", ""O"", ""B-MOUNTAIN"", ""I-MOUNTAIN"", ""O"", ""O"", ""O"", ""O""]","[{""start"": 30, ""end"": 45, ""label"": ""MOUNTAIN"", ""text"": ""Mount Ngauruhoe""}]",synthetic_positive_single
train-01761,The university department updated the dataset after the presentation.,"[""The"", ""university"", ""department"", ""updated"", ""the"", ""dataset"", ""after"", ""the"", ""presentation"", "".""]","[""O"", ""O"", ""O"", ""O"", ""O"", ""O"", ""O"", ""O"", ""O"", ""O""]",[],synthetic_negative
train-01762,The local council printed the route during the conference.,"[""The"", ""local"", ""council"", ""printed"", ""the"", ""route"", ""during"", ""the"", ""conference"", "".""]","[""O"", ""O"", ""O"", ""O"", ""O"", ""O"", ""O"", ""O"", ""O"", ""O""]",[],synthetic_negative
train-01763,A small village lies below Haleakala.,"[""A"", ""small"", ""village"", ""lies"", ""below"", ""Haleakala"", "".""]","[""O"", ""O"", ""O"", ""O"", ""O"", ""B-MOUNTAIN"", ""O""]","[{""start"": 27, ""end"": 36, ""label"": ""MOUNTAIN"", ""text"": ""Haleakala""}]",synthetic_positive_single
train-01764,The museum curator updated the schedule before the deadline.,"[""The"", ""museum"", ""curator"", ""updated"", ""the"", ""schedule"", ""before"", ""the"", ""deadline"", "".""]","[""O"", ""O"", ""O"", ""O"", ""O"", ""O"", ""O"", ""O"", ""O"", ""O""]",[],synthetic_negative
train-01765,"Unlike Mount Augusta, Mount Cameroon was hidden by clouds.","[""Unlike"", ""Mount"", ""Augusta"", "","", ""Mount"", ""Cameroon"", ""was"", ""hidden"", ""by"", ""clouds"", "".""]","[""O"", ""B-MOUNTAIN"", ""I-MOUNTAIN"", ""O"", ""B-MOUNTAIN"", ""I-MOUNTAIN"", ""O"", ""O"", ""O"", ""O"", ""O""]","[{""start"": 7, ""end"": 20, ""label"": ""MOUNTAIN"", ""text"": ""Mount Augusta""}, {""start"": 22, ""end"": 36, ""label"": ""MOUNTAIN"", ""text"": ""Mount Cameroon""}]",synthetic_positive_multi
train-01766,The local council published the satellite image after the presentation.,"[""The"", ""local"", ""council"", ""published"", ""the"", ""satellite"", ""image"", ""after"", ""the"", ""presentation"", "".""]","[""O"", ""O"", ""O"", ""O"", ""O"", ""O"", ""O"", ""O"", ""O"", ""O"", ""O""]",[],synthetic_negative
train-01767,Snow remained on the upper slopes of Mount Silverthrone.,"[""Snow"", ""remained"", ""on"", ""the"", ""upper"", ""slopes"", ""of"", ""Mount"", ""Silverthrone"", "".""]","[""O"", ""O"", ""O"", ""O"", ""O"", ""O"", ""O"", ""B-MOUNTAIN"", ""I-MOUNTAIN"", ""O""]","[{""start"": 37, ""end"": 55, ""label"": ""MOUNTAIN"", ""text"": ""Mount Silverthrone""}]",synthetic_positive_single
train-01768,"During the spring survey, scientists visited Pip Ivan.","[""During"", ""the"", ""spring"", ""survey"", "","", ""scientists"", ""visited"", ""Pip"", ""Ivan"", "".""]","[""O"", ""O"", ""O"", ""O"", ""O"", ""O"", ""O"", ""B-MOUNTAIN"", ""I-MOUNTAIN"", ""O""]","[{""start"": 45, ""end"": 53, ""label"": ""MOUNTAIN"", ""text"": ""Pip Ivan""}]",synthetic_positive_single
train-01769,The climbing club shared the hotel booking in the laboratory.,"[""The"", ""climbing"", ""club"", ""shared"", ""the"", ""hotel"", ""booking"", ""in"", ""the"", ""laboratory"", "".""]","[""O"", ""O"", ""O"", ""O"", ""O"", ""O"", ""O"", ""O"", ""O"", ""O"", ""O""]",[],synthetic_negative
train-01770,The rescue unit published the sales peak during the conference.,"[""The"", ""rescue"", ""unit"", ""published"", ""the"", ""sales"", ""peak"", ""during"", ""the"", ""conference"", "".""]","[""O"", ""O"", ""O"", ""O"", ""O"", ""O"", ""O"", ""O"", ""O"", ""O"", ""O""]",[],synthetic_negative
train-01771,The travel company approved the satellite image in the final report.,"[""The"", ""travel"", ""company"", ""approved"", ""the"", ""satellite"", ""image"", ""in"", ""the"", ""final"", ""report"", "".""]","[""O"", ""O"", ""O"", ""O"", ""O"", ""O"", ""O"", ""O"", ""O"", ""O"", ""O"", ""O""]",[],synthetic_negative
train-01772,The base camp below Mount Robson was moved to safer ground.,"[""The"", ""base"", ""camp"", ""below"", ""Mount"", ""Robson"", ""was"", ""moved"", ""to"", ""safer"", ""ground"", "".""]","[""O"", ""O"", ""O"", ""O"", ""B-MOUNTAIN"", ""I-MOUNTAIN"", ""O"", ""O"", ""O"", ""O"", ""O"", ""O""]","[{""start"": 20, ""end"": 32, ""label"": ""MOUNTAIN"", ""text"": ""Mount Robson""}]",synthetic_positive_single
train-01773,The film crew reviewed the ridge map at the office.,"[""The"", ""film"", ""crew"", ""reviewed"", ""the"", ""ridge"", ""map"", ""at"", ""the"", ""office"", "".""]","[""O"", ""O"", ""O"", ""O"", ""O"", ""O"", ""O"", ""O"", ""O"", ""O"", ""O""]",[],synthetic_negative
train-01774,The mapping agency published the sensor reading at the office.,"[""The"", ""mapping"", ""agency"", ""published"", ""the"", ""sensor"", ""reading"", ""at"", ""the"", ""office"", "".""]","[""O"", ""O"", ""O"", ""O"", ""O"", ""O"", ""O"", ""O"", ""O"", ""O"", ""O""]",[],synthetic_negative
train-01775,"Despite the forecast, the climbers continued toward K2.","[""Despite"", ""the"", ""forecast"", "","", ""the"", ""climbers"", ""continued"", ""toward"", ""K2"", "".""]","[""O"", ""O"", ""O"", ""O"", ""O"", ""O"", ""O"", ""O"", ""B-MOUNTAIN"", ""O""]","[{""start"": 52, ""end"": 54, ""label"": ""MOUNTAIN"", ""text"": ""K2""}]",synthetic_positive_single
train-01776,The travel company rejected the product range on Monday.,"[""The"", ""travel"", ""company"", ""rejected"", ""the"", ""product"", ""range"", ""on"", ""Monday"", "".""]","[""O"", ""O"", ""O"", ""O"", ""O"", ""O"", ""O"", ""O"", ""O"", ""O""]",[],synthetic_negative
train-01777,Mount Hubbard attracts climbers from around the world.,"[""Mount"", ""Hubbard"", ""attracts"", ""climbers"", ""from"", ""around"", ""the"", ""world"", "".""]","[""B-MOUNTAIN"", ""I-MOUNTAIN"", ""O"", ""O"", ""O"", ""O"", ""O"", ""O"", ""O""]","[{""start"": 0, ""end"": 13, ""label"": ""MOUNTAIN"", ""text"": ""Mount Hubbard""}]",synthetic_positive_single
train-01778,"She has photographed Mount Semeru, Cerro Torre, and several nearby peaks.","[""She"", ""has"", ""photographed"", ""Mount"", ""Semeru"", "","", ""Cerro"", ""Torre"", "","", ""and"", ""several"", ""nearby"", ""peaks"", "".""]","[""O"", ""O"", ""O"", ""B-MOUNTAIN"", ""I-MOUNTAIN"", ""O"", ""B-MOUNTAIN"", ""I-MOUNTAIN"", ""O"", ""O"", ""O"", ""O"", ""O"", ""O""]","[{""start"": 21, ""end"": 33, ""label"": ""MOUNTAIN"", ""text"": ""Mount Semeru""}, {""start"": 35, ""end"": 46, ""label"": ""MOUNTAIN"", ""text"": ""Cerro Torre""}]",synthetic_positive_multi
train-01779,The climbing club published the aircraft at the office.,"[""The"", ""climbing"", ""club"", ""published"", ""the"", ""aircraft"", ""at"", ""the"", ""office"", "".""]","[""O"", ""O"", ""O"", ""O"", ""O"", ""O"", ""O"", ""O"", ""O"", ""O""]",[],synthetic_negative
train-01780,She hopes to climb Mount Vesuvius next year.,"[""She"", ""hopes"", ""to"", ""climb"", ""Mount"", ""Vesuvius"", ""next"", ""year"", "".""]","[""O"", ""O"", ""O"", ""O"", ""B-MOUNTAIN"", ""I-MOUNTAIN"", ""O"", ""O"", ""O""]","[{""start"": 19, ""end"": 33, ""label"": ""MOUNTAIN"", ""text"": ""Mount Vesuvius""}]",synthetic_positive_single
train-01781,The weather service published the expedition permit during the meeting.,"[""The"", ""weather"", ""service"", ""published"", ""the"", ""expedition"", ""permit"", ""during"", ""the"", ""meeting"", "".""]","[""O"", ""O"", ""O"", ""O"", ""O"", ""O"", ""O"", ""O"", ""O"", ""O"", ""O""]",[],synthetic_negative
train-01782,Tourists gathered at a viewpoint facing Ol Doinyo Lengai.,"[""Tourists"", ""gathered"", ""at"", ""a"", ""viewpoint"", ""facing"", ""Ol"", ""Doinyo"", ""Lengai"", "".""]","[""O"", ""O"", ""O"", ""O"", ""O"", ""O"", ""B-MOUNTAIN"", ""I-MOUNTAIN"", ""I-MOUNTAIN"", ""O""]","[{""start"": 40, ""end"": 56, ""label"": ""MOUNTAIN"", ""text"": ""Ol Doinyo Lengai""}]",synthetic_positive_single
train-01783,The research team published the glacier report before lunch.,"[""The"", ""research"", ""team"", ""published"", ""the"", ""glacier"", ""report"", ""before"", ""lunch"", "".""]","[""O"", ""O"", ""O"", ""O"", ""O"", ""O"", ""O"", ""O"", ""O"", ""O""]",[],synthetic_negative
train-01784,The climbing club archived the research report at the office.,"[""The"", ""climbing"", ""club"", ""archived"", ""the"", ""research"", ""report"", ""at"", ""the"", ""office"", "".""]","[""O"", ""O"", ""O"", ""O"", ""O"", ""O"", ""O"", ""O"", ""O"", ""O"", ""O""]",[],synthetic_negative
train-01785,Sajama attracts climbers from around the world.,"[""Sajama"", ""attracts"", ""climbers"", ""from"", ""around"", ""the"", ""world"", "".""]","[""B-MOUNTAIN"", ""O"", ""O"", ""O"", ""O"", ""O"", ""O"", ""O""]","[{""start"": 0, ""end"": 6, ""label"": ""MOUNTAIN"", ""text"": ""Sajama""}]",synthetic_positive_single
train-01786,Researchers installed weather sensors on Mount Everest.,"[""Researchers"", ""installed"", ""weather"", ""sensors"", ""on"", ""Mount"", ""Everest"", "".""]","[""O"", ""O"", ""O"", ""O"", ""O"", ""B-MOUNTAIN"", ""I-MOUNTAIN"", ""O""]","[{""start"": 41, ""end"": 54, ""label"": ""MOUNTAIN"", ""text"": ""Mount Everest""}]",synthetic_positive_single
train-01787,The team discussed whether to attempt Mount Fuji or Mount Ngauruhoe.,"[""The"", ""team"", ""discussed"", ""whether"", ""to"", ""attempt"", ""Mount"", ""Fuji"", ""or"", ""Mount"", ""Ngauruhoe"", "".""]","[""O"", ""O"", ""O"", ""O"", ""O"", ""O"", ""B-MOUNTAIN"", ""I-MOUNTAIN"", ""O"", ""B-MOUNTAIN"", ""I-MOUNTAIN"", ""O""]","[{""start"": 38, ""end"": 48, ""label"": ""MOUNTAIN"", ""text"": ""Mount Fuji""}, {""start"": 52, ""end"": 67, ""label"": ""MOUNTAIN"", ""text"": ""Mount Ngauruhoe""}]",synthetic_positive_multi
train-01788,Images of Mount Assiniboine were placed beside photographs of Cerro Torre.,"[""Images"", ""of"", ""Mount"", ""Assiniboine"", ""were"", ""placed"", ""beside"", ""photographs"", ""of"", ""Cerro"", ""Torre"", "".""]","[""O"", ""O"", ""B-MOUNTAIN"", ""I-MOUNTAIN"", ""O"", ""O"", ""O"", ""O"", ""O"", ""B-MOUNTAIN"", ""I-MOUNTAIN"", ""O""]","[{""start"": 10, ""end"": 27, ""label"": ""MOUNTAIN"", ""text"": ""Mount Assiniboine""}, {""start"": 62, ""end"": 73, ""label"": ""MOUNTAIN"", ""text"": ""Cerro Torre""}]",synthetic_positive_multi
train-01789,Several routes lead toward the summit of Mount Hicks.,"[""Several"", ""routes"", ""lead"", ""toward"", ""the"", ""summit"", ""of"", ""Mount"", ""Hicks"", "".""]","[""O"", ""O"", ""O"", ""O"", ""O"", ""O"", ""O"", ""B-MOUNTAIN"", ""I-MOUNTAIN"", ""O""]","[{""start"": 41, ""end"": 52, ""label"": ""MOUNTAIN"", ""text"": ""Mount Hicks""}]",synthetic_positive_single
train-01790,The expedition leader compared the sales peak before lunch.,"[""The"", ""expedition"", ""leader"", ""compared"", ""the"", ""sales"", ""peak"", ""before"", ""lunch"", "".""]","[""O"", ""O"", ""O"", ""O"", ""O"", ""O"", ""O"", ""O"", ""O"", ""O""]",[],synthetic_negative
train-01791,The base camp below Mount Ruapehu was moved to safer ground.,"[""The"", ""base"", ""camp"", ""below"", ""Mount"", ""Ruapehu"", ""was"", ""moved"", ""to"", ""safer"", ""ground"", "".""]","[""O"", ""O"", ""O"", ""O"", ""B-MOUNTAIN"", ""I-MOUNTAIN"", ""O"", ""O"", ""O"", ""O"", ""O"", ""O""]","[{""start"": 20, ""end"": 33, ""label"": ""MOUNTAIN"", ""text"": ""Mount Ruapehu""}]",synthetic_positive_single
train-01792,The base camp below Vinson Massif was moved to safer ground.,"[""The"", ""base"", ""camp"", ""below"", ""Vinson"", ""Massif"", ""was"", ""moved"", ""to"", ""safer"", ""ground"", "".""]","[""O"", ""O"", ""O"", ""O"", ""B-MOUNTAIN"", ""I-MOUNTAIN"", ""O"", ""O"", ""O"", ""O"", ""O"", ""O""]","[{""start"": 20, ""end"": 33, ""label"": ""MOUNTAIN"", ""text"": ""Vinson Massif""}]",synthetic_positive_single
train-01793,A small village lies below Machapuchare.,"[""A"", ""small"", ""village"", ""lies"", ""below"", ""Machapuchare"", "".""]","[""O"", ""O"", ""O"", ""O"", ""O"", ""B-MOUNTAIN"", ""O""]","[{""start"": 27, ""end"": 39, ""label"": ""MOUNTAIN"", ""text"": ""Machapuchare""}]",synthetic_positive_single
train-01794,Have you ever seen Mount Erebus in winter?,"[""Have"", ""you"", ""ever"", ""seen"", ""Mount"", ""Erebus"", ""in"", ""winter"", ""?""]","[""O"", ""O"", ""O"", ""O"", ""B-MOUNTAIN"", ""I-MOUNTAIN"", ""O"", ""O"", ""O""]","[{""start"": 19, ""end"": 31, ""label"": ""MOUNTAIN"", ""text"": ""Mount Erebus""}]",synthetic_positive_single
train-01795,The climbing club archived the dataset after the presentation.,"[""The"", ""climbing"", ""club"", ""archived"", ""the"", ""dataset"", ""after"", ""the"", ""presentation"", "".""]","[""O"", ""O"", ""O"", ""O"", ""O"", ""O"", ""O"", ""O"", ""O"", ""O""]",[],synthetic_negative
train-01796,K2 is the name of a vitamin as well as a famous peak.,"[""K2"", ""is"", ""the"", ""name"", ""of"", ""a"", ""vitamin"", ""as"", ""well"", ""as"", ""a"", ""famous"", ""peak"", "".""]","[""O"", ""O"", ""O"", ""O"", ""O"", ""O"", ""O"", ""O"", ""O"", ""O"", ""O"", ""O"", ""O"", ""O""]",[],synthetic_hard_negative
train-01797,Local guides described conditions on Mount Tate as difficult.,"[""Local"", ""guides"", ""described"", ""conditions"", ""on"", ""Mount"", ""Tate"", ""as"", ""difficult"", "".""]","[""O"", ""O"", ""O"", ""O"", ""O"", ""B-MOUNTAIN"", ""I-MOUNTAIN"", ""O"", ""O"", ""O""]","[{""start"": 37, ""end"": 47, ""label"": ""MOUNTAIN"", ""text"": ""Mount Tate""}]",synthetic_positive_single
train-01798,She hopes to climb Mount Churchill next year.,"[""She"", ""hopes"", ""to"", ""climb"", ""Mount"", ""Churchill"", ""next"", ""year"", "".""]","[""O"", ""O"", ""O"", ""O"", ""B-MOUNTAIN"", ""I-MOUNTAIN"", ""O"", ""O"", ""O""]","[{""start"": 19, ""end"": 34, ""label"": ""MOUNTAIN"", ""text"": ""Mount Churchill""}]",synthetic_positive_single
train-01799,The tourist group updated the validation result in the laboratory.,"[""The"", ""tourist"", ""group"", ""updated"", ""the"", ""validation"", ""result"", ""in"", ""the"", ""laboratory"", "".""]","[""O"", ""O"", ""O"", ""O"", ""O"", ""O"", ""O"", ""O"", ""O"", ""O"", ""O""]",[],synthetic_negative
train-01800,The route to Mount Dampier was closed after the storm.,"[""The"", ""route"", ""to"", ""Mount"", ""Dampier"", ""was"", ""closed"", ""after"", ""the"", ""storm"", "".""]","[""O"", ""O"", ""O"", ""B-MOUNTAIN"", ""I-MOUNTAIN"", ""O"", ""O"", ""O"", ""O"", ""O"", ""O""]","[{""start"": 13, ""end"": 26, ""label"": ""MOUNTAIN"", ""text"": ""Mount Dampier""}]",synthetic_positive_single
train-01801,Images of Makalu were placed beside photographs of Mount Etna.,"[""Images"", ""of"", ""Makalu"", ""were"", ""placed"", ""beside"", ""photographs"", ""of"", ""Mount"", ""Etna"", "".""]","[""O"", ""O"", ""B-MOUNTAIN"", ""O"", ""O"", ""O"", ""O"", ""O"", ""B-MOUNTAIN"", ""I-MOUNTAIN"", ""O""]","[{""start"": 10, ""end"": 16, ""label"": ""MOUNTAIN"", ""text"": ""Makalu""}, {""start"": 51, ""end"": 61, ""label"": ""MOUNTAIN"", ""text"": ""Mount Etna""}]",synthetic_positive_multi
train-01802,"According to the itinerary, Mount Columbia is the main destination.","[""According"", ""to"", ""the"", ""itinerary"", "","", ""Mount"", ""Columbia"", ""is"", ""the"", ""main"", ""destination"", "".""]","[""O"", ""O"", ""O"", ""O"", ""O"", ""B-MOUNTAIN"", ""I-MOUNTAIN"", ""O"", ""O"", ""O"", ""O"", ""O""]","[{""start"": 28, ""end"": 42, ""label"": ""MOUNTAIN"", ""text"": ""Mount Columbia""}]",synthetic_positive_single
train-01803,The climbers postponed their attempt on Mount Churchill.,"[""The"", ""climbers"", ""postponed"", ""their"", ""attempt"", ""on"", ""Mount"", ""Churchill"", "".""]","[""O"", ""O"", ""O"", ""O"", ""O"", ""O"", ""B-MOUNTAIN"", ""I-MOUNTAIN"", ""O""]","[{""start"": 40, ""end"": 55, ""label"": ""MOUNTAIN"", ""text"": ""Mount Churchill""}]",synthetic_positive_single
train-01804,The guide warned us not to underestimate Alpamayo.,"[""The"", ""guide"", ""warned"", ""us"", ""not"", ""to"", ""underestimate"", ""Alpamayo"", "".""]","[""O"", ""O"", ""O"", ""O"", ""O"", ""O"", ""O"", ""B-MOUNTAIN"", ""O""]","[{""start"": 41, ""end"": 49, ""label"": ""MOUNTAIN"", ""text"": ""Alpamayo""}]",synthetic_positive_single
train-01805,The lecture included a case study about Makalu.,"[""The"", ""lecture"", ""included"", ""a"", ""case"", ""study"", ""about"", ""Makalu"", "".""]","[""O"", ""O"", ""O"", ""O"", ""O"", ""O"", ""O"", ""B-MOUNTAIN"", ""O""]","[{""start"": 40, ""end"": 46, ""label"": ""MOUNTAIN"", ""text"": ""Makalu""}]",synthetic_positive_single
train-01806,The climbing club published the aircraft on Monday.,"[""The"", ""climbing"", ""club"", ""published"", ""the"", ""aircraft"", ""on"", ""Monday"", "".""]","[""O"", ""O"", ""O"", ""O"", ""O"", ""O"", ""O"", ""O"", ""O""]",[],synthetic_negative
train-01807,The weather service rejected the training notebook before the deadline.,"[""The"", ""weather"", ""service"", ""rejected"", ""the"", ""training"", ""notebook"", ""before"", ""the"", ""deadline"", "".""]","[""O"", ""O"", ""O"", ""O"", ""O"", ""O"", ""O"", ""O"", ""O"", ""O"", ""O""]",[],synthetic_negative
train-01808,He plans to study glaciers on Mount Sidley and Chimborazo.,"[""He"", ""plans"", ""to"", ""study"", ""glaciers"", ""on"", ""Mount"", ""Sidley"", ""and"", ""Chimborazo"", "".""]","[""O"", ""O"", ""O"", ""O"", ""O"", ""O"", ""B-MOUNTAIN"", ""I-MOUNTAIN"", ""O"", ""B-MOUNTAIN"", ""O""]","[{""start"": 30, ""end"": 42, ""label"": ""MOUNTAIN"", ""text"": ""Mount Sidley""}, {""start"": 47, ""end"": 57, ""label"": ""MOUNTAIN"", ""text"": ""Chimborazo""}]",synthetic_positive_multi
train-01809,"According to the itinerary, Mount Foraker is the main destination.","[""According"", ""to"", ""the"", ""itinerary"", "","", ""Mount"", ""Foraker"", ""is"", ""the"", ""main"", ""destination"", "".""]","[""O"", ""O"", ""O"", ""O"", ""O"", ""B-MOUNTAIN"", ""I-MOUNTAIN"", ""O"", ""O"", ""O"", ""O"", ""O""]","[{""start"": 28, ""end"": 41, ""label"": ""MOUNTAIN"", ""text"": ""Mount Foraker""}]",synthetic_positive_single
train-01810,The lecture included a case study about Mount Alverstone.,"[""The"", ""lecture"", ""included"", ""a"", ""case"", ""study"", ""about"", ""Mount"", ""Alverstone"", "".""]","[""O"", ""O"", ""O"", ""O"", ""O"", ""O"", ""O"", ""B-MOUNTAIN"", ""I-MOUNTAIN"", ""O""]","[{""start"": 40, ""end"": 56, ""label"": ""MOUNTAIN"", ""text"": ""Mount Alverstone""}]",synthetic_positive_single
train-01811,The mapping agency printed the valley before the deadline.,"[""The"", ""mapping"", ""agency"", ""printed"", ""the"", ""valley"", ""before"", ""the"", ""deadline"", "".""]","[""O"", ""O"", ""O"", ""O"", ""O"", ""O"", ""O"", ""O"", ""O"", ""O""]",[],synthetic_negative
train-01812,Images of Petros were placed beside photographs of Mount Fairweather.,"[""Images"", ""of"", ""Petros"", ""were"", ""placed"", ""beside"", ""photographs"", ""of"", ""Mount"", ""Fairweather"", "".""]","[""O"", ""O"", ""B-MOUNTAIN"", ""O"", ""O"", ""O"", ""O"", ""O"", ""B-MOUNTAIN"", ""I-MOUNTAIN"", ""O""]","[{""start"": 10, ""end"": 16, ""label"": ""MOUNTAIN"", ""text"": ""Petros""}, {""start"": 51, ""end"": 68, ""label"": ""MOUNTAIN"", ""text"": ""Mount Fairweather""}]",synthetic_positive_multi
train-01813,Our map marks Mount Blackburn with a red triangle.,"[""Our"", ""map"", ""marks"", ""Mount"", ""Blackburn"", ""with"", ""a"", ""red"", ""triangle"", "".""]","[""O"", ""O"", ""O"", ""B-MOUNTAIN"", ""I-MOUNTAIN"", ""O"", ""O"", ""O"", ""O"", ""O""]","[{""start"": 14, ""end"": 29, ""label"": ""MOUNTAIN"", ""text"": ""Mount Blackburn""}]",synthetic_positive_single
train-01814,The mapping agency printed the camera during the conference.,"[""The"", ""mapping"", ""agency"", ""printed"", ""the"", ""camera"", ""during"", ""the"", ""conference"", "".""]","[""O"", ""O"", ""O"", ""O"", ""O"", ""O"", ""O"", ""O"", ""O"", ""O""]",[],synthetic_negative
train-01815,The tourist group shared the expedition permit after the presentation.,"[""The"", ""tourist"", ""group"", ""shared"", ""the"", ""expedition"", ""permit"", ""after"", ""the"", ""presentation"", "".""]","[""O"", ""O"", ""O"", ""O"", ""O"", ""O"", ""O"", ""O"", ""O"", ""O"", ""O""]",[],synthetic_negative
train-01816,The museum curator checked the sensor reading before the deadline.,"[""The"", ""museum"", ""curator"", ""checked"", ""the"", ""sensor"", ""reading"", ""before"", ""the"", ""deadline"", "".""]","[""O"", ""O"", ""O"", ""O"", ""O"", ""O"", ""O"", ""O"", ""O"", ""O"", ""O""]",[],synthetic_negative
train-01817,The climbers postponed their attempt on Gasherbrum I.,"[""The"", ""climbers"", ""postponed"", ""their"", ""attempt"", ""on"", ""Gasherbrum"", ""I"", "".""]","[""O"", ""O"", ""O"", ""O"", ""O"", ""O"", ""B-MOUNTAIN"", ""I-MOUNTAIN"", ""O""]","[{""start"": 40, ""end"": 52, ""label"": ""MOUNTAIN"", ""text"": ""Gasherbrum I""}]",synthetic_positive_single
train-01818,Our map marks Mount Hunter with a red triangle.,"[""Our"", ""map"", ""marks"", ""Mount"", ""Hunter"", ""with"", ""a"", ""red"", ""triangle"", "".""]","[""O"", ""O"", ""O"", ""B-MOUNTAIN"", ""I-MOUNTAIN"", ""O"", ""O"", ""O"", ""O"", ""O""]","[{""start"": 14, ""end"": 26, ""label"": ""MOUNTAIN"", ""text"": ""Mount Hunter""}]",synthetic_positive_single
train-01819,The weather changed quickly as they approached Machapuchare.,"[""The"", ""weather"", ""changed"", ""quickly"", ""as"", ""they"", ""approached"", ""Machapuchare"", "".""]","[""O"", ""O"", ""O"", ""O"", ""O"", ""O"", ""O"", ""B-MOUNTAIN"", ""O""]","[{""start"": 47, ""end"": 59, ""label"": ""MOUNTAIN"", ""text"": ""Machapuchare""}]",synthetic_positive_single
train-01820,The team discussed whether to attempt Puncak Jaya or Mount Baker.,"[""The"", ""team"", ""discussed"", ""whether"", ""to"", ""attempt"", ""Puncak"", ""Jaya"", ""or"", ""Mount"", ""Baker"", "".""]","[""O"", ""O"", ""O"", ""O"", ""O"", ""O"", ""B-MOUNTAIN"", ""I-MOUNTAIN"", ""O"", ""B-MOUNTAIN"", ""I-MOUNTAIN"", ""O""]","[{""start"": 38, ""end"": 49, ""label"": ""MOUNTAIN"", ""text"": ""Puncak Jaya""}, {""start"": 53, ""end"": 64, ""label"": ""MOUNTAIN"", ""text"": ""Mount Baker""}]",synthetic_positive_multi
train-01821,A documentary crew filmed near Cho Oyu.,"[""A"", ""documentary"", ""crew"", ""filmed"", ""near"", ""Cho"", ""Oyu"", "".""]","[""O"", ""O"", ""O"", ""O"", ""O"", ""B-MOUNTAIN"", ""I-MOUNTAIN"", ""O""]","[{""start"": 31, ""end"": 38, ""label"": ""MOUNTAIN"", ""text"": ""Cho Oyu""}]",synthetic_positive_single
train-01822,"Despite the forecast, the climbers continued toward Haleakala.","[""Despite"", ""the"", ""forecast"", "","", ""the"", ""climbers"", ""continued"", ""toward"", ""Haleakala"", "".""]","[""O"", ""O"", ""O"", ""O"", ""O"", ""O"", ""O"", ""O"", ""B-MOUNTAIN"", ""O""]","[{""start"": 52, ""end"": 61, ""label"": ""MOUNTAIN"", ""text"": ""Haleakala""}]",synthetic_positive_single
train-01823,The rescue unit archived the summit plan during the meeting.,"[""The"", ""rescue"", ""unit"", ""archived"", ""the"", ""summit"", ""plan"", ""during"", ""the"", ""meeting"", "".""]","[""O"", ""O"", ""O"", ""O"", ""O"", ""O"", ""O"", ""O"", ""O"", ""O"", ""O""]",[],synthetic_negative
train-01824,"During the spring survey, scientists visited Eiger.","[""During"", ""the"", ""spring"", ""survey"", "","", ""scientists"", ""visited"", ""Eiger"", "".""]","[""O"", ""O"", ""O"", ""O"", ""O"", ""O"", ""O"", ""B-MOUNTAIN"", ""O""]","[{""start"": 45, ""end"": 50, ""label"": ""MOUNTAIN"", ""text"": ""Eiger""}]",synthetic_positive_single
train-01825,Tourists gathered at a viewpoint facing Mount Foraker.,"[""Tourists"", ""gathered"", ""at"", ""a"", ""viewpoint"", ""facing"", ""Mount"", ""Foraker"", "".""]","[""O"", ""O"", ""O"", ""O"", ""O"", ""O"", ""B-MOUNTAIN"", ""I-MOUNTAIN"", ""O""]","[{""start"": 40, ""end"": 53, ""label"": ""MOUNTAIN"", ""text"": ""Mount Foraker""}]",synthetic_positive_single
train-01826,Several routes lead toward the summit of Mount Lendenfeld.,"[""Several"", ""routes"", ""lead"", ""toward"", ""the"", ""summit"", ""of"", ""Mount"", ""Lendenfeld"", "".""]","[""O"", ""O"", ""O"", ""O"", ""O"", ""O"", ""O"", ""B-MOUNTAIN"", ""I-MOUNTAIN"", ""O""]","[{""start"": 41, ""end"": 57, ""label"": ""MOUNTAIN"", ""text"": ""Mount Lendenfeld""}]",synthetic_positive_single
train-01827,Have you ever seen Huayna Potosi in winter?,"[""Have"", ""you"", ""ever"", ""seen"", ""Huayna"", ""Potosi"", ""in"", ""winter"", ""?""]","[""O"", ""O"", ""O"", ""O"", ""B-MOUNTAIN"", ""I-MOUNTAIN"", ""O"", ""O"", ""O""]","[{""start"": 19, ""end"": 32, ""label"": ""MOUNTAIN"", ""text"": ""Huayna Potosi""}]",synthetic_positive_single
train-01828,Photos of Denali were displayed in the museum.,"[""Photos"", ""of"", ""Denali"", ""were"", ""displayed"", ""in"", ""the"", ""museum"", "".""]","[""O"", ""O"", ""B-MOUNTAIN"", ""O"", ""O"", ""O"", ""O"", ""O"", ""O""]","[{""start"": 10, ""end"": 16, ""label"": ""MOUNTAIN"", ""text"": ""Denali""}]",synthetic_positive_single
train-01829,The team discussed whether to attempt Chimborazo or Broad Peak.,"[""The"", ""team"", ""discussed"", ""whether"", ""to"", ""attempt"", ""Chimborazo"", ""or"", ""Broad"", ""Peak"", "".""]","[""O"", ""O"", ""O"", ""O"", ""O"", ""O"", ""B-MOUNTAIN"", ""O"", ""B-MOUNTAIN"", ""I-MOUNTAIN"", ""O""]","[{""start"": 38, ""end"": 48, ""label"": ""MOUNTAIN"", ""text"": ""Chimborazo""}, {""start"": 52, ""end"": 62, ""label"": ""MOUNTAIN"", ""text"": ""Broad Peak""}]",synthetic_positive_multi
train-01830,The northern face of Mount Wilhelm looked almost vertical.,"[""The"", ""northern"", ""face"", ""of"", ""Mount"", ""Wilhelm"", ""looked"", ""almost"", ""vertical"", "".""]","[""O"", ""O"", ""O"", ""O"", ""B-MOUNTAIN"", ""I-MOUNTAIN"", ""O"", ""O"", ""O"", ""O""]","[{""start"": 21, ""end"": 34, ""label"": ""MOUNTAIN"", ""text"": ""Mount Wilhelm""}]",synthetic_positive_single
train-01831,Wind speeds increased rapidly around Jungfrau.,"[""Wind"", ""speeds"", ""increased"", ""rapidly"", ""around"", ""Jungfrau"", "".""]","[""O"", ""O"", ""O"", ""O"", ""O"", ""B-MOUNTAIN"", ""O""]","[{""start"": 37, ""end"": 45, ""label"": ""MOUNTAIN"", ""text"": ""Jungfrau""}]",synthetic_positive_single
train-01832,The rescue team returned safely from Jungfrau.,"[""The"", ""rescue"", ""team"", ""returned"", ""safely"", ""from"", ""Jungfrau"", "".""]","[""O"", ""O"", ""O"", ""O"", ""O"", ""O"", ""B-MOUNTAIN"", ""O""]","[{""start"": 37, ""end"": 45, ""label"": ""MOUNTAIN"", ""text"": ""Jungfrau""}]",synthetic_positive_single
train-01833,Researchers installed weather sensors on Mount Hubbard.,"[""Researchers"", ""installed"", ""weather"", ""sensors"", ""on"", ""Mount"", ""Hubbard"", "".""]","[""O"", ""O"", ""O"", ""O"", ""O"", ""B-MOUNTAIN"", ""I-MOUNTAIN"", ""O""]","[{""start"": 41, ""end"": 54, ""label"": ""MOUNTAIN"", ""text"": ""Mount Hubbard""}]",synthetic_positive_single
train-01834,"In the final chapter, the author describes an ascent of Grand Teton.","[""In"", ""the"", ""final"", ""chapter"", "","", ""the"", ""author"", ""describes"", ""an"", ""ascent"", ""of"", ""Grand"", ""Teton"", "".""]","[""O"", ""O"", ""O"", ""O"", ""O"", ""O"", ""O"", ""O"", ""O"", ""O"", ""O"", ""B-MOUNTAIN"", ""I-MOUNTAIN"", ""O""]","[{""start"": 56, ""end"": 67, ""label"": ""MOUNTAIN"", ""text"": ""Grand Teton""}]",synthetic_positive_single
train-01835,"She has photographed Mount Aso, Mount Murchison, and several nearby peaks.","[""She"", ""has"", ""photographed"", ""Mount"", ""Aso"", "","", ""Mount"", ""Murchison"", "","", ""and"", ""several"", ""nearby"", ""peaks"", "".""]","[""O"", ""O"", ""O"", ""B-MOUNTAIN"", ""I-MOUNTAIN"", ""O"", ""B-MOUNTAIN"", ""I-MOUNTAIN"", ""O"", ""O"", ""O"", ""O"", ""O"", ""O""]","[{""start"": 21, ""end"": 30, ""label"": ""MOUNTAIN"", ""text"": ""Mount Aso""}, {""start"": 32, ""end"": 47, ""label"": ""MOUNTAIN"", ""text"": ""Mount Murchison""}]",synthetic_positive_multi
train-01836,"From the eastern ridge, we watched the sun rise behind Fitz Roy.","[""From"", ""the"", ""eastern"", ""ridge"", "","", ""we"", ""watched"", ""the"", ""sun"", ""rise"", ""behind"", ""Fitz"", ""Roy"", "".""]","[""O"", ""O"", ""O"", ""O"", ""O"", ""O"", ""O"", ""O"", ""O"", ""O"", ""O"", ""B-MOUNTAIN"", ""I-MOUNTAIN"", ""O""]","[{""start"": 55, ""end"": 63, ""label"": ""MOUNTAIN"", ""text"": ""Fitz Roy""}]",synthetic_positive_single
train-01837,Local guides described conditions on Ben Nevis as difficult.,"[""Local"", ""guides"", ""described"", ""conditions"", ""on"", ""Ben"", ""Nevis"", ""as"", ""difficult"", "".""]","[""O"", ""O"", ""O"", ""O"", ""O"", ""B-MOUNTAIN"", ""I-MOUNTAIN"", ""O"", ""O"", ""O""]","[{""start"": 37, ""end"": 46, ""label"": ""MOUNTAIN"", ""text"": ""Ben Nevis""}]",synthetic_positive_single
train-01838,The expedition leader archived the glacier report during the conference.,"[""The"", ""expedition"", ""leader"", ""archived"", ""the"", ""glacier"", ""report"", ""during"", ""the"", ""conference"", "".""]","[""O"", ""O"", ""O"", ""O"", ""O"", ""O"", ""O"", ""O"", ""O"", ""O"", ""O""]",[],synthetic_negative
train-01839,An avalanche warning was issued for the area around Mount Foraker.,"[""An"", ""avalanche"", ""warning"", ""was"", ""issued"", ""for"", ""the"", ""area"", ""around"", ""Mount"", ""Foraker"", "".""]","[""O"", ""O"", ""O"", ""O"", ""O"", ""O"", ""O"", ""O"", ""O"", ""B-MOUNTAIN"", ""I-MOUNTAIN"", ""O""]","[{""start"": 52, ""end"": 65, ""label"": ""MOUNTAIN"", ""text"": ""Mount Foraker""}]",synthetic_positive_single
train-01840,Wind speeds increased rapidly around Mount Dampier.,"[""Wind"", ""speeds"", ""increased"", ""rapidly"", ""around"", ""Mount"", ""Dampier"", "".""]","[""O"", ""O"", ""O"", ""O"", ""O"", ""B-MOUNTAIN"", ""I-MOUNTAIN"", ""O""]","[{""start"": 37, ""end"": 50, ""label"": ""MOUNTAIN"", ""text"": ""Mount Dampier""}]",synthetic_positive_single
train-01841,The rescue unit checked the expedition permit in the final report.,"[""The"", ""rescue"", ""unit"", ""checked"", ""the"", ""expedition"", ""permit"", ""in"", ""the"", ""final"", ""report"", "".""]","[""O"", ""O"", ""O"", ""O"", ""O"", ""O"", ""O"", ""O"", ""O"", ""O"", ""O"", ""O""]",[],synthetic_negative
train-01842,"According to the itinerary, Mount Baker is the main destination.","[""According"", ""to"", ""the"", ""itinerary"", "","", ""Mount"", ""Baker"", ""is"", ""the"", ""main"", ""destination"", "".""]","[""O"", ""O"", ""O"", ""O"", ""O"", ""B-MOUNTAIN"", ""I-MOUNTAIN"", ""O"", ""O"", ""O"", ""O"", ""O""]","[{""start"": 28, ""end"": 39, ""label"": ""MOUNTAIN"", ""text"": ""Mount Baker""}]",synthetic_positive_single
train-01843,The climbing club shared the validation result at the airport.,"[""The"", ""climbing"", ""club"", ""shared"", ""the"", ""validation"", ""result"", ""at"", ""the"", ""airport"", "".""]","[""O"", ""O"", ""O"", ""O"", ""O"", ""O"", ""O"", ""O"", ""O"", ""O"", ""O""]",[],synthetic_negative
train-01844,The northern face of Eiger looked almost vertical.,"[""The"", ""northern"", ""face"", ""of"", ""Eiger"", ""looked"", ""almost"", ""vertical"", "".""]","[""O"", ""O"", ""O"", ""O"", ""B-MOUNTAIN"", ""O"", ""O"", ""O"", ""O""]","[{""start"": 21, ""end"": 26, ""label"": ""MOUNTAIN"", ""text"": ""Eiger""}]",synthetic_positive_single
train-01845,They began their ascent of Mount Haku at dawn.,"[""They"", ""began"", ""their"", ""ascent"", ""of"", ""Mount"", ""Haku"", ""at"", ""dawn"", "".""]","[""O"", ""O"", ""O"", ""O"", ""O"", ""B-MOUNTAIN"", ""I-MOUNTAIN"", ""O"", ""O"", ""O""]","[{""start"": 27, ""end"": 37, ""label"": ""MOUNTAIN"", ""text"": ""Mount Haku""}]",synthetic_positive_single
train-01846,Researchers installed weather sensors on Mount Cook.,"[""Researchers"", ""installed"", ""weather"", ""sensors"", ""on"", ""Mount"", ""Cook"", "".""]","[""O"", ""O"", ""O"", ""O"", ""O"", ""B-MOUNTAIN"", ""I-MOUNTAIN"", ""O""]","[{""start"": 41, ""end"": 51, ""label"": ""MOUNTAIN"", ""text"": ""Mount Cook""}]",synthetic_positive_single
train-01847,"In the final chapter, the author describes an ascent of Mount Vancouver.","[""In"", ""the"", ""final"", ""chapter"", "","", ""the"", ""author"", ""describes"", ""an"", ""ascent"", ""of"", ""Mount"", ""Vancouver"", "".""]","[""O"", ""O"", ""O"", ""O"", ""O"", ""O"", ""O"", ""O"", ""O"", ""O"", ""O"", ""B-MOUNTAIN"", ""I-MOUNTAIN"", ""O""]","[{""start"": 56, ""end"": 71, ""label"": ""MOUNTAIN"", ""text"": ""Mount Vancouver""}]",synthetic_positive_single
train-01848,They began their ascent of Monte Rosa at dawn.,"[""They"", ""began"", ""their"", ""ascent"", ""of"", ""Monte"", ""Rosa"", ""at"", ""dawn"", "".""]","[""O"", ""O"", ""O"", ""O"", ""O"", ""B-MOUNTAIN"", ""I-MOUNTAIN"", ""O"", ""O"", ""O""]","[{""start"": 27, ""end"": 37, ""label"": ""MOUNTAIN"", ""text"": ""Monte Rosa""}]",synthetic_positive_single
train-01849,The team measured snow depth on Mount Stanley.,"[""The"", ""team"", ""measured"", ""snow"", ""depth"", ""on"", ""Mount"", ""Stanley"", "".""]","[""O"", ""O"", ""O"", ""O"", ""O"", ""O"", ""B-MOUNTAIN"", ""I-MOUNTAIN"", ""O""]","[{""start"": 32, ""end"": 45, ""label"": ""MOUNTAIN"", ""text"": ""Mount Stanley""}]",synthetic_positive_single
train-01850,The northern face of Mount Foraker looked almost vertical.,"[""The"", ""northern"", ""face"", ""of"", ""Mount"", ""Foraker"", ""looked"", ""almost"", ""vertical"", "".""]","[""O"", ""O"", ""O"", ""O"", ""B-MOUNTAIN"", ""I-MOUNTAIN"", ""O"", ""O"", ""O"", ""O""]","[{""start"": 21, ""end"": 34, ""label"": ""MOUNTAIN"", ""text"": ""Mount Foraker""}]",synthetic_positive_single
train-01851,A helicopter circled above Ras Dashen during the rescue.,"[""A"", ""helicopter"", ""circled"", ""above"", ""Ras"", ""Dashen"", ""during"", ""the"", ""rescue"", "".""]","[""O"", ""O"", ""O"", ""O"", ""B-MOUNTAIN"", ""I-MOUNTAIN"", ""O"", ""O"", ""O"", ""O""]","[{""start"": 27, ""end"": 37, ""label"": ""MOUNTAIN"", ""text"": ""Ras Dashen""}]",synthetic_positive_single
train-01852,The film crew printed the hotel booking before the deadline.,"[""The"", ""film"", ""crew"", ""printed"", ""the"", ""hotel"", ""booking"", ""before"", ""the"", ""deadline"", "".""]","[""O"", ""O"", ""O"", ""O"", ""O"", ""O"", ""O"", ""O"", ""O"", ""O"", ""O""]",[],synthetic_negative
train-01853,The climbing club reviewed the research report in the final report.,"[""The"", ""climbing"", ""club"", ""reviewed"", ""the"", ""research"", ""report"", ""in"", ""the"", ""final"", ""report"", "".""]","[""O"", ""O"", ""O"", ""O"", ""O"", ""O"", ""O"", ""O"", ""O"", ""O"", ""O"", ""O""]",[],synthetic_negative
train-01854,"For safety reasons, access to Ama Dablam was temporarily restricted.","[""For"", ""safety"", ""reasons"", "","", ""access"", ""to"", ""Ama"", ""Dablam"", ""was"", ""temporarily"", ""restricted"", "".""]","[""O"", ""O"", ""O"", ""O"", ""O"", ""O"", ""B-MOUNTAIN"", ""I-MOUNTAIN"", ""O"", ""O"", ""O"", ""O""]","[{""start"": 30, ""end"": 40, ""label"": ""MOUNTAIN"", ""text"": ""Ama Dablam""}]",synthetic_positive_single
train-01855,We could clearly see Mount Murchison from the valley.,"[""We"", ""could"", ""clearly"", ""see"", ""Mount"", ""Murchison"", ""from"", ""the"", ""valley"", "".""]","[""O"", ""O"", ""O"", ""O"", ""B-MOUNTAIN"", ""I-MOUNTAIN"", ""O"", ""O"", ""O"", ""O""]","[{""start"": 21, ""end"": 36, ""label"": ""MOUNTAIN"", ""text"": ""Mount Murchison""}]",synthetic_positive_single
train-01856,"In the final chapter, the author describes an ascent of Annapurna.","[""In"", ""the"", ""final"", ""chapter"", "","", ""the"", ""author"", ""describes"", ""an"", ""ascent"", ""of"", ""Annapurna"", "".""]","[""O"", ""O"", ""O"", ""O"", ""O"", ""O"", ""O"", ""O"", ""O"", ""O"", ""O"", ""B-MOUNTAIN"", ""O""]","[{""start"": 56, ""end"": 65, ""label"": ""MOUNTAIN"", ""text"": ""Annapurna""}]",synthetic_positive_single
train-01857,The tourist group compared the algorithm at the airport.,"[""The"", ""tourist"", ""group"", ""compared"", ""the"", ""algorithm"", ""at"", ""the"", ""airport"", "".""]","[""O"", ""O"", ""O"", ""O"", ""O"", ""O"", ""O"", ""O"", ""O"", ""O""]",[],synthetic_negative
train-01858,The weather service archived the sales peak before the deadline.,"[""The"", ""weather"", ""service"", ""archived"", ""the"", ""sales"", ""peak"", ""before"", ""the"", ""deadline"", "".""]","[""O"", ""O"", ""O"", ""O"", ""O"", ""O"", ""O"", ""O"", ""O"", ""O"", ""O""]",[],synthetic_negative
train-01859,The university department discussed the sensor reading before lunch.,"[""The"", ""university"", ""department"", ""discussed"", ""the"", ""sensor"", ""reading"", ""before"", ""lunch"", "".""]","[""O"", ""O"", ""O"", ""O"", ""O"", ""O"", ""O"", ""O"", ""O"", ""O""]",[],synthetic_negative
train-01860,"According to the itinerary, Mount Adams is the main destination.","[""According"", ""to"", ""the"", ""itinerary"", "","", ""Mount"", ""Adams"", ""is"", ""the"", ""main"", ""destination"", "".""]","[""O"", ""O"", ""O"", ""O"", ""O"", ""B-MOUNTAIN"", ""I-MOUNTAIN"", ""O"", ""O"", ""O"", ""O"", ""O""]","[{""start"": 28, ""end"": 39, ""label"": ""MOUNTAIN"", ""text"": ""Mount Adams""}]",synthetic_positive_single
train-01861,The weather changed quickly as they approached Chimborazo.,"[""The"", ""weather"", ""changed"", ""quickly"", ""as"", ""they"", ""approached"", ""Chimborazo"", "".""]","[""O"", ""O"", ""O"", ""O"", ""O"", ""O"", ""O"", ""B-MOUNTAIN"", ""O""]","[{""start"": 47, ""end"": 57, ""label"": ""MOUNTAIN"", ""text"": ""Chimborazo""}]",synthetic_positive_single
train-01862,The expedition reached the summit of Mount Nyiragongo before noon.,"[""The"", ""expedition"", ""reached"", ""the"", ""summit"", ""of"", ""Mount"", ""Nyiragongo"", ""before"", ""noon"", "".""]","[""O"", ""O"", ""O"", ""O"", ""O"", ""O"", ""B-MOUNTAIN"", ""I-MOUNTAIN"", ""O"", ""O"", ""O""]","[{""start"": 37, ""end"": 53, ""label"": ""MOUNTAIN"", ""text"": ""Mount Nyiragongo""}]",synthetic_positive_single
train-01863,Researchers installed weather sensors on Mount Churchill.,"[""Researchers"", ""installed"", ""weather"", ""sensors"", ""on"", ""Mount"", ""Churchill"", "".""]","[""O"", ""O"", ""O"", ""O"", ""O"", ""B-MOUNTAIN"", ""I-MOUNTAIN"", ""O""]","[{""start"": 41, ""end"": 56, ""label"": ""MOUNTAIN"", ""text"": ""Mount Churchill""}]",synthetic_positive_single
train-01864,"By late afternoon, shadows had covered the slopes of Mount Cameroon.","[""By"", ""late"", ""afternoon"", "","", ""shadows"", ""had"", ""covered"", ""the"", ""slopes"", ""of"", ""Mount"", ""Cameroon"", "".""]","[""O"", ""O"", ""O"", ""O"", ""O"", ""O"", ""O"", ""O"", ""O"", ""O"", ""B-MOUNTAIN"", ""I-MOUNTAIN"", ""O""]","[{""start"": 53, ""end"": 67, ""label"": ""MOUNTAIN"", ""text"": ""Mount Cameroon""}]",synthetic_positive_single
train-01865,"By late afternoon, shadows had covered the slopes of Mount Assiniboine.","[""By"", ""late"", ""afternoon"", "","", ""shadows"", ""had"", ""covered"", ""the"", ""slopes"", ""of"", ""Mount"", ""Assiniboine"", "".""]","[""O"", ""O"", ""O"", ""O"", ""O"", ""O"", ""O"", ""O"", ""O"", ""O"", ""B-MOUNTAIN"", ""I-MOUNTAIN"", ""O""]","[{""start"": 53, ""end"": 70, ""label"": ""MOUNTAIN"", ""text"": ""Mount Assiniboine""}]",synthetic_positive_single
train-01866,The glacier on Mount Shasta has retreated in recent decades.,"[""The"", ""glacier"", ""on"", ""Mount"", ""Shasta"", ""has"", ""retreated"", ""in"", ""recent"", ""decades"", "".""]","[""O"", ""O"", ""O"", ""B-MOUNTAIN"", ""I-MOUNTAIN"", ""O"", ""O"", ""O"", ""O"", ""O"", ""O""]","[{""start"": 15, ""end"": 27, ""label"": ""MOUNTAIN"", ""text"": ""Mount Shasta""}]",synthetic_positive_single
train-01867,Wind speeds increased rapidly around Vinson Massif.,"[""Wind"", ""speeds"", ""increased"", ""rapidly"", ""around"", ""Vinson"", ""Massif"", "".""]","[""O"", ""O"", ""O"", ""O"", ""O"", ""B-MOUNTAIN"", ""I-MOUNTAIN"", ""O""]","[{""start"": 37, ""end"": 50, ""label"": ""MOUNTAIN"", ""text"": ""Vinson Massif""}]",synthetic_positive_single
train-01868,The rescue unit rejected the training notebook before the deadline.,"[""The"", ""rescue"", ""unit"", ""rejected"", ""the"", ""training"", ""notebook"", ""before"", ""the"", ""deadline"", "".""]","[""O"", ""O"", ""O"", ""O"", ""O"", ""O"", ""O"", ""O"", ""O"", ""O"", ""O""]",[],synthetic_negative
train-01869,Have you ever seen Mount Kilimanjaro in winter?,"[""Have"", ""you"", ""ever"", ""seen"", ""Mount"", ""Kilimanjaro"", ""in"", ""winter"", ""?""]","[""O"", ""O"", ""O"", ""O"", ""B-MOUNTAIN"", ""I-MOUNTAIN"", ""O"", ""O"", ""O""]","[{""start"": 19, ""end"": 36, ""label"": ""MOUNTAIN"", ""text"": ""Mount Kilimanjaro""}]",synthetic_positive_single
train-01870,The university department archived the summit plan before lunch.,"[""The"", ""university"", ""department"", ""archived"", ""the"", ""summit"", ""plan"", ""before"", ""lunch"", "".""]","[""O"", ""O"", ""O"", ""O"", ""O"", ""O"", ""O"", ""O"", ""O"", ""O""]",[],synthetic_negative
train-01871,"Despite the forecast, the climbers continued toward Mount Sidley.","[""Despite"", ""the"", ""forecast"", "","", ""the"", ""climbers"", ""continued"", ""toward"", ""Mount"", ""Sidley"", "".""]","[""O"", ""O"", ""O"", ""O"", ""O"", ""O"", ""O"", ""O"", ""B-MOUNTAIN"", ""I-MOUNTAIN"", ""O""]","[{""start"": 52, ""end"": 64, ""label"": ""MOUNTAIN"", ""text"": ""Mount Sidley""}]",synthetic_positive_single
train-01872,The travel company discussed the sensor reading before lunch.,"[""The"", ""travel"", ""company"", ""discussed"", ""the"", ""sensor"", ""reading"", ""before"", ""lunch"", "".""]","[""O"", ""O"", ""O"", ""O"", ""O"", ""O"", ""O"", ""O"", ""O"", ""O""]",[],synthetic_negative
train-01873,The local council shared the hotel booking in the laboratory.,"[""The"", ""local"", ""council"", ""shared"", ""the"", ""hotel"", ""booking"", ""in"", ""the"", ""laboratory"", "".""]","[""O"", ""O"", ""O"", ""O"", ""O"", ""O"", ""O"", ""O"", ""O"", ""O"", ""O""]",[],synthetic_negative
train-01874,She hopes to climb Chimborazo next year.,"[""She"", ""hopes"", ""to"", ""climb"", ""Chimborazo"", ""next"", ""year"", "".""]","[""O"", ""O"", ""O"", ""O"", ""B-MOUNTAIN"", ""O"", ""O"", ""O""]","[{""start"": 19, ""end"": 29, ""label"": ""MOUNTAIN"", ""text"": ""Chimborazo""}]",synthetic_positive_single
train-01875,The research team updated the dataset in the final report.,"[""The"", ""research"", ""team"", ""updated"", ""the"", ""dataset"", ""in"", ""the"", ""final"", ""report"", "".""]","[""O"", ""O"", ""O"", ""O"", ""O"", ""O"", ""O"", ""O"", ""O"", ""O"", ""O""]",[],synthetic_negative
train-01876,Our map marks Mount Semeru with a red triangle.,"[""Our"", ""map"", ""marks"", ""Mount"", ""Semeru"", ""with"", ""a"", ""red"", ""triangle"", "".""]","[""O"", ""O"", ""O"", ""B-MOUNTAIN"", ""I-MOUNTAIN"", ""O"", ""O"", ""O"", ""O"", ""O""]","[{""start"": 14, ""end"": 26, ""label"": ""MOUNTAIN"", ""text"": ""Mount Semeru""}]",synthetic_positive_single
train-01877,The tourist group updated the glacier report before the deadline.,"[""The"", ""tourist"", ""group"", ""updated"", ""the"", ""glacier"", ""report"", ""before"", ""the"", ""deadline"", "".""]","[""O"", ""O"", ""O"", ""O"", ""O"", ""O"", ""O"", ""O"", ""O"", ""O"", ""O""]",[],synthetic_negative
train-01878,"Unlike Mount Tate, Cho Oyu was hidden by clouds.","[""Unlike"", ""Mount"", ""Tate"", "","", ""Cho"", ""Oyu"", ""was"", ""hidden"", ""by"", ""clouds"", "".""]","[""O"", ""B-MOUNTAIN"", ""I-MOUNTAIN"", ""O"", ""B-MOUNTAIN"", ""I-MOUNTAIN"", ""O"", ""O"", ""O"", ""O"", ""O""]","[{""start"": 7, ""end"": 17, ""label"": ""MOUNTAIN"", ""text"": ""Mount Tate""}, {""start"": 19, ""end"": 26, ""label"": ""MOUNTAIN"", ""text"": ""Cho Oyu""}]",synthetic_positive_multi
train-01879,"Yesterday, Mount Sabalan was barely visible through the mist.","[""Yesterday"", "","", ""Mount"", ""Sabalan"", ""was"", ""barely"", ""visible"", ""through"", ""the"", ""mist"", "".""]","[""O"", ""O"", ""B-MOUNTAIN"", ""I-MOUNTAIN"", ""O"", ""O"", ""O"", ""O"", ""O"", ""O"", ""O""]","[{""start"": 11, ""end"": 24, ""label"": ""MOUNTAIN"", ""text"": ""Mount Sabalan""}]",synthetic_positive_single
train-01880,The museum curator compared the algorithm during the meeting.,"[""The"", ""museum"", ""curator"", ""compared"", ""the"", ""algorithm"", ""during"", ""the"", ""meeting"", "".""]","[""O"", ""O"", ""O"", ""O"", ""O"", ""O"", ""O"", ""O"", ""O"", ""O""]",[],synthetic_negative
train-01881,"During the spring survey, scientists visited Mount Hood.","[""During"", ""the"", ""spring"", ""survey"", "","", ""scientists"", ""visited"", ""Mount"", ""Hood"", "".""]","[""O"", ""O"", ""O"", ""O"", ""O"", ""O"", ""O"", ""B-MOUNTAIN"", ""I-MOUNTAIN"", ""O""]","[{""start"": 45, ""end"": 55, ""label"": ""MOUNTAIN"", ""text"": ""Mount Hood""}]",synthetic_positive_single
train-01882,They began their ascent of Mount Cameroon at dawn.,"[""They"", ""began"", ""their"", ""ascent"", ""of"", ""Mount"", ""Cameroon"", ""at"", ""dawn"", "".""]","[""O"", ""O"", ""O"", ""O"", ""O"", ""B-MOUNTAIN"", ""I-MOUNTAIN"", ""O"", ""O"", ""O""]","[{""start"": 27, ""end"": 41, ""label"": ""MOUNTAIN"", ""text"": ""Mount Cameroon""}]",synthetic_positive_single
train-01883,Researchers installed weather sensors on Grand Teton.,"[""Researchers"", ""installed"", ""weather"", ""sensors"", ""on"", ""Grand"", ""Teton"", "".""]","[""O"", ""O"", ""O"", ""O"", ""O"", ""B-MOUNTAIN"", ""I-MOUNTAIN"", ""O""]","[{""start"": 41, ""end"": 52, ""label"": ""MOUNTAIN"", ""text"": ""Grand Teton""}]",synthetic_positive_single
train-01884,The team measured snow depth on Mount Kinabalu.,"[""The"", ""team"", ""measured"", ""snow"", ""depth"", ""on"", ""Mount"", ""Kinabalu"", "".""]","[""O"", ""O"", ""O"", ""O"", ""O"", ""O"", ""B-MOUNTAIN"", ""I-MOUNTAIN"", ""O""]","[{""start"": 32, ""end"": 46, ""label"": ""MOUNTAIN"", ""text"": ""Mount Kinabalu""}]",synthetic_positive_single
train-01885,The university department archived the glacier report on Monday.,"[""The"", ""university"", ""department"", ""archived"", ""the"", ""glacier"", ""report"", ""on"", ""Monday"", "".""]","[""O"", ""O"", ""O"", ""O"", ""O"", ""O"", ""O"", ""O"", ""O"", ""O""]",[],synthetic_negative
train-01886,The rescue unit approved the budget on Monday.,"[""The"", ""rescue"", ""unit"", ""approved"", ""the"", ""budget"", ""on"", ""Monday"", "".""]","[""O"", ""O"", ""O"", ""O"", ""O"", ""O"", ""O"", ""O"", ""O""]",[],synthetic_negative
train-01887,The expedition leader discussed the summit plan before the deadline.,"[""The"", ""expedition"", ""leader"", ""discussed"", ""the"", ""summit"", ""plan"", ""before"", ""the"", ""deadline"", "".""]","[""O"", ""O"", ""O"", ""O"", ""O"", ""O"", ""O"", ""O"", ""O"", ""O"", ""O""]",[],synthetic_negative
train-01888,Researchers installed weather sensors on Mount Kenya.,"[""Researchers"", ""installed"", ""weather"", ""sensors"", ""on"", ""Mount"", ""Kenya"", "".""]","[""O"", ""O"", ""O"", ""O"", ""O"", ""B-MOUNTAIN"", ""I-MOUNTAIN"", ""O""]","[{""start"": 41, ""end"": 52, ""label"": ""MOUNTAIN"", ""text"": ""Mount Kenya""}]",synthetic_positive_single
train-01889,"From the eastern ridge, we watched the sun rise behind Mount Assiniboine.","[""From"", ""the"", ""eastern"", ""ridge"", "","", ""we"", ""watched"", ""the"", ""sun"", ""rise"", ""behind"", ""Mount"", ""Assiniboine"", "".""]","[""O"", ""O"", ""O"", ""O"", ""O"", ""O"", ""O"", ""O"", ""O"", ""O"", ""O"", ""B-MOUNTAIN"", ""I-MOUNTAIN"", ""O""]","[{""start"": 55, ""end"": 72, ""label"": ""MOUNTAIN"", ""text"": ""Mount Assiniboine""}]",synthetic_positive_single
train-01890,"For safety reasons, access to Fansipan was temporarily restricted.","[""For"", ""safety"", ""reasons"", "","", ""access"", ""to"", ""Fansipan"", ""was"", ""temporarily"", ""restricted"", "".""]","[""O"", ""O"", ""O"", ""O"", ""O"", ""O"", ""B-MOUNTAIN"", ""O"", ""O"", ""O"", ""O""]","[{""start"": 30, ""end"": 38, ""label"": ""MOUNTAIN"", ""text"": ""Fansipan""}]",synthetic_positive_single
train-01891,Weather stations near Mount Jefferson and Mount Hubbard recorded strong winds.,"[""Weather"", ""stations"", ""near"", ""Mount"", ""Jefferson"", ""and"", ""Mount"", ""Hubbard"", ""recorded"", ""strong"", ""winds"", "".""]","[""O"", ""O"", ""O"", ""B-MOUNTAIN"", ""I-MOUNTAIN"", ""O"", ""B-MOUNTAIN"", ""I-MOUNTAIN"", ""O"", ""O"", ""O"", ""O""]","[{""start"": 22, ""end"": 37, ""label"": ""MOUNTAIN"", ""text"": ""Mount Jefferson""}, {""start"": 42, ""end"": 55, ""label"": ""MOUNTAIN"", ""text"": ""Mount Hubbard""}]",synthetic_positive_multi
train-01892,The expedition reached the summit of Ojos del Salado before noon.,"[""The"", ""expedition"", ""reached"", ""the"", ""summit"", ""of"", ""Ojos"", ""del"", ""Salado"", ""before"", ""noon"", "".""]","[""O"", ""O"", ""O"", ""O"", ""O"", ""O"", ""B-MOUNTAIN"", ""I-MOUNTAIN"", ""I-MOUNTAIN"", ""O"", ""O"", ""O""]","[{""start"": 37, ""end"": 52, ""label"": ""MOUNTAIN"", ""text"": ""Ojos del Salado""}]",synthetic_positive_single
train-01893,Local guides described conditions on Cotopaxi as difficult.,"[""Local"", ""guides"", ""described"", ""conditions"", ""on"", ""Cotopaxi"", ""as"", ""difficult"", "".""]","[""O"", ""O"", ""O"", ""O"", ""O"", ""B-MOUNTAIN"", ""O"", ""O"", ""O""]","[{""start"": 37, ""end"": 45, ""label"": ""MOUNTAIN"", ""text"": ""Cotopaxi""}]",synthetic_positive_single
train-01894,The expedition reached the summit of Ras Dashen before noon.,"[""The"", ""expedition"", ""reached"", ""the"", ""summit"", ""of"", ""Ras"", ""Dashen"", ""before"", ""noon"", "".""]","[""O"", ""O"", ""O"", ""O"", ""O"", ""O"", ""B-MOUNTAIN"", ""I-MOUNTAIN"", ""O"", ""O"", ""O""]","[{""start"": 37, ""end"": 47, ""label"": ""MOUNTAIN"", ""text"": ""Ras Dashen""}]",synthetic_positive_single
train-01895,The route to Mount Bear was closed after the storm.,"[""The"", ""route"", ""to"", ""Mount"", ""Bear"", ""was"", ""closed"", ""after"", ""the"", ""storm"", "".""]","[""O"", ""O"", ""O"", ""B-MOUNTAIN"", ""I-MOUNTAIN"", ""O"", ""O"", ""O"", ""O"", ""O"", ""O""]","[{""start"": 13, ""end"": 23, ""label"": ""MOUNTAIN"", ""text"": ""Mount Bear""}]",synthetic_positive_single
train-01896,The tourist group translated the research report during the conference.,"[""The"", ""tourist"", ""group"", ""translated"", ""the"", ""research"", ""report"", ""during"", ""the"", ""conference"", "".""]","[""O"", ""O"", ""O"", ""O"", ""O"", ""O"", ""O"", ""O"", ""O"", ""O"", ""O""]",[],synthetic_negative
train-01897,The climbing club translated the research report in the laboratory.,"[""The"", ""climbing"", ""club"", ""translated"", ""the"", ""research"", ""report"", ""in"", ""the"", ""laboratory"", "".""]","[""O"", ""O"", ""O"", ""O"", ""O"", ""O"", ""O"", ""O"", ""O"", ""O"", ""O""]",[],synthetic_negative
train-01898,They began their ascent of Mount Everest at dawn.,"[""They"", ""began"", ""their"", ""ascent"", ""of"", ""Mount"", ""Everest"", ""at"", ""dawn"", "".""]","[""O"", ""O"", ""O"", ""O"", ""O"", ""B-MOUNTAIN"", ""I-MOUNTAIN"", ""O"", ""O"", ""O""]","[{""start"": 27, ""end"": 40, ""label"": ""MOUNTAIN"", ""text"": ""Mount Everest""}]",synthetic_positive_single
train-01899,The photograph shows Jebel Toubkal at sunrise.,"[""The"", ""photograph"", ""shows"", ""Jebel"", ""Toubkal"", ""at"", ""sunrise"", "".""]","[""O"", ""O"", ""O"", ""B-MOUNTAIN"", ""I-MOUNTAIN"", ""O"", ""O"", ""O""]","[{""start"": 21, ""end"": 34, ""label"": ""MOUNTAIN"", ""text"": ""Jebel Toubkal""}]",synthetic_positive_single
train-01900,A documentary crew filmed near Huayna Potosi.,"[""A"", ""documentary"", ""crew"", ""filmed"", ""near"", ""Huayna"", ""Potosi"", "".""]","[""O"", ""O"", ""O"", ""O"", ""O"", ""B-MOUNTAIN"", ""I-MOUNTAIN"", ""O""]","[{""start"": 31, ""end"": 44, ""label"": ""MOUNTAIN"", ""text"": ""Huayna Potosi""}]",synthetic_positive_single
train-01901,The climbing club published the training notebook before the deadline.,"[""The"", ""climbing"", ""club"", ""published"", ""the"", ""training"", ""notebook"", ""before"", ""the"", ""deadline"", "".""]","[""O"", ""O"", ""O"", ""O"", ""O"", ""O"", ""O"", ""O"", ""O"", ""O"", ""O""]",[],synthetic_negative
train-01902,She hopes to climb Aconcagua next year.,"[""She"", ""hopes"", ""to"", ""climb"", ""Aconcagua"", ""next"", ""year"", "".""]","[""O"", ""O"", ""O"", ""O"", ""B-MOUNTAIN"", ""O"", ""O"", ""O""]","[{""start"": 19, ""end"": 28, ""label"": ""MOUNTAIN"", ""text"": ""Aconcagua""}]",synthetic_positive_single
train-01903,Our map marks Huascaran with a red triangle.,"[""Our"", ""map"", ""marks"", ""Huascaran"", ""with"", ""a"", ""red"", ""triangle"", "".""]","[""O"", ""O"", ""O"", ""B-MOUNTAIN"", ""O"", ""O"", ""O"", ""O"", ""O""]","[{""start"": 14, ""end"": 23, ""label"": ""MOUNTAIN"", ""text"": ""Huascaran""}]",synthetic_positive_single
train-01904,We could clearly see Jungfrau from the valley.,"[""We"", ""could"", ""clearly"", ""see"", ""Jungfrau"", ""from"", ""the"", ""valley"", "".""]","[""O"", ""O"", ""O"", ""O"", ""B-MOUNTAIN"", ""O"", ""O"", ""O"", ""O""]","[{""start"": 21, ""end"": 29, ""label"": ""MOUNTAIN"", ""text"": ""Jungfrau""}]",synthetic_positive_single
train-01905,Snow remained on the upper slopes of Mount Semeru.,"[""Snow"", ""remained"", ""on"", ""the"", ""upper"", ""slopes"", ""of"", ""Mount"", ""Semeru"", "".""]","[""O"", ""O"", ""O"", ""O"", ""O"", ""O"", ""O"", ""B-MOUNTAIN"", ""I-MOUNTAIN"", ""O""]","[{""start"": 37, ""end"": 49, ""label"": ""MOUNTAIN"", ""text"": ""Mount Semeru""}]",synthetic_positive_single
train-01906,The research team discussed the route at the airport.,"[""The"", ""research"", ""team"", ""discussed"", ""the"", ""route"", ""at"", ""the"", ""airport"", "".""]","[""O"", ""O"", ""O"", ""O"", ""O"", ""O"", ""O"", ""O"", ""O"", ""O""]",[],synthetic_negative
train-01907,A documentary crew filmed near Grand Teton.,"[""A"", ""documentary"", ""crew"", ""filmed"", ""near"", ""Grand"", ""Teton"", "".""]","[""O"", ""O"", ""O"", ""O"", ""O"", ""B-MOUNTAIN"", ""I-MOUNTAIN"", ""O""]","[{""start"": 31, ""end"": 42, ""label"": ""MOUNTAIN"", ""text"": ""Grand Teton""}]",synthetic_positive_single
train-01908,A small village lies below Mont Blanc.,"[""A"", ""small"", ""village"", ""lies"", ""below"", ""Mont"", ""Blanc"", "".""]","[""O"", ""O"", ""O"", ""O"", ""O"", ""B-MOUNTAIN"", ""I-MOUNTAIN"", ""O""]","[{""start"": 27, ""end"": 37, ""label"": ""MOUNTAIN"", ""text"": ""Mont Blanc""}]",synthetic_positive_single
train-01909,The local council compared the sensor reading at the airport.,"[""The"", ""local"", ""council"", ""compared"", ""the"", ""sensor"", ""reading"", ""at"", ""the"", ""airport"", "".""]","[""O"", ""O"", ""O"", ""O"", ""O"", ""O"", ""O"", ""O"", ""O"", ""O"", ""O""]",[],synthetic_negative
train-01910,The article compares climbing conditions on Mount Sabalan with those on Mount Mitchell.,"[""The"", ""article"", ""compares"", ""climbing"", ""conditions"", ""on"", ""Mount"", ""Sabalan"", ""with"", ""those"", ""on"", ""Mount"", ""Mitchell"", "".""]","[""O"", ""O"", ""O"", ""O"", ""O"", ""O"", ""B-MOUNTAIN"", ""I-MOUNTAIN"", ""O"", ""O"", ""O"", ""B-MOUNTAIN"", ""I-MOUNTAIN"", ""O""]","[{""start"": 44, ""end"": 57, ""label"": ""MOUNTAIN"", ""text"": ""Mount Sabalan""}, {""start"": 72, ""end"": 86, ""label"": ""MOUNTAIN"", ""text"": ""Mount Mitchell""}]",synthetic_positive_multi
train-01911,The guide warned us not to underestimate Mount Steele.,"[""The"", ""guide"", ""warned"", ""us"", ""not"", ""to"", ""underestimate"", ""Mount"", ""Steele"", "".""]","[""O"", ""O"", ""O"", ""O"", ""O"", ""O"", ""O"", ""B-MOUNTAIN"", ""I-MOUNTAIN"", ""O""]","[{""start"": 41, ""end"": 53, ""label"": ""MOUNTAIN"", ""text"": ""Mount Steele""}]",synthetic_positive_single
train-01912,Snow remained on the upper slopes of Cotopaxi.,"[""Snow"", ""remained"", ""on"", ""the"", ""upper"", ""slopes"", ""of"", ""Cotopaxi"", "".""]","[""O"", ""O"", ""O"", ""O"", ""O"", ""O"", ""O"", ""B-MOUNTAIN"", ""O""]","[{""start"": 37, ""end"": 45, ""label"": ""MOUNTAIN"", ""text"": ""Cotopaxi""}]",synthetic_positive_single
train-01913,The photograph shows Gasherbrum II at sunrise.,"[""The"", ""photograph"", ""shows"", ""Gasherbrum"", ""II"", ""at"", ""sunrise"", "".""]","[""O"", ""O"", ""O"", ""B-MOUNTAIN"", ""I-MOUNTAIN"", ""O"", ""O"", ""O""]","[{""start"": 21, ""end"": 34, ""label"": ""MOUNTAIN"", ""text"": ""Gasherbrum II""}]",synthetic_positive_single
train-01914,The weather service checked the valley during the meeting.,"[""The"", ""weather"", ""service"", ""checked"", ""the"", ""valley"", ""during"", ""the"", ""meeting"", "".""]","[""O"", ""O"", ""O"", ""O"", ""O"", ""O"", ""O"", ""O"", ""O"", ""O""]",[],synthetic_negative
train-01915,The rescue team returned safely from Mount Semeru.,"[""The"", ""rescue"", ""team"", ""returned"", ""safely"", ""from"", ""Mount"", ""Semeru"", "".""]","[""O"", ""O"", ""O"", ""O"", ""O"", ""O"", ""B-MOUNTAIN"", ""I-MOUNTAIN"", ""O""]","[{""start"": 37, ""end"": 49, ""label"": ""MOUNTAIN"", ""text"": ""Mount Semeru""}]",synthetic_positive_single
train-01916,Snow remained on the upper slopes of Mount Rinjani.,"[""Snow"", ""remained"", ""on"", ""the"", ""upper"", ""slopes"", ""of"", ""Mount"", ""Rinjani"", "".""]","[""O"", ""O"", ""O"", ""O"", ""O"", ""O"", ""O"", ""B-MOUNTAIN"", ""I-MOUNTAIN"", ""O""]","[{""start"": 37, ""end"": 50, ""label"": ""MOUNTAIN"", ""text"": ""Mount Rinjani""}]",synthetic_positive_single
train-01917,Weather stations near Grand Teton and Mount Tasman recorded strong winds.,"[""Weather"", ""stations"", ""near"", ""Grand"", ""Teton"", ""and"", ""Mount"", ""Tasman"", ""recorded"", ""strong"", ""winds"", "".""]","[""O"", ""O"", ""O"", ""B-MOUNTAIN"", ""I-MOUNTAIN"", ""O"", ""B-MOUNTAIN"", ""I-MOUNTAIN"", ""O"", ""O"", ""O"", ""O""]","[{""start"": 22, ""end"": 33, ""label"": ""MOUNTAIN"", ""text"": ""Grand Teton""}, {""start"": 38, ""end"": 50, ""label"": ""MOUNTAIN"", ""text"": ""Mount Tasman""}]",synthetic_positive_multi
train-01918,The weather service checked the product range at the office.,"[""The"", ""weather"", ""service"", ""checked"", ""the"", ""product"", ""range"", ""at"", ""the"", ""office"", "".""]","[""O"", ""O"", ""O"", ""O"", ""O"", ""O"", ""O"", ""O"", ""O"", ""O"", ""O""]",[],synthetic_negative
train-01919,Wind speeds increased rapidly around Cerro Torre.,"[""Wind"", ""speeds"", ""increased"", ""rapidly"", ""around"", ""Cerro"", ""Torre"", "".""]","[""O"", ""O"", ""O"", ""O"", ""O"", ""B-MOUNTAIN"", ""I-MOUNTAIN"", ""O""]","[{""start"": 37, ""end"": 48, ""label"": ""MOUNTAIN"", ""text"": ""Cerro Torre""}]",synthetic_positive_single
train-01920,"During the spring survey, scientists visited Snowdon.","[""During"", ""the"", ""spring"", ""survey"", "","", ""scientists"", ""visited"", ""Snowdon"", "".""]","[""O"", ""O"", ""O"", ""O"", ""O"", ""O"", ""O"", ""B-MOUNTAIN"", ""O""]","[{""start"": 45, ""end"": 52, ""label"": ""MOUNTAIN"", ""text"": ""Snowdon""}]",synthetic_positive_single
train-01921,The documentary follows expeditions to Mount Everest and later to Hoverla.,"[""The"", ""documentary"", ""follows"", ""expeditions"", ""to"", ""Mount"", ""Everest"", ""and"", ""later"", ""to"", ""Hoverla"", "".""]","[""O"", ""O"", ""O"", ""O"", ""O"", ""B-MOUNTAIN"", ""I-MOUNTAIN"", ""O"", ""O"", ""O"", ""B-MOUNTAIN"", ""O""]","[{""start"": 39, ""end"": 52, ""label"": ""MOUNTAIN"", ""text"": ""Mount Everest""}, {""start"": 66, ""end"": 73, ""label"": ""MOUNTAIN"", ""text"": ""Hoverla""}]",synthetic_positive_multi
train-01922,The film crew archived the sensor reading at the office.,"[""The"", ""film"", ""crew"", ""archived"", ""the"", ""sensor"", ""reading"", ""at"", ""the"", ""office"", "".""]","[""O"", ""O"", ""O"", ""O"", ""O"", ""O"", ""O"", ""O"", ""O"", ""O"", ""O""]",[],synthetic_negative
train-01923,The climbers postponed their attempt on Mount Elie de Beaumont.,"[""The"", ""climbers"", ""postponed"", ""their"", ""attempt"", ""on"", ""Mount"", ""Elie"", ""de"", ""Beaumont"", "".""]","[""O"", ""O"", ""O"", ""O"", ""O"", ""O"", ""B-MOUNTAIN"", ""I-MOUNTAIN"", ""I-MOUNTAIN"", ""I-MOUNTAIN"", ""O""]","[{""start"": 40, ""end"": 62, ""label"": ""MOUNTAIN"", ""text"": ""Mount Elie de Beaumont""}]",synthetic_positive_single
train-01924,Local guides described conditions on Machapuchare as difficult.,"[""Local"", ""guides"", ""described"", ""conditions"", ""on"", ""Machapuchare"", ""as"", ""difficult"", "".""]","[""O"", ""O"", ""O"", ""O"", ""O"", ""B-MOUNTAIN"", ""O"", ""O"", ""O""]","[{""start"": 37, ""end"": 49, ""label"": ""MOUNTAIN"", ""text"": ""Machapuchare""}]",synthetic_positive_single
train-01925,The film crew compared the training notebook after the presentation.,"[""The"", ""film"", ""crew"", ""compared"", ""the"", ""training"", ""notebook"", ""after"", ""the"", ""presentation"", "".""]","[""O"", ""O"", ""O"", ""O"", ""O"", ""O"", ""O"", ""O"", ""O"", ""O"", ""O""]",[],synthetic_negative
train-01926,The weather changed quickly as they approached Mount Vesuvius.,"[""The"", ""weather"", ""changed"", ""quickly"", ""as"", ""they"", ""approached"", ""Mount"", ""Vesuvius"", "".""]","[""O"", ""O"", ""O"", ""O"", ""O"", ""O"", ""O"", ""B-MOUNTAIN"", ""I-MOUNTAIN"", ""O""]","[{""start"": 47, ""end"": 61, ""label"": ""MOUNTAIN"", ""text"": ""Mount Vesuvius""}]",synthetic_positive_single
train-01927,The local council rejected the glacier report before the deadline.,"[""The"", ""local"", ""council"", ""rejected"", ""the"", ""glacier"", ""report"", ""before"", ""the"", ""deadline"", "".""]","[""O"", ""O"", ""O"", ""O"", ""O"", ""O"", ""O"", ""O"", ""O"", ""O"", ""O""]",[],synthetic_negative
train-01928,The university department translated the route at the office.,"[""The"", ""university"", ""department"", ""translated"", ""the"", ""route"", ""at"", ""the"", ""office"", "".""]","[""O"", ""O"", ""O"", ""O"", ""O"", ""O"", ""O"", ""O"", ""O"", ""O""]",[],synthetic_negative
train-01929,The research team translated the aircraft at the airport.,"[""The"", ""research"", ""team"", ""translated"", ""the"", ""aircraft"", ""at"", ""the"", ""airport"", "".""]","[""O"", ""O"", ""O"", ""O"", ""O"", ""O"", ""O"", ""O"", ""O"", ""O""]",[],synthetic_negative
train-01930,A small village lies below Mount Sefton.,"[""A"", ""small"", ""village"", ""lies"", ""below"", ""Mount"", ""Sefton"", "".""]","[""O"", ""O"", ""O"", ""O"", ""O"", ""B-MOUNTAIN"", ""I-MOUNTAIN"", ""O""]","[{""start"": 27, ""end"": 39, ""label"": ""MOUNTAIN"", ""text"": ""Mount Sefton""}]",synthetic_positive_single
train-01931,"During the spring survey, scientists visited Mount Fuji.","[""During"", ""the"", ""spring"", ""survey"", "","", ""scientists"", ""visited"", ""Mount"", ""Fuji"", "".""]","[""O"", ""O"", ""O"", ""O"", ""O"", ""O"", ""O"", ""B-MOUNTAIN"", ""I-MOUNTAIN"", ""O""]","[{""start"": 45, ""end"": 55, ""label"": ""MOUNTAIN"", ""text"": ""Mount Fuji""}]",synthetic_positive_single
train-01932,"Unlike Cotopaxi, Denali was hidden by clouds.","[""Unlike"", ""Cotopaxi"", "","", ""Denali"", ""was"", ""hidden"", ""by"", ""clouds"", "".""]","[""O"", ""B-MOUNTAIN"", ""O"", ""B-MOUNTAIN"", ""O"", ""O"", ""O"", ""O"", ""O""]","[{""start"": 7, ""end"": 15, ""label"": ""MOUNTAIN"", ""text"": ""Cotopaxi""}, {""start"": 17, ""end"": 23, ""label"": ""MOUNTAIN"", ""text"": ""Denali""}]",synthetic_positive_multi
train-01933,Expeditions to Makalu and Mount Olympus were delayed by bad weather.,"[""Expeditions"", ""to"", ""Makalu"", ""and"", ""Mount"", ""Olympus"", ""were"", ""delayed"", ""by"", ""bad"", ""weather"", "".""]","[""O"", ""O"", ""B-MOUNTAIN"", ""O"", ""B-MOUNTAIN"", ""I-MOUNTAIN"", ""O"", ""O"", ""O"", ""O"", ""O"", ""O""]","[{""start"": 15, ""end"": 21, ""label"": ""MOUNTAIN"", ""text"": ""Makalu""}, {""start"": 26, ""end"": 39, ""label"": ""MOUNTAIN"", ""text"": ""Mount Olympus""}]",synthetic_positive_multi
train-01934,The climbers postponed their attempt on Mauna Kea.,"[""The"", ""climbers"", ""postponed"", ""their"", ""attempt"", ""on"", ""Mauna"", ""Kea"", "".""]","[""O"", ""O"", ""O"", ""O"", ""O"", ""O"", ""B-MOUNTAIN"", ""I-MOUNTAIN"", ""O""]","[{""start"": 40, ""end"": 49, ""label"": ""MOUNTAIN"", ""text"": ""Mauna Kea""}]",synthetic_positive_single
train-01935,"Despite the forecast, the climbers continued toward Illimani.","[""Despite"", ""the"", ""forecast"", "","", ""the"", ""climbers"", ""continued"", ""toward"", ""Illimani"", "".""]","[""O"", ""O"", ""O"", ""O"", ""O"", ""O"", ""O"", ""O"", ""B-MOUNTAIN"", ""O""]","[{""start"": 52, ""end"": 60, ""label"": ""MOUNTAIN"", ""text"": ""Illimani""}]",synthetic_positive_single
train-01936,"According to the itinerary, Cerro Torre is the main destination.","[""According"", ""to"", ""the"", ""itinerary"", "","", ""Cerro"", ""Torre"", ""is"", ""the"", ""main"", ""destination"", "".""]","[""O"", ""O"", ""O"", ""O"", ""O"", ""B-MOUNTAIN"", ""I-MOUNTAIN"", ""O"", ""O"", ""O"", ""O"", ""O""]","[{""start"": 28, ""end"": 39, ""label"": ""MOUNTAIN"", ""text"": ""Cerro Torre""}]",synthetic_positive_single
train-01937,The local council published the summit plan on Monday.,"[""The"", ""local"", ""council"", ""published"", ""the"", ""summit"", ""plan"", ""on"", ""Monday"", "".""]","[""O"", ""O"", ""O"", ""O"", ""O"", ""O"", ""O"", ""O"", ""O"", ""O""]",[],synthetic_negative
train-01938,Mount Robson and Mount Augusta were both visible from the aircraft.,"[""Mount"", ""Robson"", ""and"", ""Mount"", ""Augusta"", ""were"", ""both"", ""visible"", ""from"", ""the"", ""aircraft"", "".""]","[""B-MOUNTAIN"", ""I-MOUNTAIN"", ""O"", ""B-MOUNTAIN"", ""I-MOUNTAIN"", ""O"", ""O"", ""O"", ""O"", ""O"", ""O"", ""O""]","[{""start"": 0, ""end"": 12, ""label"": ""MOUNTAIN"", ""text"": ""Mount Robson""}, {""start"": 17, ""end"": 30, ""label"": ""MOUNTAIN"", ""text"": ""Mount Augusta""}]",synthetic_positive_multi
train-01939,"Yesterday, Mount Olympus was barely visible through the mist.","[""Yesterday"", "","", ""Mount"", ""Olympus"", ""was"", ""barely"", ""visible"", ""through"", ""the"", ""mist"", "".""]","[""O"", ""O"", ""B-MOUNTAIN"", ""I-MOUNTAIN"", ""O"", ""O"", ""O"", ""O"", ""O"", ""O"", ""O""]","[{""start"": 11, ""end"": 24, ""label"": ""MOUNTAIN"", ""text"": ""Mount Olympus""}]",synthetic_positive_single
train-01940,A documentary crew filmed near Mount Etna.,"[""A"", ""documentary"", ""crew"", ""filmed"", ""near"", ""Mount"", ""Etna"", "".""]","[""O"", ""O"", ""O"", ""O"", ""O"", ""B-MOUNTAIN"", ""I-MOUNTAIN"", ""O""]","[{""start"": 31, ""end"": 41, ""label"": ""MOUNTAIN"", ""text"": ""Mount Etna""}]",synthetic_positive_single
train-01941,The lecture included a case study about Fitz Roy.,"[""The"", ""lecture"", ""included"", ""a"", ""case"", ""study"", ""about"", ""Fitz"", ""Roy"", "".""]","[""O"", ""O"", ""O"", ""O"", ""O"", ""O"", ""O"", ""B-MOUNTAIN"", ""I-MOUNTAIN"", ""O""]","[{""start"": 40, ""end"": 48, ""label"": ""MOUNTAIN"", ""text"": ""Fitz Roy""}]",synthetic_positive_single
train-01942,The travel company shared the route on Monday.,"[""The"", ""travel"", ""company"", ""shared"", ""the"", ""route"", ""on"", ""Monday"", "".""]","[""O"", ""O"", ""O"", ""O"", ""O"", ""O"", ""O"", ""O"", ""O""]",[],synthetic_negative
train-01943,A small village lies below Mount Tasman.,"[""A"", ""small"", ""village"", ""lies"", ""below"", ""Mount"", ""Tasman"", "".""]","[""O"", ""O"", ""O"", ""O"", ""O"", ""B-MOUNTAIN"", ""I-MOUNTAIN"", ""O""]","[{""start"": 27, ""end"": 39, ""label"": ""MOUNTAIN"", ""text"": ""Mount Tasman""}]",synthetic_positive_single
train-01944,The mapping agency rejected the weather forecast in the final report.,"[""The"", ""mapping"", ""agency"", ""rejected"", ""the"", ""weather"", ""forecast"", ""in"", ""the"", ""final"", ""report"", "".""]","[""O"", ""O"", ""O"", ""O"", ""O"", ""O"", ""O"", ""O"", ""O"", ""O"", ""O"", ""O""]",[],synthetic_negative
train-01945,The route to Mount Sefton was closed after the storm.,"[""The"", ""route"", ""to"", ""Mount"", ""Sefton"", ""was"", ""closed"", ""after"", ""the"", ""storm"", "".""]","[""O"", ""O"", ""O"", ""B-MOUNTAIN"", ""I-MOUNTAIN"", ""O"", ""O"", ""O"", ""O"", ""O"", ""O""]","[{""start"": 13, ""end"": 25, ""label"": ""MOUNTAIN"", ""text"": ""Mount Sefton""}]",synthetic_positive_single
train-01946,The film crew published the hotel booking at the airport.,"[""The"", ""film"", ""crew"", ""published"", ""the"", ""hotel"", ""booking"", ""at"", ""the"", ""airport"", "".""]","[""O"", ""O"", ""O"", ""O"", ""O"", ""O"", ""O"", ""O"", ""O"", ""O"", ""O""]",[],synthetic_negative
train-01947,The northern face of Snowdon looked almost vertical.,"[""The"", ""northern"", ""face"", ""of"", ""Snowdon"", ""looked"", ""almost"", ""vertical"", "".""]","[""O"", ""O"", ""O"", ""O"", ""B-MOUNTAIN"", ""O"", ""O"", ""O"", ""O""]","[{""start"": 21, ""end"": 28, ""label"": ""MOUNTAIN"", ""text"": ""Snowdon""}]",synthetic_positive_single
train-01948,Have you ever seen Shishapangma in winter?,"[""Have"", ""you"", ""ever"", ""seen"", ""Shishapangma"", ""in"", ""winter"", ""?""]","[""O"", ""O"", ""O"", ""O"", ""B-MOUNTAIN"", ""O"", ""O"", ""O""]","[{""start"": 19, ""end"": 31, ""label"": ""MOUNTAIN"", ""text"": ""Shishapangma""}]",synthetic_positive_single
train-01949,The team discussed whether to attempt Grand Teton or Mount Haidinger.,"[""The"", ""team"", ""discussed"", ""whether"", ""to"", ""attempt"", ""Grand"", ""Teton"", ""or"", ""Mount"", ""Haidinger"", "".""]","[""O"", ""O"", ""O"", ""O"", ""O"", ""O"", ""B-MOUNTAIN"", ""I-MOUNTAIN"", ""O"", ""B-MOUNTAIN"", ""I-MOUNTAIN"", ""O""]","[{""start"": 38, ""end"": 49, ""label"": ""MOUNTAIN"", ""text"": ""Grand Teton""}, {""start"": 53, ""end"": 68, ""label"": ""MOUNTAIN"", ""text"": ""Mount Haidinger""}]",synthetic_positive_multi
train-01950,Our route passes near Ben Nevis before turning toward Mount Semeru.,"[""Our"", ""route"", ""passes"", ""near"", ""Ben"", ""Nevis"", ""before"", ""turning"", ""toward"", ""Mount"", ""Semeru"", "".""]","[""O"", ""O"", ""O"", ""O"", ""B-MOUNTAIN"", ""I-MOUNTAIN"", ""O"", ""O"", ""O"", ""B-MOUNTAIN"", ""I-MOUNTAIN"", ""O""]","[{""start"": 22, ""end"": 31, ""label"": ""MOUNTAIN"", ""text"": ""Ben Nevis""}, {""start"": 54, ""end"": 66, ""label"": ""MOUNTAIN"", ""text"": ""Mount Semeru""}]",synthetic_positive_multi
train-01951,"After weeks of preparation, the group departed for Alpamayo.","[""After"", ""weeks"", ""of"", ""preparation"", "","", ""the"", ""group"", ""departed"", ""for"", ""Alpamayo"", "".""]","[""O"", ""O"", ""O"", ""O"", ""O"", ""O"", ""O"", ""O"", ""O"", ""B-MOUNTAIN"", ""O""]","[{""start"": 51, ""end"": 59, ""label"": ""MOUNTAIN"", ""text"": ""Alpamayo""}]",synthetic_positive_single
train-01952,Images of Mount Hood were placed beside photographs of Monte Rosa.,"[""Images"", ""of"", ""Mount"", ""Hood"", ""were"", ""placed"", ""beside"", ""photographs"", ""of"", ""Monte"", ""Rosa"", "".""]","[""O"", ""O"", ""B-MOUNTAIN"", ""I-MOUNTAIN"", ""O"", ""O"", ""O"", ""O"", ""O"", ""B-MOUNTAIN"", ""I-MOUNTAIN"", ""O""]","[{""start"": 10, ""end"": 20, ""label"": ""MOUNTAIN"", ""text"": ""Mount Hood""}, {""start"": 55, ""end"": 65, ""label"": ""MOUNTAIN"", ""text"": ""Monte Rosa""}]",synthetic_positive_multi
train-01953,The museum curator discussed the camera at the office.,"[""The"", ""museum"", ""curator"", ""discussed"", ""the"", ""camera"", ""at"", ""the"", ""office"", "".""]","[""O"", ""O"", ""O"", ""O"", ""O"", ""O"", ""O"", ""O"", ""O"", ""O""]",[],synthetic_negative
train-01954,Snow remained on the upper slopes of Pikes Peak.,"[""Snow"", ""remained"", ""on"", ""the"", ""upper"", ""slopes"", ""of"", ""Pikes"", ""Peak"", "".""]","[""O"", ""O"", ""O"", ""O"", ""O"", ""O"", ""O"", ""B-MOUNTAIN"", ""I-MOUNTAIN"", ""O""]","[{""start"": 37, ""end"": 47, ""label"": ""MOUNTAIN"", ""text"": ""Pikes Peak""}]",synthetic_positive_single
train-01955,A new trail provides access to Mount Everest.,"[""A"", ""new"", ""trail"", ""provides"", ""access"", ""to"", ""Mount"", ""Everest"", "".""]","[""O"", ""O"", ""O"", ""O"", ""O"", ""O"", ""B-MOUNTAIN"", ""I-MOUNTAIN"", ""O""]","[{""start"": 31, ""end"": 44, ""label"": ""MOUNTAIN"", ""text"": ""Mount Everest""}]",synthetic_positive_single
train-01956,We could clearly see Mount Sidley from the valley.,"[""We"", ""could"", ""clearly"", ""see"", ""Mount"", ""Sidley"", ""from"", ""the"", ""valley"", "".""]","[""O"", ""O"", ""O"", ""O"", ""B-MOUNTAIN"", ""I-MOUNTAIN"", ""O"", ""O"", ""O"", ""O""]","[{""start"": 21, ""end"": 33, ""label"": ""MOUNTAIN"", ""text"": ""Mount Sidley""}]",synthetic_positive_single
train-01957,The weather service rejected the expedition permit during the meeting.,"[""The"", ""weather"", ""service"", ""rejected"", ""the"", ""expedition"", ""permit"", ""during"", ""the"", ""meeting"", "".""]","[""O"", ""O"", ""O"", ""O"", ""O"", ""O"", ""O"", ""O"", ""O"", ""O"", ""O""]",[],synthetic_negative
train-01958,Our route passes near Mount Assiniboine before turning toward Denali.,"[""Our"", ""route"", ""passes"", ""near"", ""Mount"", ""Assiniboine"", ""before"", ""turning"", ""toward"", ""Denali"", "".""]","[""O"", ""O"", ""O"", ""O"", ""B-MOUNTAIN"", ""I-MOUNTAIN"", ""O"", ""O"", ""O"", ""B-MOUNTAIN"", ""O""]","[{""start"": 22, ""end"": 39, ""label"": ""MOUNTAIN"", ""text"": ""Mount Assiniboine""}, {""start"": 62, ""end"": 68, ""label"": ""MOUNTAIN"", ""text"": ""Denali""}]",synthetic_positive_multi
train-01959,The research team archived the sales peak in the laboratory.,"[""The"", ""research"", ""team"", ""archived"", ""the"", ""sales"", ""peak"", ""in"", ""the"", ""laboratory"", "".""]","[""O"", ""O"", ""O"", ""O"", ""O"", ""O"", ""O"", ""O"", ""O"", ""O"", ""O""]",[],synthetic_negative
train-01960,Local guides described conditions on Mount Tasman as difficult.,"[""Local"", ""guides"", ""described"", ""conditions"", ""on"", ""Mount"", ""Tasman"", ""as"", ""difficult"", "".""]","[""O"", ""O"", ""O"", ""O"", ""O"", ""B-MOUNTAIN"", ""I-MOUNTAIN"", ""O"", ""O"", ""O""]","[{""start"": 37, ""end"": 49, ""label"": ""MOUNTAIN"", ""text"": ""Mount Tasman""}]",synthetic_positive_single
train-01961,The team measured snow depth on Mauna Kea.,"[""The"", ""team"", ""measured"", ""snow"", ""depth"", ""on"", ""Mauna"", ""Kea"", "".""]","[""O"", ""O"", ""O"", ""O"", ""O"", ""O"", ""B-MOUNTAIN"", ""I-MOUNTAIN"", ""O""]","[{""start"": 32, ""end"": 41, ""label"": ""MOUNTAIN"", ""text"": ""Mauna Kea""}]",synthetic_positive_single
train-01962,Weather stations near Mount Assiniboine and Shishapangma recorded strong winds.,"[""Weather"", ""stations"", ""near"", ""Mount"", ""Assiniboine"", ""and"", ""Shishapangma"", ""recorded"", ""strong"", ""winds"", "".""]","[""O"", ""O"", ""O"", ""B-MOUNTAIN"", ""I-MOUNTAIN"", ""O"", ""B-MOUNTAIN"", ""O"", ""O"", ""O"", ""O""]","[{""start"": 22, ""end"": 39, ""label"": ""MOUNTAIN"", ""text"": ""Mount Assiniboine""}, {""start"": 44, ""end"": 56, ""label"": ""MOUNTAIN"", ""text"": ""Shishapangma""}]",synthetic_positive_multi
train-01963,"From the eastern ridge, we watched the sun rise behind Shishapangma.","[""From"", ""the"", ""eastern"", ""ridge"", "","", ""we"", ""watched"", ""the"", ""sun"", ""rise"", ""behind"", ""Shishapangma"", "".""]","[""O"", ""O"", ""O"", ""O"", ""O"", ""O"", ""O"", ""O"", ""O"", ""O"", ""O"", ""B-MOUNTAIN"", ""O""]","[{""start"": 55, ""end"": 67, ""label"": ""MOUNTAIN"", ""text"": ""Shishapangma""}]",synthetic_positive_single
train-01964,The climbing club discussed the algorithm at the office.,"[""The"", ""climbing"", ""club"", ""discussed"", ""the"", ""algorithm"", ""at"", ""the"", ""office"", "".""]","[""O"", ""O"", ""O"", ""O"", ""O"", ""O"", ""O"", ""O"", ""O"", ""O""]",[],synthetic_negative
train-01965,Mount Sanford attracts climbers from around the world.,"[""Mount"", ""Sanford"", ""attracts"", ""climbers"", ""from"", ""around"", ""the"", ""world"", "".""]","[""B-MOUNTAIN"", ""I-MOUNTAIN"", ""O"", ""O"", ""O"", ""O"", ""O"", ""O"", ""O""]","[{""start"": 0, ""end"": 13, ""label"": ""MOUNTAIN"", ""text"": ""Mount Sanford""}]",synthetic_positive_single
train-01966,A small village lies below Annapurna.,"[""A"", ""small"", ""village"", ""lies"", ""below"", ""Annapurna"", "".""]","[""O"", ""O"", ""O"", ""O"", ""O"", ""B-MOUNTAIN"", ""O""]","[{""start"": 27, ""end"": 36, ""label"": ""MOUNTAIN"", ""text"": ""Annapurna""}]",synthetic_positive_single
train-01967,Ben Nevis and Gasherbrum II were both visible from the aircraft.,"[""Ben"", ""Nevis"", ""and"", ""Gasherbrum"", ""II"", ""were"", ""both"", ""visible"", ""from"", ""the"", ""aircraft"", "".""]","[""B-MOUNTAIN"", ""I-MOUNTAIN"", ""O"", ""B-MOUNTAIN"", ""I-MOUNTAIN"", ""O"", ""O"", ""O"", ""O"", ""O"", ""O"", ""O""]","[{""start"": 0, ""end"": 9, ""label"": ""MOUNTAIN"", ""text"": ""Ben Nevis""}, {""start"": 14, ""end"": 27, ""label"": ""MOUNTAIN"", ""text"": ""Gasherbrum II""}]",synthetic_positive_multi
train-01968,Local guides described conditions on Mount Stanley as difficult.,"[""Local"", ""guides"", ""described"", ""conditions"", ""on"", ""Mount"", ""Stanley"", ""as"", ""difficult"", "".""]","[""O"", ""O"", ""O"", ""O"", ""O"", ""B-MOUNTAIN"", ""I-MOUNTAIN"", ""O"", ""O"", ""O""]","[{""start"": 37, ""end"": 50, ""label"": ""MOUNTAIN"", ""text"": ""Mount Stanley""}]",synthetic_positive_single
train-01969,The weather service reviewed the hotel booking in the final report.,"[""The"", ""weather"", ""service"", ""reviewed"", ""the"", ""hotel"", ""booking"", ""in"", ""the"", ""final"", ""report"", "".""]","[""O"", ""O"", ""O"", ""O"", ""O"", ""O"", ""O"", ""O"", ""O"", ""O"", ""O"", ""O""]",[],synthetic_negative
train-01970,The film crew updated the route in the final report.,"[""The"", ""film"", ""crew"", ""updated"", ""the"", ""route"", ""in"", ""the"", ""final"", ""report"", "".""]","[""O"", ""O"", ""O"", ""O"", ""O"", ""O"", ""O"", ""O"", ""O"", ""O"", ""O""]",[],synthetic_negative
train-01971,Our route passes near Mount Murchison before turning toward Scafell Pike.,"[""Our"", ""route"", ""passes"", ""near"", ""Mount"", ""Murchison"", ""before"", ""turning"", ""toward"", ""Scafell"", ""Pike"", "".""]","[""O"", ""O"", ""O"", ""O"", ""B-MOUNTAIN"", ""I-MOUNTAIN"", ""O"", ""O"", ""O"", ""B-MOUNTAIN"", ""I-MOUNTAIN"", ""O""]","[{""start"": 22, ""end"": 37, ""label"": ""MOUNTAIN"", ""text"": ""Mount Murchison""}, {""start"": 60, ""end"": 72, ""label"": ""MOUNTAIN"", ""text"": ""Scafell Pike""}]",synthetic_positive_multi
train-01972,Have you ever seen Haleakala in winter?,"[""Have"", ""you"", ""ever"", ""seen"", ""Haleakala"", ""in"", ""winter"", ""?""]","[""O"", ""O"", ""O"", ""O"", ""B-MOUNTAIN"", ""O"", ""O"", ""O""]","[{""start"": 19, ""end"": 28, ""label"": ""MOUNTAIN"", ""text"": ""Haleakala""}]",synthetic_positive_single
train-01973,The local council reviewed the glacier report during the conference.,"[""The"", ""local"", ""council"", ""reviewed"", ""the"", ""glacier"", ""report"", ""during"", ""the"", ""conference"", "".""]","[""O"", ""O"", ""O"", ""O"", ""O"", ""O"", ""O"", ""O"", ""O"", ""O"", ""O""]",[],synthetic_negative
train-01974,"Yesterday, Lhotse was barely visible through the mist.","[""Yesterday"", "","", ""Lhotse"", ""was"", ""barely"", ""visible"", ""through"", ""the"", ""mist"", "".""]","[""O"", ""O"", ""B-MOUNTAIN"", ""O"", ""O"", ""O"", ""O"", ""O"", ""O"", ""O""]","[{""start"": 11, ""end"": 17, ""label"": ""MOUNTAIN"", ""text"": ""Lhotse""}]",synthetic_positive_single
train-01975,Snow remained on the upper slopes of Mount Foraker.,"[""Snow"", ""remained"", ""on"", ""the"", ""upper"", ""slopes"", ""of"", ""Mount"", ""Foraker"", "".""]","[""O"", ""O"", ""O"", ""O"", ""O"", ""O"", ""O"", ""B-MOUNTAIN"", ""I-MOUNTAIN"", ""O""]","[{""start"": 37, ""end"": 50, ""label"": ""MOUNTAIN"", ""text"": ""Mount Foraker""}]",synthetic_positive_single
train-01976,The climbers postponed their attempt on Lhotse.,"[""The"", ""climbers"", ""postponed"", ""their"", ""attempt"", ""on"", ""Lhotse"", "".""]","[""O"", ""O"", ""O"", ""O"", ""O"", ""O"", ""B-MOUNTAIN"", ""O""]","[{""start"": 40, ""end"": 46, ""label"": ""MOUNTAIN"", ""text"": ""Lhotse""}]",synthetic_positive_single
train-01977,The museum curator archived the algorithm at the office.,"[""The"", ""museum"", ""curator"", ""archived"", ""the"", ""algorithm"", ""at"", ""the"", ""office"", "".""]","[""O"", ""O"", ""O"", ""O"", ""O"", ""O"", ""O"", ""O"", ""O"", ""O""]",[],synthetic_negative
train-01978,The weather changed quickly as they approached Alpamayo.,"[""The"", ""weather"", ""changed"", ""quickly"", ""as"", ""they"", ""approached"", ""Alpamayo"", "".""]","[""O"", ""O"", ""O"", ""O"", ""O"", ""O"", ""O"", ""B-MOUNTAIN"", ""O""]","[{""start"": 47, ""end"": 55, ""label"": ""MOUNTAIN"", ""text"": ""Alpamayo""}]",synthetic_positive_single
train-01979,Have you ever seen Chimborazo in winter?,"[""Have"", ""you"", ""ever"", ""seen"", ""Chimborazo"", ""in"", ""winter"", ""?""]","[""O"", ""O"", ""O"", ""O"", ""B-MOUNTAIN"", ""O"", ""O"", ""O""]","[{""start"": 19, ""end"": 29, ""label"": ""MOUNTAIN"", ""text"": ""Chimborazo""}]",synthetic_positive_single
train-01980,"Unlike Mauna Kea, Mount Haidinger was hidden by clouds.","[""Unlike"", ""Mauna"", ""Kea"", "","", ""Mount"", ""Haidinger"", ""was"", ""hidden"", ""by"", ""clouds"", "".""]","[""O"", ""B-MOUNTAIN"", ""I-MOUNTAIN"", ""O"", ""B-MOUNTAIN"", ""I-MOUNTAIN"", ""O"", ""O"", ""O"", ""O"", ""O""]","[{""start"": 7, ""end"": 16, ""label"": ""MOUNTAIN"", ""text"": ""Mauna Kea""}, {""start"": 18, ""end"": 33, ""label"": ""MOUNTAIN"", ""text"": ""Mount Haidinger""}]",synthetic_positive_multi
train-01981,The local council printed the research report on Monday.,"[""The"", ""local"", ""council"", ""printed"", ""the"", ""research"", ""report"", ""on"", ""Monday"", "".""]","[""O"", ""O"", ""O"", ""O"", ""O"", ""O"", ""O"", ""O"", ""O"", ""O""]",[],synthetic_negative
train-01982,The expedition leader published the dataset in the laboratory.,"[""The"", ""expedition"", ""leader"", ""published"", ""the"", ""dataset"", ""in"", ""the"", ""laboratory"", "".""]","[""O"", ""O"", ""O"", ""O"", ""O"", ""O"", ""O"", ""O"", ""O"", ""O""]",[],synthetic_negative
train-01983,We could clearly see Aconcagua from the valley.,"[""We"", ""could"", ""clearly"", ""see"", ""Aconcagua"", ""from"", ""the"", ""valley"", "".""]","[""O"", ""O"", ""O"", ""O"", ""B-MOUNTAIN"", ""O"", ""O"", ""O"", ""O""]","[{""start"": 21, ""end"": 30, ""label"": ""MOUNTAIN"", ""text"": ""Aconcagua""}]",synthetic_positive_single
train-01984,A small village lies below Dhaulagiri.,"[""A"", ""small"", ""village"", ""lies"", ""below"", ""Dhaulagiri"", "".""]","[""O"", ""O"", ""O"", ""O"", ""O"", ""B-MOUNTAIN"", ""O""]","[{""start"": 27, ""end"": 37, ""label"": ""MOUNTAIN"", ""text"": ""Dhaulagiri""}]",synthetic_positive_single
train-01985,Images of Monte Rosa were placed beside photographs of Kongur Tagh.,"[""Images"", ""of"", ""Monte"", ""Rosa"", ""were"", ""placed"", ""beside"", ""photographs"", ""of"", ""Kongur"", ""Tagh"", "".""]","[""O"", ""O"", ""B-MOUNTAIN"", ""I-MOUNTAIN"", ""O"", ""O"", ""O"", ""O"", ""O"", ""B-MOUNTAIN"", ""I-MOUNTAIN"", ""O""]","[{""start"": 10, ""end"": 20, ""label"": ""MOUNTAIN"", ""text"": ""Monte Rosa""}, {""start"": 55, ""end"": 66, ""label"": ""MOUNTAIN"", ""text"": ""Kongur Tagh""}]",synthetic_positive_multi
train-01986,Several routes lead toward the summit of Mount Sanford.,"[""Several"", ""routes"", ""lead"", ""toward"", ""the"", ""summit"", ""of"", ""Mount"", ""Sanford"", "".""]","[""O"", ""O"", ""O"", ""O"", ""O"", ""O"", ""O"", ""B-MOUNTAIN"", ""I-MOUNTAIN"", ""O""]","[{""start"": 41, ""end"": 54, ""label"": ""MOUNTAIN"", ""text"": ""Mount Sanford""}]",synthetic_positive_single
train-01987,The article compares climbing conditions on Mount Damavand with those on Mount Saint Elias.,"[""The"", ""article"", ""compares"", ""climbing"", ""conditions"", ""on"", ""Mount"", ""Damavand"", ""with"", ""those"", ""on"", ""Mount"", ""Saint"", ""Elias"", "".""]","[""O"", ""O"", ""O"", ""O"", ""O"", ""O"", ""B-MOUNTAIN"", ""I-MOUNTAIN"", ""O"", ""O"", ""O"", ""B-MOUNTAIN"", ""I-MOUNTAIN"", ""I-MOUNTAIN"", ""O""]","[{""start"": 44, ""end"": 58, ""label"": ""MOUNTAIN"", ""text"": ""Mount Damavand""}, {""start"": 73, ""end"": 90, ""label"": ""MOUNTAIN"", ""text"": ""Mount Saint Elias""}]",synthetic_positive_multi
train-01988,The route to Puncak Jaya was closed after the storm.,"[""The"", ""route"", ""to"", ""Puncak"", ""Jaya"", ""was"", ""closed"", ""after"", ""the"", ""storm"", "".""]","[""O"", ""O"", ""O"", ""B-MOUNTAIN"", ""I-MOUNTAIN"", ""O"", ""O"", ""O"", ""O"", ""O"", ""O""]","[{""start"": 13, ""end"": 24, ""label"": ""MOUNTAIN"", ""text"": ""Puncak Jaya""}]",synthetic_positive_single
train-01989,The museum curator updated the glacier report during the conference.,"[""The"", ""museum"", ""curator"", ""updated"", ""the"", ""glacier"", ""report"", ""during"", ""the"", ""conference"", "".""]","[""O"", ""O"", ""O"", ""O"", ""O"", ""O"", ""O"", ""O"", ""O"", ""O"", ""O""]",[],synthetic_negative
train-01990,"For safety reasons, access to Mount Assiniboine was temporarily restricted.","[""For"", ""safety"", ""reasons"", "","", ""access"", ""to"", ""Mount"", ""Assiniboine"", ""was"", ""temporarily"", ""restricted"", "".""]","[""O"", ""O"", ""O"", ""O"", ""O"", ""O"", ""B-MOUNTAIN"", ""I-MOUNTAIN"", ""O"", ""O"", ""O"", ""O""]","[{""start"": 30, ""end"": 47, ""label"": ""MOUNTAIN"", ""text"": ""Mount Assiniboine""}]",synthetic_positive_single
train-01991,"During the spring survey, scientists visited Cotopaxi.","[""During"", ""the"", ""spring"", ""survey"", "","", ""scientists"", ""visited"", ""Cotopaxi"", "".""]","[""O"", ""O"", ""O"", ""O"", ""O"", ""O"", ""O"", ""B-MOUNTAIN"", ""O""]","[{""start"": 45, ""end"": 53, ""label"": ""MOUNTAIN"", ""text"": ""Cotopaxi""}]",synthetic_positive_single
train-01992,An avalanche warning was issued for the area around Illimani.,"[""An"", ""avalanche"", ""warning"", ""was"", ""issued"", ""for"", ""the"", ""area"", ""around"", ""Illimani"", "".""]","[""O"", ""O"", ""O"", ""O"", ""O"", ""O"", ""O"", ""O"", ""O"", ""B-MOUNTAIN"", ""O""]","[{""start"": 52, ""end"": 60, ""label"": ""MOUNTAIN"", ""text"": ""Illimani""}]",synthetic_positive_single
train-01993,"Despite the forecast, the climbers continued toward Mount Tate.","[""Despite"", ""the"", ""forecast"", "","", ""the"", ""climbers"", ""continued"", ""toward"", ""Mount"", ""Tate"", "".""]","[""O"", ""O"", ""O"", ""O"", ""O"", ""O"", ""O"", ""O"", ""B-MOUNTAIN"", ""I-MOUNTAIN"", ""O""]","[{""start"": 52, ""end"": 62, ""label"": ""MOUNTAIN"", ""text"": ""Mount Tate""}]",synthetic_positive_single
train-01994,The map labels both Illimani and Aconcagua.,"[""The"", ""map"", ""labels"", ""both"", ""Illimani"", ""and"", ""Aconcagua"", "".""]","[""O"", ""O"", ""O"", ""O"", ""B-MOUNTAIN"", ""O"", ""B-MOUNTAIN"", ""O""]","[{""start"": 20, ""end"": 28, ""label"": ""MOUNTAIN"", ""text"": ""Illimani""}, {""start"": 33, ""end"": 42, ""label"": ""MOUNTAIN"", ""text"": ""Aconcagua""}]",synthetic_positive_multi
train-01995,The northern face of Mount Cook looked almost vertical.,"[""The"", ""northern"", ""face"", ""of"", ""Mount"", ""Cook"", ""looked"", ""almost"", ""vertical"", "".""]","[""O"", ""O"", ""O"", ""O"", ""B-MOUNTAIN"", ""I-MOUNTAIN"", ""O"", ""O"", ""O"", ""O""]","[{""start"": 21, ""end"": 31, ""label"": ""MOUNTAIN"", ""text"": ""Mount Cook""}]",synthetic_positive_single
train-01996,The glacier on Illimani has retreated in recent decades.,"[""The"", ""glacier"", ""on"", ""Illimani"", ""has"", ""retreated"", ""in"", ""recent"", ""decades"", "".""]","[""O"", ""O"", ""O"", ""B-MOUNTAIN"", ""O"", ""O"", ""O"", ""O"", ""O"", ""O""]","[{""start"": 15, ""end"": 23, ""label"": ""MOUNTAIN"", ""text"": ""Illimani""}]",synthetic_positive_single
train-01997,Have you ever seen Jebel Toubkal in winter?,"[""Have"", ""you"", ""ever"", ""seen"", ""Jebel"", ""Toubkal"", ""in"", ""winter"", ""?""]","[""O"", ""O"", ""O"", ""O"", ""B-MOUNTAIN"", ""I-MOUNTAIN"", ""O"", ""O"", ""O""]","[{""start"": 19, ""end"": 32, ""label"": ""MOUNTAIN"", ""text"": ""Jebel Toubkal""}]",synthetic_positive_single
train-01998,Pikes Peak attracts climbers from around the world.,"[""Pikes"", ""Peak"", ""attracts"", ""climbers"", ""from"", ""around"", ""the"", ""world"", "".""]","[""B-MOUNTAIN"", ""I-MOUNTAIN"", ""O"", ""O"", ""O"", ""O"", ""O"", ""O"", ""O""]","[{""start"": 0, ""end"": 10, ""label"": ""MOUNTAIN"", ""text"": ""Pikes Peak""}]",synthetic_positive_single
train-01999,Wind speeds increased rapidly around Mount Mitchell.,"[""Wind"", ""speeds"", ""increased"", ""rapidly"", ""around"", ""Mount"", ""Mitchell"", "".""]","[""O"", ""O"", ""O"", ""O"", ""O"", ""B-MOUNTAIN"", ""I-MOUNTAIN"", ""O""]","[{""start"": 37, ""end"": 51, ""label"": ""MOUNTAIN"", ""text"": ""Mount Mitchell""}]",synthetic_positive_single
train-02000,The local council printed the camera on Monday.,"[""The"", ""local"", ""council"", ""printed"", ""the"", ""camera"", ""on"", ""Monday"", "".""]","[""O"", ""O"", ""O"", ""O"", ""O"", ""O"", ""O"", ""O"", ""O""]",[],synthetic_negative
train-02001,Images of Dhaulagiri were placed beside photographs of Mount Ararat.,"[""Images"", ""of"", ""Dhaulagiri"", ""were"", ""placed"", ""beside"", ""photographs"", ""of"", ""Mount"", ""Ararat"", "".""]","[""O"", ""O"", ""B-MOUNTAIN"", ""O"", ""O"", ""O"", ""O"", ""O"", ""B-MOUNTAIN"", ""I-MOUNTAIN"", ""O""]","[{""start"": 10, ""end"": 20, ""label"": ""MOUNTAIN"", ""text"": ""Dhaulagiri""}, {""start"": 55, ""end"": 67, ""label"": ""MOUNTAIN"", ""text"": ""Mount Ararat""}]",synthetic_positive_multi
train-02002,The weather changed quickly as they approached Kangchenjunga.,"[""The"", ""weather"", ""changed"", ""quickly"", ""as"", ""they"", ""approached"", ""Kangchenjunga"", "".""]","[""O"", ""O"", ""O"", ""O"", ""O"", ""O"", ""O"", ""B-MOUNTAIN"", ""O""]","[{""start"": 47, ""end"": 60, ""label"": ""MOUNTAIN"", ""text"": ""Kangchenjunga""}]",synthetic_positive_single
train-02003,The local council discussed the training notebook during the conference.,"[""The"", ""local"", ""council"", ""discussed"", ""the"", ""training"", ""notebook"", ""during"", ""the"", ""conference"", "".""]","[""O"", ""O"", ""O"", ""O"", ""O"", ""O"", ""O"", ""O"", ""O"", ""O"", ""O""]",[],synthetic_negative
train-02004,"After weeks of preparation, the group departed for Mount Rainier.","[""After"", ""weeks"", ""of"", ""preparation"", "","", ""the"", ""group"", ""departed"", ""for"", ""Mount"", ""Rainier"", "".""]","[""O"", ""O"", ""O"", ""O"", ""O"", ""O"", ""O"", ""O"", ""O"", ""B-MOUNTAIN"", ""I-MOUNTAIN"", ""O""]","[{""start"": 51, ""end"": 64, ""label"": ""MOUNTAIN"", ""text"": ""Mount Rainier""}]",synthetic_positive_single
train-02005,An avalanche warning was issued for the area around Mount Kinabalu.,"[""An"", ""avalanche"", ""warning"", ""was"", ""issued"", ""for"", ""the"", ""area"", ""around"", ""Mount"", ""Kinabalu"", "".""]","[""O"", ""O"", ""O"", ""O"", ""O"", ""O"", ""O"", ""O"", ""O"", ""B-MOUNTAIN"", ""I-MOUNTAIN"", ""O""]","[{""start"": 52, ""end"": 66, ""label"": ""MOUNTAIN"", ""text"": ""Mount Kinabalu""}]",synthetic_positive_single
train-02006,The guide warned us not to underestimate Manaslu.,"[""The"", ""guide"", ""warned"", ""us"", ""not"", ""to"", ""underestimate"", ""Manaslu"", "".""]","[""O"", ""O"", ""O"", ""O"", ""O"", ""O"", ""O"", ""B-MOUNTAIN"", ""O""]","[{""start"": 41, ""end"": 48, ""label"": ""MOUNTAIN"", ""text"": ""Manaslu""}]",synthetic_positive_single
train-02007,The photograph shows Kangchenjunga at sunrise.,"[""The"", ""photograph"", ""shows"", ""Kangchenjunga"", ""at"", ""sunrise"", "".""]","[""O"", ""O"", ""O"", ""B-MOUNTAIN"", ""O"", ""O"", ""O""]","[{""start"": 21, ""end"": 34, ""label"": ""MOUNTAIN"", ""text"": ""Kangchenjunga""}]",synthetic_positive_single
train-02008,The travel company printed the camera at the airport.,"[""The"", ""travel"", ""company"", ""printed"", ""the"", ""camera"", ""at"", ""the"", ""airport"", "".""]","[""O"", ""O"", ""O"", ""O"", ""O"", ""O"", ""O"", ""O"", ""O"", ""O""]",[],synthetic_negative
train-02009,The glacier on Mount Vancouver has retreated in recent decades.,"[""The"", ""glacier"", ""on"", ""Mount"", ""Vancouver"", ""has"", ""retreated"", ""in"", ""recent"", ""decades"", "".""]","[""O"", ""O"", ""O"", ""B-MOUNTAIN"", ""I-MOUNTAIN"", ""O"", ""O"", ""O"", ""O"", ""O"", ""O""]","[{""start"": 15, ""end"": 30, ""label"": ""MOUNTAIN"", ""text"": ""Mount Vancouver""}]",synthetic_positive_single
train-02010,The university department shared the aircraft at the office.,"[""The"", ""university"", ""department"", ""shared"", ""the"", ""aircraft"", ""at"", ""the"", ""office"", "".""]","[""O"", ""O"", ""O"", ""O"", ""O"", ""O"", ""O"", ""O"", ""O"", ""O""]",[],synthetic_negative
train-02011,A small village lies below Fitz Roy.,"[""A"", ""small"", ""village"", ""lies"", ""below"", ""Fitz"", ""Roy"", "".""]","[""O"", ""O"", ""O"", ""O"", ""O"", ""B-MOUNTAIN"", ""I-MOUNTAIN"", ""O""]","[{""start"": 27, ""end"": 35, ""label"": ""MOUNTAIN"", ""text"": ""Fitz Roy""}]",synthetic_positive_single
train-02012,The film crew checked the aircraft during the conference.,"[""The"", ""film"", ""crew"", ""checked"", ""the"", ""aircraft"", ""during"", ""the"", ""conference"", "".""]","[""O"", ""O"", ""O"", ""O"", ""O"", ""O"", ""O"", ""O"", ""O"", ""O""]",[],synthetic_negative
train-02013,Wind speeds increased rapidly around Mount Lendenfeld.,"[""Wind"", ""speeds"", ""increased"", ""rapidly"", ""around"", ""Mount"", ""Lendenfeld"", "".""]","[""O"", ""O"", ""O"", ""O"", ""O"", ""B-MOUNTAIN"", ""I-MOUNTAIN"", ""O""]","[{""start"": 37, ""end"": 53, ""label"": ""MOUNTAIN"", ""text"": ""Mount Lendenfeld""}]",synthetic_positive_single
train-02014,The tourist group published the aircraft before the deadline.,"[""The"", ""tourist"", ""group"", ""published"", ""the"", ""aircraft"", ""before"", ""the"", ""deadline"", "".""]","[""O"", ""O"", ""O"", ""O"", ""O"", ""O"", ""O"", ""O"", ""O"", ""O""]",[],synthetic_negative
train-02015,A documentary crew filmed near Mount Churchill.,"[""A"", ""documentary"", ""crew"", ""filmed"", ""near"", ""Mount"", ""Churchill"", "".""]","[""O"", ""O"", ""O"", ""O"", ""O"", ""B-MOUNTAIN"", ""I-MOUNTAIN"", ""O""]","[{""start"": 31, ""end"": 46, ""label"": ""MOUNTAIN"", ""text"": ""Mount Churchill""}]",synthetic_positive_single
train-02016,The northern face of Huayna Potosi looked almost vertical.,"[""The"", ""northern"", ""face"", ""of"", ""Huayna"", ""Potosi"", ""looked"", ""almost"", ""vertical"", "".""]","[""O"", ""O"", ""O"", ""O"", ""B-MOUNTAIN"", ""I-MOUNTAIN"", ""O"", ""O"", ""O"", ""O""]","[{""start"": 21, ""end"": 34, ""label"": ""MOUNTAIN"", ""text"": ""Huayna Potosi""}]",synthetic_positive_single
train-02017,Snow remained on the upper slopes of Grand Teton.,"[""Snow"", ""remained"", ""on"", ""the"", ""upper"", ""slopes"", ""of"", ""Grand"", ""Teton"", "".""]","[""O"", ""O"", ""O"", ""O"", ""O"", ""O"", ""O"", ""B-MOUNTAIN"", ""I-MOUNTAIN"", ""O""]","[{""start"": 37, ""end"": 48, ""label"": ""MOUNTAIN"", ""text"": ""Grand Teton""}]",synthetic_positive_single
train-02018,Photos of Mount Augusta were displayed in the museum.,"[""Photos"", ""of"", ""Mount"", ""Augusta"", ""were"", ""displayed"", ""in"", ""the"", ""museum"", "".""]","[""O"", ""O"", ""B-MOUNTAIN"", ""I-MOUNTAIN"", ""O"", ""O"", ""O"", ""O"", ""O"", ""O""]","[{""start"": 10, ""end"": 23, ""label"": ""MOUNTAIN"", ""text"": ""Mount Augusta""}]",synthetic_positive_single
train-02019,She hopes to climb Fitz Roy next year.,"[""She"", ""hopes"", ""to"", ""climb"", ""Fitz"", ""Roy"", ""next"", ""year"", "".""]","[""O"", ""O"", ""O"", ""O"", ""B-MOUNTAIN"", ""I-MOUNTAIN"", ""O"", ""O"", ""O""]","[{""start"": 19, ""end"": 27, ""label"": ""MOUNTAIN"", ""text"": ""Fitz Roy""}]",synthetic_positive_single
train-02020,They began their ascent of Aoraki Mount Cook at dawn.,"[""They"", ""began"", ""their"", ""ascent"", ""of"", ""Aoraki"", ""Mount"", ""Cook"", ""at"", ""dawn"", "".""]","[""O"", ""O"", ""O"", ""O"", ""O"", ""B-MOUNTAIN"", ""I-MOUNTAIN"", ""I-MOUNTAIN"", ""O"", ""O"", ""O""]","[{""start"": 27, ""end"": 44, ""label"": ""MOUNTAIN"", ""text"": ""Aoraki Mount Cook""}]",synthetic_positive_single
train-02021,The local council archived the forest trail before the deadline.,"[""The"", ""local"", ""council"", ""archived"", ""the"", ""forest"", ""trail"", ""before"", ""the"", ""deadline"", "".""]","[""O"", ""O"", ""O"", ""O"", ""O"", ""O"", ""O"", ""O"", ""O"", ""O"", ""O""]",[],synthetic_negative
train-02022,"She has photographed Ama Dablam, Mount Rainier, and several nearby peaks.","[""She"", ""has"", ""photographed"", ""Ama"", ""Dablam"", "","", ""Mount"", ""Rainier"", "","", ""and"", ""several"", ""nearby"", ""peaks"", "".""]","[""O"", ""O"", ""O"", ""B-MOUNTAIN"", ""I-MOUNTAIN"", ""O"", ""B-MOUNTAIN"", ""I-MOUNTAIN"", ""O"", ""O"", ""O"", ""O"", ""O"", ""O""]","[{""start"": 21, ""end"": 31, ""label"": ""MOUNTAIN"", ""text"": ""Ama Dablam""}, {""start"": 33, ""end"": 46, ""label"": ""MOUNTAIN"", ""text"": ""Mount Rainier""}]",synthetic_positive_multi
train-02023,Several routes lead toward the summit of Mount Columbia.,"[""Several"", ""routes"", ""lead"", ""toward"", ""the"", ""summit"", ""of"", ""Mount"", ""Columbia"", "".""]","[""O"", ""O"", ""O"", ""O"", ""O"", ""O"", ""O"", ""B-MOUNTAIN"", ""I-MOUNTAIN"", ""O""]","[{""start"": 41, ""end"": 55, ""label"": ""MOUNTAIN"", ""text"": ""Mount Columbia""}]",synthetic_positive_single
train-02024,A documentary crew filmed near Mount Stanley.,"[""A"", ""documentary"", ""crew"", ""filmed"", ""near"", ""Mount"", ""Stanley"", "".""]","[""O"", ""O"", ""O"", ""O"", ""O"", ""B-MOUNTAIN"", ""I-MOUNTAIN"", ""O""]","[{""start"": 31, ""end"": 44, ""label"": ""MOUNTAIN"", ""text"": ""Mount Stanley""}]",synthetic_positive_single
train-02025,"By late afternoon, shadows had covered the slopes of Mount Kinabalu.","[""By"", ""late"", ""afternoon"", "","", ""shadows"", ""had"", ""covered"", ""the"", ""slopes"", ""of"", ""Mount"", ""Kinabalu"", "".""]","[""O"", ""O"", ""O"", ""O"", ""O"", ""O"", ""O"", ""O"", ""O"", ""O"", ""B-MOUNTAIN"", ""I-MOUNTAIN"", ""O""]","[{""start"": 53, ""end"": 67, ""label"": ""MOUNTAIN"", ""text"": ""Mount Kinabalu""}]",synthetic_positive_single
train-02026,The weather changed quickly as they approached Mount Tate.,"[""The"", ""weather"", ""changed"", ""quickly"", ""as"", ""they"", ""approached"", ""Mount"", ""Tate"", "".""]","[""O"", ""O"", ""O"", ""O"", ""O"", ""O"", ""O"", ""B-MOUNTAIN"", ""I-MOUNTAIN"", ""O""]","[{""start"": 47, ""end"": 57, ""label"": ""MOUNTAIN"", ""text"": ""Mount Tate""}]",synthetic_positive_single
train-02027,"Unlike Mount Damavand, Machapuchare was hidden by clouds.","[""Unlike"", ""Mount"", ""Damavand"", "","", ""Machapuchare"", ""was"", ""hidden"", ""by"", ""clouds"", "".""]","[""O"", ""B-MOUNTAIN"", ""I-MOUNTAIN"", ""O"", ""B-MOUNTAIN"", ""O"", ""O"", ""O"", ""O"", ""O""]","[{""start"": 7, ""end"": 21, ""label"": ""MOUNTAIN"", ""text"": ""Mount Damavand""}, {""start"": 23, ""end"": 35, ""label"": ""MOUNTAIN"", ""text"": ""Machapuchare""}]",synthetic_positive_multi
train-02028,The research team shared the satellite image before the deadline.,"[""The"", ""research"", ""team"", ""shared"", ""the"", ""satellite"", ""image"", ""before"", ""the"", ""deadline"", "".""]","[""O"", ""O"", ""O"", ""O"", ""O"", ""O"", ""O"", ""O"", ""O"", ""O"", ""O""]",[],synthetic_negative
train-02029,"During the spring survey, scientists visited Makalu.","[""During"", ""the"", ""spring"", ""survey"", "","", ""scientists"", ""visited"", ""Makalu"", "".""]","[""O"", ""O"", ""O"", ""O"", ""O"", ""O"", ""O"", ""B-MOUNTAIN"", ""O""]","[{""start"": 45, ""end"": 51, ""label"": ""MOUNTAIN"", ""text"": ""Makalu""}]",synthetic_positive_single
train-02030,Nanga Parbat attracts climbers from around the world.,"[""Nanga"", ""Parbat"", ""attracts"", ""climbers"", ""from"", ""around"", ""the"", ""world"", "".""]","[""B-MOUNTAIN"", ""I-MOUNTAIN"", ""O"", ""O"", ""O"", ""O"", ""O"", ""O"", ""O""]","[{""start"": 0, ""end"": 12, ""label"": ""MOUNTAIN"", ""text"": ""Nanga Parbat""}]",synthetic_positive_single
train-02031,We could clearly see Mount Alverstone from the valley.,"[""We"", ""could"", ""clearly"", ""see"", ""Mount"", ""Alverstone"", ""from"", ""the"", ""valley"", "".""]","[""O"", ""O"", ""O"", ""O"", ""B-MOUNTAIN"", ""I-MOUNTAIN"", ""O"", ""O"", ""O"", ""O""]","[{""start"": 21, ""end"": 37, ""label"": ""MOUNTAIN"", ""text"": ""Mount Alverstone""}]",synthetic_positive_single
train-02032,"After weeks of preparation, the group departed for Mount Everest.","[""After"", ""weeks"", ""of"", ""preparation"", "","", ""the"", ""group"", ""departed"", ""for"", ""Mount"", ""Everest"", "".""]","[""O"", ""O"", ""O"", ""O"", ""O"", ""O"", ""O"", ""O"", ""O"", ""B-MOUNTAIN"", ""I-MOUNTAIN"", ""O""]","[{""start"": 51, ""end"": 64, ""label"": ""MOUNTAIN"", ""text"": ""Mount Everest""}]",synthetic_positive_single
train-02033,Heavy clouds covered Mount Sidley throughout the morning.,"[""Heavy"", ""clouds"", ""covered"", ""Mount"", ""Sidley"", ""throughout"", ""the"", ""morning"", "".""]","[""O"", ""O"", ""O"", ""B-MOUNTAIN"", ""I-MOUNTAIN"", ""O"", ""O"", ""O"", ""O""]","[{""start"": 21, ""end"": 33, ""label"": ""MOUNTAIN"", ""text"": ""Mount Sidley""}]",synthetic_positive_single
train-02034,Photos of Mount Hubbard were displayed in the museum.,"[""Photos"", ""of"", ""Mount"", ""Hubbard"", ""were"", ""displayed"", ""in"", ""the"", ""museum"", "".""]","[""O"", ""O"", ""B-MOUNTAIN"", ""I-MOUNTAIN"", ""O"", ""O"", ""O"", ""O"", ""O"", ""O""]","[{""start"": 10, ""end"": 23, ""label"": ""MOUNTAIN"", ""text"": ""Mount Hubbard""}]",synthetic_positive_single
train-02035,Have you ever seen Mount Shasta in winter?,"[""Have"", ""you"", ""ever"", ""seen"", ""Mount"", ""Shasta"", ""in"", ""winter"", ""?""]","[""O"", ""O"", ""O"", ""O"", ""B-MOUNTAIN"", ""I-MOUNTAIN"", ""O"", ""O"", ""O""]","[{""start"": 19, ""end"": 31, ""label"": ""MOUNTAIN"", ""text"": ""Mount Shasta""}]",synthetic_positive_single
train-02036,The local council published the schedule at the office.,"[""The"", ""local"", ""council"", ""published"", ""the"", ""schedule"", ""at"", ""the"", ""office"", "".""]","[""O"", ""O"", ""O"", ""O"", ""O"", ""O"", ""O"", ""O"", ""O"", ""O""]",[],synthetic_negative
train-02037,The expedition leader checked the hotel booking in the final report.,"[""The"", ""expedition"", ""leader"", ""checked"", ""the"", ""hotel"", ""booking"", ""in"", ""the"", ""final"", ""report"", "".""]","[""O"", ""O"", ""O"", ""O"", ""O"", ""O"", ""O"", ""O"", ""O"", ""O"", ""O"", ""O""]",[],synthetic_negative
train-02038,Wind speeds increased rapidly around Mount Sanford.,"[""Wind"", ""speeds"", ""increased"", ""rapidly"", ""around"", ""Mount"", ""Sanford"", "".""]","[""O"", ""O"", ""O"", ""O"", ""O"", ""B-MOUNTAIN"", ""I-MOUNTAIN"", ""O""]","[{""start"": 37, ""end"": 50, ""label"": ""MOUNTAIN"", ""text"": ""Mount Sanford""}]",synthetic_positive_single
train-02039,She hopes to climb Denali next year.,"[""She"", ""hopes"", ""to"", ""climb"", ""Denali"", ""next"", ""year"", "".""]","[""O"", ""O"", ""O"", ""O"", ""B-MOUNTAIN"", ""O"", ""O"", ""O""]","[{""start"": 19, ""end"": 25, ""label"": ""MOUNTAIN"", ""text"": ""Denali""}]",synthetic_positive_single
train-02040,The base camp below Snowdon was moved to safer ground.,"[""The"", ""base"", ""camp"", ""below"", ""Snowdon"", ""was"", ""moved"", ""to"", ""safer"", ""ground"", "".""]","[""O"", ""O"", ""O"", ""O"", ""B-MOUNTAIN"", ""O"", ""O"", ""O"", ""O"", ""O"", ""O""]","[{""start"": 20, ""end"": 27, ""label"": ""MOUNTAIN"", ""text"": ""Snowdon""}]",synthetic_positive_single
train-02041,He plans to study glaciers on Mount Adams and Ol Doinyo Lengai.,"[""He"", ""plans"", ""to"", ""study"", ""glaciers"", ""on"", ""Mount"", ""Adams"", ""and"", ""Ol"", ""Doinyo"", ""Lengai"", "".""]","[""O"", ""O"", ""O"", ""O"", ""O"", ""O"", ""B-MOUNTAIN"", ""I-MOUNTAIN"", ""O"", ""B-MOUNTAIN"", ""I-MOUNTAIN"", ""I-MOUNTAIN"", ""O""]","[{""start"": 30, ""end"": 41, ""label"": ""MOUNTAIN"", ""text"": ""Mount Adams""}, {""start"": 46, ""end"": 62, ""label"": ""MOUNTAIN"", ""text"": ""Ol Doinyo Lengai""}]",synthetic_positive_multi
train-02042,A small village lies below K2.,"[""A"", ""small"", ""village"", ""lies"", ""below"", ""K2"", "".""]","[""O"", ""O"", ""O"", ""O"", ""O"", ""B-MOUNTAIN"", ""O""]","[{""start"": 27, ""end"": 29, ""label"": ""MOUNTAIN"", ""text"": ""K2""}]",synthetic_positive_single
train-02043,The glacier on Mount Robson has retreated in recent decades.,"[""The"", ""glacier"", ""on"", ""Mount"", ""Robson"", ""has"", ""retreated"", ""in"", ""recent"", ""decades"", "".""]","[""O"", ""O"", ""O"", ""B-MOUNTAIN"", ""I-MOUNTAIN"", ""O"", ""O"", ""O"", ""O"", ""O"", ""O""]","[{""start"": 15, ""end"": 27, ""label"": ""MOUNTAIN"", ""text"": ""Mount Robson""}]",synthetic_positive_single
train-02044,A helicopter circled above Mount Assiniboine during the rescue.,"[""A"", ""helicopter"", ""circled"", ""above"", ""Mount"", ""Assiniboine"", ""during"", ""the"", ""rescue"", "".""]","[""O"", ""O"", ""O"", ""O"", ""B-MOUNTAIN"", ""I-MOUNTAIN"", ""O"", ""O"", ""O"", ""O""]","[{""start"": 27, ""end"": 44, ""label"": ""MOUNTAIN"", ""text"": ""Mount Assiniboine""}]",synthetic_positive_single
train-02045,The university department translated the summit plan at the airport.,"[""The"", ""university"", ""department"", ""translated"", ""the"", ""summit"", ""plan"", ""at"", ""the"", ""airport"", "".""]","[""O"", ""O"", ""O"", ""O"", ""O"", ""O"", ""O"", ""O"", ""O"", ""O"", ""O""]",[],synthetic_negative
train-02046,Several routes lead toward the summit of Mount Saint Elias.,"[""Several"", ""routes"", ""lead"", ""toward"", ""the"", ""summit"", ""of"", ""Mount"", ""Saint"", ""Elias"", "".""]","[""O"", ""O"", ""O"", ""O"", ""O"", ""O"", ""O"", ""B-MOUNTAIN"", ""I-MOUNTAIN"", ""I-MOUNTAIN"", ""O""]","[{""start"": 41, ""end"": 58, ""label"": ""MOUNTAIN"", ""text"": ""Mount Saint Elias""}]",synthetic_positive_single
train-02047,"Unlike Mount Fuji, Mount Kazbek was hidden by clouds.","[""Unlike"", ""Mount"", ""Fuji"", "","", ""Mount"", ""Kazbek"", ""was"", ""hidden"", ""by"", ""clouds"", "".""]","[""O"", ""B-MOUNTAIN"", ""I-MOUNTAIN"", ""O"", ""B-MOUNTAIN"", ""I-MOUNTAIN"", ""O"", ""O"", ""O"", ""O"", ""O""]","[{""start"": 7, ""end"": 17, ""label"": ""MOUNTAIN"", ""text"": ""Mount Fuji""}, {""start"": 19, ""end"": 31, ""label"": ""MOUNTAIN"", ""text"": ""Mount Kazbek""}]",synthetic_positive_multi
train-02048,The climbing club discussed the satellite image in the laboratory.,"[""The"", ""climbing"", ""club"", ""discussed"", ""the"", ""satellite"", ""image"", ""in"", ""the"", ""laboratory"", "".""]","[""O"", ""O"", ""O"", ""O"", ""O"", ""O"", ""O"", ""O"", ""O"", ""O"", ""O""]",[],synthetic_negative
train-02049,The photograph shows Mount Semeru at sunrise.,"[""The"", ""photograph"", ""shows"", ""Mount"", ""Semeru"", ""at"", ""sunrise"", "".""]","[""O"", ""O"", ""O"", ""B-MOUNTAIN"", ""I-MOUNTAIN"", ""O"", ""O"", ""O""]","[{""start"": 21, ""end"": 33, ""label"": ""MOUNTAIN"", ""text"": ""Mount Semeru""}]",synthetic_positive_single
train-02050,She hopes to climb Mount Dampier next year.,"[""She"", ""hopes"", ""to"", ""climb"", ""Mount"", ""Dampier"", ""next"", ""year"", "".""]","[""O"", ""O"", ""O"", ""O"", ""B-MOUNTAIN"", ""I-MOUNTAIN"", ""O"", ""O"", ""O""]","[{""start"": 19, ""end"": 32, ""label"": ""MOUNTAIN"", ""text"": ""Mount Dampier""}]",synthetic_positive_single
train-02051,The tourist group archived the valley before the deadline.,"[""The"", ""tourist"", ""group"", ""archived"", ""the"", ""valley"", ""before"", ""the"", ""deadline"", "".""]","[""O"", ""O"", ""O"", ""O"", ""O"", ""O"", ""O"", ""O"", ""O"", ""O""]",[],synthetic_negative
train-02052,The team measured snow depth on Cerro Torre.,"[""The"", ""team"", ""measured"", ""snow"", ""depth"", ""on"", ""Cerro"", ""Torre"", "".""]","[""O"", ""O"", ""O"", ""O"", ""O"", ""O"", ""B-MOUNTAIN"", ""I-MOUNTAIN"", ""O""]","[{""start"": 32, ""end"": 43, ""label"": ""MOUNTAIN"", ""text"": ""Cerro Torre""}]",synthetic_positive_single
train-02053,"From the eastern ridge, we watched the sun rise behind Mount Murchison.","[""From"", ""the"", ""eastern"", ""ridge"", "","", ""we"", ""watched"", ""the"", ""sun"", ""rise"", ""behind"", ""Mount"", ""Murchison"", "".""]","[""O"", ""O"", ""O"", ""O"", ""O"", ""O"", ""O"", ""O"", ""O"", ""O"", ""O"", ""B-MOUNTAIN"", ""I-MOUNTAIN"", ""O""]","[{""start"": 55, ""end"": 70, ""label"": ""MOUNTAIN"", ""text"": ""Mount Murchison""}]",synthetic_positive_single
train-02054,A new trail provides access to Mount Haku.,"[""A"", ""new"", ""trail"", ""provides"", ""access"", ""to"", ""Mount"", ""Haku"", "".""]","[""O"", ""O"", ""O"", ""O"", ""O"", ""O"", ""B-MOUNTAIN"", ""I-MOUNTAIN"", ""O""]","[{""start"": 31, ""end"": 41, ""label"": ""MOUNTAIN"", ""text"": ""Mount Haku""}]",synthetic_positive_single
train-02055,The article compares climbing conditions on K2 with those on Mount Ruapehu.,"[""The"", ""article"", ""compares"", ""climbing"", ""conditions"", ""on"", ""K2"", ""with"", ""those"", ""on"", ""Mount"", ""Ruapehu"", "".""]","[""O"", ""O"", ""O"", ""O"", ""O"", ""O"", ""B-MOUNTAIN"", ""O"", ""O"", ""O"", ""B-MOUNTAIN"", ""I-MOUNTAIN"", ""O""]","[{""start"": 44, ""end"": 46, ""label"": ""MOUNTAIN"", ""text"": ""K2""}, {""start"": 61, ""end"": 74, ""label"": ""MOUNTAIN"", ""text"": ""Mount Ruapehu""}]",synthetic_positive_multi
train-02056,The museum curator shared the satellite image on Monday.,"[""The"", ""museum"", ""curator"", ""shared"", ""the"", ""satellite"", ""image"", ""on"", ""Monday"", "".""]","[""O"", ""O"", ""O"", ""O"", ""O"", ""O"", ""O"", ""O"", ""O"", ""O""]",[],synthetic_negative
train-02057,Images of Mount Augusta were placed beside photographs of Petros.,"[""Images"", ""of"", ""Mount"", ""Augusta"", ""were"", ""placed"", ""beside"", ""photographs"", ""of"", ""Petros"", "".""]","[""O"", ""O"", ""B-MOUNTAIN"", ""I-MOUNTAIN"", ""O"", ""O"", ""O"", ""O"", ""O"", ""B-MOUNTAIN"", ""O""]","[{""start"": 10, ""end"": 23, ""label"": ""MOUNTAIN"", ""text"": ""Mount Augusta""}, {""start"": 58, ""end"": 64, ""label"": ""MOUNTAIN"", ""text"": ""Petros""}]",synthetic_positive_multi
train-02058,The article compares climbing conditions on Mount Shasta with those on Mount Sabalan.,"[""The"", ""article"", ""compares"", ""climbing"", ""conditions"", ""on"", ""Mount"", ""Shasta"", ""with"", ""those"", ""on"", ""Mount"", ""Sabalan"", "".""]","[""O"", ""O"", ""O"", ""O"", ""O"", ""O"", ""B-MOUNTAIN"", ""I-MOUNTAIN"", ""O"", ""O"", ""O"", ""B-MOUNTAIN"", ""I-MOUNTAIN"", ""O""]","[{""start"": 44, ""end"": 56, ""label"": ""MOUNTAIN"", ""text"": ""Mount Shasta""}, {""start"": 71, ""end"": 84, ""label"": ""MOUNTAIN"", ""text"": ""Mount Sabalan""}]",synthetic_positive_multi
train-02059,The glacier on Gasherbrum I has retreated in recent decades.,"[""The"", ""glacier"", ""on"", ""Gasherbrum"", ""I"", ""has"", ""retreated"", ""in"", ""recent"", ""decades"", "".""]","[""O"", ""O"", ""O"", ""B-MOUNTAIN"", ""I-MOUNTAIN"", ""O"", ""O"", ""O"", ""O"", ""O"", ""O""]","[{""start"": 15, ""end"": 27, ""label"": ""MOUNTAIN"", ""text"": ""Gasherbrum I""}]",synthetic_positive_single
train-02060,A helicopter circled above Mount Ararat during the rescue.,"[""A"", ""helicopter"", ""circled"", ""above"", ""Mount"", ""Ararat"", ""during"", ""the"", ""rescue"", "".""]","[""O"", ""O"", ""O"", ""O"", ""B-MOUNTAIN"", ""I-MOUNTAIN"", ""O"", ""O"", ""O"", ""O""]","[{""start"": 27, ""end"": 39, ""label"": ""MOUNTAIN"", ""text"": ""Mount Ararat""}]",synthetic_positive_single
train-02061,They began their ascent of Mount Sidley at dawn.,"[""They"", ""began"", ""their"", ""ascent"", ""of"", ""Mount"", ""Sidley"", ""at"", ""dawn"", "".""]","[""O"", ""O"", ""O"", ""O"", ""O"", ""B-MOUNTAIN"", ""I-MOUNTAIN"", ""O"", ""O"", ""O""]","[{""start"": 27, ""end"": 39, ""label"": ""MOUNTAIN"", ""text"": ""Mount Sidley""}]",synthetic_positive_single
train-02062,The mapping agency approved the valley at the airport.,"[""The"", ""mapping"", ""agency"", ""approved"", ""the"", ""valley"", ""at"", ""the"", ""airport"", "".""]","[""O"", ""O"", ""O"", ""O"", ""O"", ""O"", ""O"", ""O"", ""O"", ""O""]",[],synthetic_negative
train-02063,The climbing club translated the sensor reading at the airport.,"[""The"", ""climbing"", ""club"", ""translated"", ""the"", ""sensor"", ""reading"", ""at"", ""the"", ""airport"", "".""]","[""O"", ""O"", ""O"", ""O"", ""O"", ""O"", ""O"", ""O"", ""O"", ""O"", ""O""]",[],synthetic_negative
train-02064,A small village lies below Mount Agung.,"[""A"", ""small"", ""village"", ""lies"", ""below"", ""Mount"", ""Agung"", "".""]","[""O"", ""O"", ""O"", ""O"", ""O"", ""B-MOUNTAIN"", ""I-MOUNTAIN"", ""O""]","[{""start"": 27, ""end"": 38, ""label"": ""MOUNTAIN"", ""text"": ""Mount Agung""}]",synthetic_positive_single
train-02065,A helicopter circled above Makalu during the rescue.,"[""A"", ""helicopter"", ""circled"", ""above"", ""Makalu"", ""during"", ""the"", ""rescue"", "".""]","[""O"", ""O"", ""O"", ""O"", ""B-MOUNTAIN"", ""O"", ""O"", ""O"", ""O""]","[{""start"": 27, ""end"": 33, ""label"": ""MOUNTAIN"", ""text"": ""Makalu""}]",synthetic_positive_single
train-02066,The rescue team returned safely from Huascaran.,"[""The"", ""rescue"", ""team"", ""returned"", ""safely"", ""from"", ""Huascaran"", "".""]","[""O"", ""O"", ""O"", ""O"", ""O"", ""O"", ""B-MOUNTAIN"", ""O""]","[{""start"": 37, ""end"": 46, ""label"": ""MOUNTAIN"", ""text"": ""Huascaran""}]",synthetic_positive_single
train-02067,"From the eastern ridge, we watched the sun rise behind Vinson Massif.","[""From"", ""the"", ""eastern"", ""ridge"", "","", ""we"", ""watched"", ""the"", ""sun"", ""rise"", ""behind"", ""Vinson"", ""Massif"", "".""]","[""O"", ""O"", ""O"", ""O"", ""O"", ""O"", ""O"", ""O"", ""O"", ""O"", ""O"", ""B-MOUNTAIN"", ""I-MOUNTAIN"", ""O""]","[{""start"": 55, ""end"": 68, ""label"": ""MOUNTAIN"", ""text"": ""Vinson Massif""}]",synthetic_positive_single
train-02068,Shishapangma attracts climbers from around the world.,"[""Shishapangma"", ""attracts"", ""climbers"", ""from"", ""around"", ""the"", ""world"", "".""]","[""B-MOUNTAIN"", ""O"", ""O"", ""O"", ""O"", ""O"", ""O"", ""O""]","[{""start"": 0, ""end"": 12, ""label"": ""MOUNTAIN"", ""text"": ""Shishapangma""}]",synthetic_positive_single
train-02069,"For safety reasons, access to Jungfrau was temporarily restricted.","[""For"", ""safety"", ""reasons"", "","", ""access"", ""to"", ""Jungfrau"", ""was"", ""temporarily"", ""restricted"", "".""]","[""O"", ""O"", ""O"", ""O"", ""O"", ""O"", ""B-MOUNTAIN"", ""O"", ""O"", ""O"", ""O""]","[{""start"": 30, ""end"": 38, ""label"": ""MOUNTAIN"", ""text"": ""Jungfrau""}]",synthetic_positive_single
train-02070,Have you ever seen Pip Ivan in winter?,"[""Have"", ""you"", ""ever"", ""seen"", ""Pip"", ""Ivan"", ""in"", ""winter"", ""?""]","[""O"", ""O"", ""O"", ""O"", ""B-MOUNTAIN"", ""I-MOUNTAIN"", ""O"", ""O"", ""O""]","[{""start"": 19, ""end"": 27, ""label"": ""MOUNTAIN"", ""text"": ""Pip Ivan""}]",synthetic_positive_single
train-02071,The weather changed quickly as they approached Hoverla.,"[""The"", ""weather"", ""changed"", ""quickly"", ""as"", ""they"", ""approached"", ""Hoverla"", "".""]","[""O"", ""O"", ""O"", ""O"", ""O"", ""O"", ""O"", ""B-MOUNTAIN"", ""O""]","[{""start"": 47, ""end"": 54, ""label"": ""MOUNTAIN"", ""text"": ""Hoverla""}]",synthetic_positive_single
train-02072,A documentary crew filmed near Mount Kenya.,"[""A"", ""documentary"", ""crew"", ""filmed"", ""near"", ""Mount"", ""Kenya"", "".""]","[""O"", ""O"", ""O"", ""O"", ""O"", ""B-MOUNTAIN"", ""I-MOUNTAIN"", ""O""]","[{""start"": 31, ""end"": 42, ""label"": ""MOUNTAIN"", ""text"": ""Mount Kenya""}]",synthetic_positive_single
train-02073,A new trail provides access to Fitz Roy.,"[""A"", ""new"", ""trail"", ""provides"", ""access"", ""to"", ""Fitz"", ""Roy"", "".""]","[""O"", ""O"", ""O"", ""O"", ""O"", ""O"", ""B-MOUNTAIN"", ""I-MOUNTAIN"", ""O""]","[{""start"": 31, ""end"": 39, ""label"": ""MOUNTAIN"", ""text"": ""Fitz Roy""}]",synthetic_positive_single
train-02074,Images of Mount Robson were placed beside photographs of Brebeneskul.,"[""Images"", ""of"", ""Mount"", ""Robson"", ""were"", ""placed"", ""beside"", ""photographs"", ""of"", ""Brebeneskul"", "".""]","[""O"", ""O"", ""B-MOUNTAIN"", ""I-MOUNTAIN"", ""O"", ""O"", ""O"", ""O"", ""O"", ""B-MOUNTAIN"", ""O""]","[{""start"": 10, ""end"": 22, ""label"": ""MOUNTAIN"", ""text"": ""Mount Robson""}, {""start"": 57, ""end"": 68, ""label"": ""MOUNTAIN"", ""text"": ""Brebeneskul""}]",synthetic_positive_multi
train-02075,The travel company approved the research report at the airport.,"[""The"", ""travel"", ""company"", ""approved"", ""the"", ""research"", ""report"", ""at"", ""the"", ""airport"", "".""]","[""O"", ""O"", ""O"", ""O"", ""O"", ""O"", ""O"", ""O"", ""O"", ""O"", ""O""]",[],synthetic_negative
train-02076,The documentary follows expeditions to Mount Everest and later to Mount Mitchell.,"[""The"", ""documentary"", ""follows"", ""expeditions"", ""to"", ""Mount"", ""Everest"", ""and"", ""later"", ""to"", ""Mount"", ""Mitchell"", "".""]","[""O"", ""O"", ""O"", ""O"", ""O"", ""B-MOUNTAIN"", ""I-MOUNTAIN"", ""O"", ""O"", ""O"", ""B-MOUNTAIN"", ""I-MOUNTAIN"", ""O""]","[{""start"": 39, ""end"": 52, ""label"": ""MOUNTAIN"", ""text"": ""Mount Everest""}, {""start"": 66, ""end"": 80, ""label"": ""MOUNTAIN"", ""text"": ""Mount Mitchell""}]",synthetic_positive_multi
train-02077,"By late afternoon, shadows had covered the slopes of Mount Ruapehu.","[""By"", ""late"", ""afternoon"", "","", ""shadows"", ""had"", ""covered"", ""the"", ""slopes"", ""of"", ""Mount"", ""Ruapehu"", "".""]","[""O"", ""O"", ""O"", ""O"", ""O"", ""O"", ""O"", ""O"", ""O"", ""O"", ""B-MOUNTAIN"", ""I-MOUNTAIN"", ""O""]","[{""start"": 53, ""end"": 66, ""label"": ""MOUNTAIN"", ""text"": ""Mount Ruapehu""}]",synthetic_positive_single
train-02078,The glacier on Mount Washington has retreated in recent decades.,"[""The"", ""glacier"", ""on"", ""Mount"", ""Washington"", ""has"", ""retreated"", ""in"", ""recent"", ""decades"", "".""]","[""O"", ""O"", ""O"", ""B-MOUNTAIN"", ""I-MOUNTAIN"", ""O"", ""O"", ""O"", ""O"", ""O"", ""O""]","[{""start"": 15, ""end"": 31, ""label"": ""MOUNTAIN"", ""text"": ""Mount Washington""}]",synthetic_positive_single
train-02079,The weather changed quickly as they approached Ras Dashen.,"[""The"", ""weather"", ""changed"", ""quickly"", ""as"", ""they"", ""approached"", ""Ras"", ""Dashen"", "".""]","[""O"", ""O"", ""O"", ""O"", ""O"", ""O"", ""O"", ""B-MOUNTAIN"", ""I-MOUNTAIN"", ""O""]","[{""start"": 47, ""end"": 57, ""label"": ""MOUNTAIN"", ""text"": ""Ras Dashen""}]",synthetic_positive_single
train-02080,The glacier on Mount Hicks has retreated in recent decades.,"[""The"", ""glacier"", ""on"", ""Mount"", ""Hicks"", ""has"", ""retreated"", ""in"", ""recent"", ""decades"", "".""]","[""O"", ""O"", ""O"", ""B-MOUNTAIN"", ""I-MOUNTAIN"", ""O"", ""O"", ""O"", ""O"", ""O"", ""O""]","[{""start"": 15, ""end"": 26, ""label"": ""MOUNTAIN"", ""text"": ""Mount Hicks""}]",synthetic_positive_single
train-02081,The climbers postponed their attempt on Ojos del Salado.,"[""The"", ""climbers"", ""postponed"", ""their"", ""attempt"", ""on"", ""Ojos"", ""del"", ""Salado"", "".""]","[""O"", ""O"", ""O"", ""O"", ""O"", ""O"", ""B-MOUNTAIN"", ""I-MOUNTAIN"", ""I-MOUNTAIN"", ""O""]","[{""start"": 40, ""end"": 55, ""label"": ""MOUNTAIN"", ""text"": ""Ojos del Salado""}]",synthetic_positive_single
train-02082,Photos of Cho Oyu were displayed in the museum.,"[""Photos"", ""of"", ""Cho"", ""Oyu"", ""were"", ""displayed"", ""in"", ""the"", ""museum"", "".""]","[""O"", ""O"", ""B-MOUNTAIN"", ""I-MOUNTAIN"", ""O"", ""O"", ""O"", ""O"", ""O"", ""O""]","[{""start"": 10, ""end"": 17, ""label"": ""MOUNTAIN"", ""text"": ""Cho Oyu""}]",synthetic_positive_single
train-02083,The mapping agency printed the expedition permit after the presentation.,"[""The"", ""mapping"", ""agency"", ""printed"", ""the"", ""expedition"", ""permit"", ""after"", ""the"", ""presentation"", "".""]","[""O"", ""O"", ""O"", ""O"", ""O"", ""O"", ""O"", ""O"", ""O"", ""O"", ""O""]",[],synthetic_negative
train-02084,The university department discussed the expedition permit during the conference.,"[""The"", ""university"", ""department"", ""discussed"", ""the"", ""expedition"", ""permit"", ""during"", ""the"", ""conference"", "".""]","[""O"", ""O"", ""O"", ""O"", ""O"", ""O"", ""O"", ""O"", ""O"", ""O"", ""O""]",[],synthetic_negative
train-02085,The expedition leader approved the cliff photograph in the final report.,"[""The"", ""expedition"", ""leader"", ""approved"", ""the"", ""cliff"", ""photograph"", ""in"", ""the"", ""final"", ""report"", "".""]","[""O"", ""O"", ""O"", ""O"", ""O"", ""O"", ""O"", ""O"", ""O"", ""O"", ""O"", ""O""]",[],synthetic_negative
train-02086,The photograph shows Ben Nevis at sunrise.,"[""The"", ""photograph"", ""shows"", ""Ben"", ""Nevis"", ""at"", ""sunrise"", "".""]","[""O"", ""O"", ""O"", ""B-MOUNTAIN"", ""I-MOUNTAIN"", ""O"", ""O"", ""O""]","[{""start"": 21, ""end"": 30, ""label"": ""MOUNTAIN"", ""text"": ""Ben Nevis""}]",synthetic_positive_single
train-02087,"By late afternoon, shadows had covered the slopes of Huayna Potosi.","[""By"", ""late"", ""afternoon"", "","", ""shadows"", ""had"", ""covered"", ""the"", ""slopes"", ""of"", ""Huayna"", ""Potosi"", "".""]","[""O"", ""O"", ""O"", ""O"", ""O"", ""O"", ""O"", ""O"", ""O"", ""O"", ""B-MOUNTAIN"", ""I-MOUNTAIN"", ""O""]","[{""start"": 53, ""end"": 66, ""label"": ""MOUNTAIN"", ""text"": ""Huayna Potosi""}]",synthetic_positive_single
train-02088,"During the spring survey, scientists visited Huayna Potosi.","[""During"", ""the"", ""spring"", ""survey"", "","", ""scientists"", ""visited"", ""Huayna"", ""Potosi"", "".""]","[""O"", ""O"", ""O"", ""O"", ""O"", ""O"", ""O"", ""B-MOUNTAIN"", ""I-MOUNTAIN"", ""O""]","[{""start"": 45, ""end"": 58, ""label"": ""MOUNTAIN"", ""text"": ""Huayna Potosi""}]",synthetic_positive_single
train-02089,The climbing club published the valley during the meeting.,"[""The"", ""climbing"", ""club"", ""published"", ""the"", ""valley"", ""during"", ""the"", ""meeting"", "".""]","[""O"", ""O"", ""O"", ""O"", ""O"", ""O"", ""O"", ""O"", ""O"", ""O""]",[],synthetic_negative
train-02090,"By late afternoon, shadows had covered the slopes of Hoverla.","[""By"", ""late"", ""afternoon"", "","", ""shadows"", ""had"", ""covered"", ""the"", ""slopes"", ""of"", ""Hoverla"", "".""]","[""O"", ""O"", ""O"", ""O"", ""O"", ""O"", ""O"", ""O"", ""O"", ""O"", ""B-MOUNTAIN"", ""O""]","[{""start"": 53, ""end"": 60, ""label"": ""MOUNTAIN"", ""text"": ""Hoverla""}]",synthetic_positive_single
train-02091,She hopes to climb Mauna Kea next year.,"[""She"", ""hopes"", ""to"", ""climb"", ""Mauna"", ""Kea"", ""next"", ""year"", "".""]","[""O"", ""O"", ""O"", ""O"", ""B-MOUNTAIN"", ""I-MOUNTAIN"", ""O"", ""O"", ""O""]","[{""start"": 19, ""end"": 28, ""label"": ""MOUNTAIN"", ""text"": ""Mauna Kea""}]",synthetic_positive_single
train-02092,The documentary follows expeditions to Huascaran and later to Mount Ararat.,"[""The"", ""documentary"", ""follows"", ""expeditions"", ""to"", ""Huascaran"", ""and"", ""later"", ""to"", ""Mount"", ""Ararat"", "".""]","[""O"", ""O"", ""O"", ""O"", ""O"", ""B-MOUNTAIN"", ""O"", ""O"", ""O"", ""B-MOUNTAIN"", ""I-MOUNTAIN"", ""O""]","[{""start"": 39, ""end"": 48, ""label"": ""MOUNTAIN"", ""text"": ""Huascaran""}, {""start"": 62, ""end"": 74, ""label"": ""MOUNTAIN"", ""text"": ""Mount Ararat""}]",synthetic_positive_multi
train-02093,Weather stations near Mount Ngauruhoe and Jungfrau recorded strong winds.,"[""Weather"", ""stations"", ""near"", ""Mount"", ""Ngauruhoe"", ""and"", ""Jungfrau"", ""recorded"", ""strong"", ""winds"", "".""]","[""O"", ""O"", ""O"", ""B-MOUNTAIN"", ""I-MOUNTAIN"", ""O"", ""B-MOUNTAIN"", ""O"", ""O"", ""O"", ""O""]","[{""start"": 22, ""end"": 37, ""label"": ""MOUNTAIN"", ""text"": ""Mount Ngauruhoe""}, {""start"": 42, ""end"": 50, ""label"": ""MOUNTAIN"", ""text"": ""Jungfrau""}]",synthetic_positive_multi
train-02094,We could clearly see Fitz Roy from the valley.,"[""We"", ""could"", ""clearly"", ""see"", ""Fitz"", ""Roy"", ""from"", ""the"", ""valley"", "".""]","[""O"", ""O"", ""O"", ""O"", ""B-MOUNTAIN"", ""I-MOUNTAIN"", ""O"", ""O"", ""O"", ""O""]","[{""start"": 21, ""end"": 29, ""label"": ""MOUNTAIN"", ""text"": ""Fitz Roy""}]",synthetic_positive_single
train-02095,The glacier on Makalu has retreated in recent decades.,"[""The"", ""glacier"", ""on"", ""Makalu"", ""has"", ""retreated"", ""in"", ""recent"", ""decades"", "".""]","[""O"", ""O"", ""O"", ""B-MOUNTAIN"", ""O"", ""O"", ""O"", ""O"", ""O"", ""O""]","[{""start"": 15, ""end"": 21, ""label"": ""MOUNTAIN"", ""text"": ""Makalu""}]",synthetic_positive_single
train-02096,The university department translated the validation result before the deadline.,"[""The"", ""university"", ""department"", ""translated"", ""the"", ""validation"", ""result"", ""before"", ""the"", ""deadline"", "".""]","[""O"", ""O"", ""O"", ""O"", ""O"", ""O"", ""O"", ""O"", ""O"", ""O"", ""O""]",[],synthetic_negative
train-02097,The travel company shared the satellite image before the deadline.,"[""The"", ""travel"", ""company"", ""shared"", ""the"", ""satellite"", ""image"", ""before"", ""the"", ""deadline"", "".""]","[""O"", ""O"", ""O"", ""O"", ""O"", ""O"", ""O"", ""O"", ""O"", ""O"", ""O""]",[],synthetic_negative
train-02098,The route to Mount Elie de Beaumont was closed after the storm.,"[""The"", ""route"", ""to"", ""Mount"", ""Elie"", ""de"", ""Beaumont"", ""was"", ""closed"", ""after"", ""the"", ""storm"", "".""]","[""O"", ""O"", ""O"", ""B-MOUNTAIN"", ""I-MOUNTAIN"", ""I-MOUNTAIN"", ""I-MOUNTAIN"", ""O"", ""O"", ""O"", ""O"", ""O"", ""O""]","[{""start"": 13, ""end"": 35, ""label"": ""MOUNTAIN"", ""text"": ""Mount Elie de Beaumont""}]",synthetic_positive_single
train-02099,Weather stations near Puncak Jaya and Mount Murchison recorded strong winds.,"[""Weather"", ""stations"", ""near"", ""Puncak"", ""Jaya"", ""and"", ""Mount"", ""Murchison"", ""recorded"", ""strong"", ""winds"", "".""]","[""O"", ""O"", ""O"", ""B-MOUNTAIN"", ""I-MOUNTAIN"", ""O"", ""B-MOUNTAIN"", ""I-MOUNTAIN"", ""O"", ""O"", ""O"", ""O""]","[{""start"": 22, ""end"": 33, ""label"": ""MOUNTAIN"", ""text"": ""Puncak Jaya""}, {""start"": 38, ""end"": 53, ""label"": ""MOUNTAIN"", ""text"": ""Mount Murchison""}]",synthetic_positive_multi
train-02100,An avalanche warning was issued for the area around Gasherbrum I.,"[""An"", ""avalanche"", ""warning"", ""was"", ""issued"", ""for"", ""the"", ""area"", ""around"", ""Gasherbrum"", ""I"", "".""]","[""O"", ""O"", ""O"", ""O"", ""O"", ""O"", ""O"", ""O"", ""O"", ""B-MOUNTAIN"", ""I-MOUNTAIN"", ""O""]","[{""start"": 52, ""end"": 64, ""label"": ""MOUNTAIN"", ""text"": ""Gasherbrum I""}]",synthetic_positive_single
train-02101,The lecture included a case study about Mount Sidley.,"[""The"", ""lecture"", ""included"", ""a"", ""case"", ""study"", ""about"", ""Mount"", ""Sidley"", "".""]","[""O"", ""O"", ""O"", ""O"", ""O"", ""O"", ""O"", ""B-MOUNTAIN"", ""I-MOUNTAIN"", ""O""]","[{""start"": 40, ""end"": 52, ""label"": ""MOUNTAIN"", ""text"": ""Mount Sidley""}]",synthetic_positive_single
train-02102,A helicopter circled above Pip Ivan during the rescue.,"[""A"", ""helicopter"", ""circled"", ""above"", ""Pip"", ""Ivan"", ""during"", ""the"", ""rescue"", "".""]","[""O"", ""O"", ""O"", ""O"", ""B-MOUNTAIN"", ""I-MOUNTAIN"", ""O"", ""O"", ""O"", ""O""]","[{""start"": 27, ""end"": 35, ""label"": ""MOUNTAIN"", ""text"": ""Pip Ivan""}]",synthetic_positive_single
train-02103,The expedition leader updated the satellite image at the office.,"[""The"", ""expedition"", ""leader"", ""updated"", ""the"", ""satellite"", ""image"", ""at"", ""the"", ""office"", "".""]","[""O"", ""O"", ""O"", ""O"", ""O"", ""O"", ""O"", ""O"", ""O"", ""O"", ""O""]",[],synthetic_negative
train-02104,The expedition reached the summit of Shishapangma before noon.,"[""The"", ""expedition"", ""reached"", ""the"", ""summit"", ""of"", ""Shishapangma"", ""before"", ""noon"", "".""]","[""O"", ""O"", ""O"", ""O"", ""O"", ""O"", ""B-MOUNTAIN"", ""O"", ""O"", ""O""]","[{""start"": 37, ""end"": 49, ""label"": ""MOUNTAIN"", ""text"": ""Shishapangma""}]",synthetic_positive_single
train-02105,Have you ever seen Cho Oyu in winter?,"[""Have"", ""you"", ""ever"", ""seen"", ""Cho"", ""Oyu"", ""in"", ""winter"", ""?""]","[""O"", ""O"", ""O"", ""O"", ""B-MOUNTAIN"", ""I-MOUNTAIN"", ""O"", ""O"", ""O""]","[{""start"": 19, ""end"": 26, ""label"": ""MOUNTAIN"", ""text"": ""Cho Oyu""}]",synthetic_positive_single
train-02106,"Yesterday, Mount Hunter was barely visible through the mist.","[""Yesterday"", "","", ""Mount"", ""Hunter"", ""was"", ""barely"", ""visible"", ""through"", ""the"", ""mist"", "".""]","[""O"", ""O"", ""B-MOUNTAIN"", ""I-MOUNTAIN"", ""O"", ""O"", ""O"", ""O"", ""O"", ""O"", ""O""]","[{""start"": 11, ""end"": 23, ""label"": ""MOUNTAIN"", ""text"": ""Mount Hunter""}]",synthetic_positive_single
train-02107,We could clearly see Mount Kenya from the valley.,"[""We"", ""could"", ""clearly"", ""see"", ""Mount"", ""Kenya"", ""from"", ""the"", ""valley"", "".""]","[""O"", ""O"", ""O"", ""O"", ""B-MOUNTAIN"", ""I-MOUNTAIN"", ""O"", ""O"", ""O"", ""O""]","[{""start"": 21, ""end"": 32, ""label"": ""MOUNTAIN"", ""text"": ""Mount Kenya""}]",synthetic_positive_single
train-02108,The tourist group printed the schedule before lunch.,"[""The"", ""tourist"", ""group"", ""printed"", ""the"", ""schedule"", ""before"", ""lunch"", "".""]","[""O"", ""O"", ""O"", ""O"", ""O"", ""O"", ""O"", ""O"", ""O""]",[],synthetic_negative
train-02109,The research team checked the training notebook in the laboratory.,"[""The"", ""research"", ""team"", ""checked"", ""the"", ""training"", ""notebook"", ""in"", ""the"", ""laboratory"", "".""]","[""O"", ""O"", ""O"", ""O"", ""O"", ""O"", ""O"", ""O"", ""O"", ""O"", ""O""]",[],synthetic_negative
train-02110,They began their ascent of Mount Taranaki at dawn.,"[""They"", ""began"", ""their"", ""ascent"", ""of"", ""Mount"", ""Taranaki"", ""at"", ""dawn"", "".""]","[""O"", ""O"", ""O"", ""O"", ""O"", ""B-MOUNTAIN"", ""I-MOUNTAIN"", ""O"", ""O"", ""O""]","[{""start"": 27, ""end"": 41, ""label"": ""MOUNTAIN"", ""text"": ""Mount Taranaki""}]",synthetic_positive_single
train-02111,"After weeks of preparation, the group departed for Mount Bona.","[""After"", ""weeks"", ""of"", ""preparation"", "","", ""the"", ""group"", ""departed"", ""for"", ""Mount"", ""Bona"", "".""]","[""O"", ""O"", ""O"", ""O"", ""O"", ""O"", ""O"", ""O"", ""O"", ""B-MOUNTAIN"", ""I-MOUNTAIN"", ""O""]","[{""start"": 51, ""end"": 61, ""label"": ""MOUNTAIN"", ""text"": ""Mount Bona""}]",synthetic_positive_single
train-02112,The mapping agency discussed the forest trail in the laboratory.,"[""The"", ""mapping"", ""agency"", ""discussed"", ""the"", ""forest"", ""trail"", ""in"", ""the"", ""laboratory"", "".""]","[""O"", ""O"", ""O"", ""O"", ""O"", ""O"", ""O"", ""O"", ""O"", ""O"", ""O""]",[],synthetic_negative
train-02113,The article compares climbing conditions on Mount Lendenfeld with those on Mount Cameroon.,"[""The"", ""article"", ""compares"", ""climbing"", ""conditions"", ""on"", ""Mount"", ""Lendenfeld"", ""with"", ""those"", ""on"", ""Mount"", ""Cameroon"", "".""]","[""O"", ""O"", ""O"", ""O"", ""O"", ""O"", ""B-MOUNTAIN"", ""I-MOUNTAIN"", ""O"", ""O"", ""O"", ""B-MOUNTAIN"", ""I-MOUNTAIN"", ""O""]","[{""start"": 44, ""end"": 60, ""label"": ""MOUNTAIN"", ""text"": ""Mount Lendenfeld""}, {""start"": 75, ""end"": 89, ""label"": ""MOUNTAIN"", ""text"": ""Mount Cameroon""}]",synthetic_positive_multi
train-02114,The weather service updated the satellite image at the office.,"[""The"", ""weather"", ""service"", ""updated"", ""the"", ""satellite"", ""image"", ""at"", ""the"", ""office"", "".""]","[""O"", ""O"", ""O"", ""O"", ""O"", ""O"", ""O"", ""O"", ""O"", ""O"", ""O""]",[],synthetic_negative
train-02115,"In the final chapter, the author describes an ascent of Mount Whitney.","[""In"", ""the"", ""final"", ""chapter"", "","", ""the"", ""author"", ""describes"", ""an"", ""ascent"", ""of"", ""Mount"", ""Whitney"", "".""]","[""O"", ""O"", ""O"", ""O"", ""O"", ""O"", ""O"", ""O"", ""O"", ""O"", ""O"", ""B-MOUNTAIN"", ""I-MOUNTAIN"", ""O""]","[{""start"": 56, ""end"": 69, ""label"": ""MOUNTAIN"", ""text"": ""Mount Whitney""}]",synthetic_positive_single
train-02116,Researchers installed weather sensors on Ol Doinyo Lengai.,"[""Researchers"", ""installed"", ""weather"", ""sensors"", ""on"", ""Ol"", ""Doinyo"", ""Lengai"", "".""]","[""O"", ""O"", ""O"", ""O"", ""O"", ""B-MOUNTAIN"", ""I-MOUNTAIN"", ""I-MOUNTAIN"", ""O""]","[{""start"": 41, ""end"": 57, ""label"": ""MOUNTAIN"", ""text"": ""Ol Doinyo Lengai""}]",synthetic_positive_single
train-02117,A new trail provides access to Denali.,"[""A"", ""new"", ""trail"", ""provides"", ""access"", ""to"", ""Denali"", "".""]","[""O"", ""O"", ""O"", ""O"", ""O"", ""O"", ""B-MOUNTAIN"", ""O""]","[{""start"": 31, ""end"": 37, ""label"": ""MOUNTAIN"", ""text"": ""Denali""}]",synthetic_positive_single
train-02118,The local council shared the algorithm before lunch.,"[""The"", ""local"", ""council"", ""shared"", ""the"", ""algorithm"", ""before"", ""lunch"", "".""]","[""O"", ""O"", ""O"", ""O"", ""O"", ""O"", ""O"", ""O"", ""O""]",[],synthetic_negative
train-02119,The tourist group discussed the aircraft during the conference.,"[""The"", ""tourist"", ""group"", ""discussed"", ""the"", ""aircraft"", ""during"", ""the"", ""conference"", "".""]","[""O"", ""O"", ""O"", ""O"", ""O"", ""O"", ""O"", ""O"", ""O"", ""O""]",[],synthetic_negative
train-02120,The university department checked the research report at the office.,"[""The"", ""university"", ""department"", ""checked"", ""the"", ""research"", ""report"", ""at"", ""the"", ""office"", "".""]","[""O"", ""O"", ""O"", ""O"", ""O"", ""O"", ""O"", ""O"", ""O"", ""O"", ""O""]",[],synthetic_negative
train-02121,The film crew compared the research report at the airport.,"[""The"", ""film"", ""crew"", ""compared"", ""the"", ""research"", ""report"", ""at"", ""the"", ""airport"", "".""]","[""O"", ""O"", ""O"", ""O"", ""O"", ""O"", ""O"", ""O"", ""O"", ""O"", ""O""]",[],synthetic_negative
train-02122,The tourist group approved the sales peak during the conference.,"[""The"", ""tourist"", ""group"", ""approved"", ""the"", ""sales"", ""peak"", ""during"", ""the"", ""conference"", "".""]","[""O"", ""O"", ""O"", ""O"", ""O"", ""O"", ""O"", ""O"", ""O"", ""O"", ""O""]",[],synthetic_negative
train-02123,Mount Aso and Machapuchare were both visible from the aircraft.,"[""Mount"", ""Aso"", ""and"", ""Machapuchare"", ""were"", ""both"", ""visible"", ""from"", ""the"", ""aircraft"", "".""]","[""B-MOUNTAIN"", ""I-MOUNTAIN"", ""O"", ""B-MOUNTAIN"", ""O"", ""O"", ""O"", ""O"", ""O"", ""O"", ""O""]","[{""start"": 0, ""end"": 9, ""label"": ""MOUNTAIN"", ""text"": ""Mount Aso""}, {""start"": 14, ""end"": 26, ""label"": ""MOUNTAIN"", ""text"": ""Machapuchare""}]",synthetic_positive_multi
train-02124,A documentary crew filmed near Mount Kinabalu.,"[""A"", ""documentary"", ""crew"", ""filmed"", ""near"", ""Mount"", ""Kinabalu"", "".""]","[""O"", ""O"", ""O"", ""O"", ""O"", ""B-MOUNTAIN"", ""I-MOUNTAIN"", ""O""]","[{""start"": 31, ""end"": 45, ""label"": ""MOUNTAIN"", ""text"": ""Mount Kinabalu""}]",synthetic_positive_single
train-02125,The tourist group reviewed the schedule in the final report.,"[""The"", ""tourist"", ""group"", ""reviewed"", ""the"", ""schedule"", ""in"", ""the"", ""final"", ""report"", "".""]","[""O"", ""O"", ""O"", ""O"", ""O"", ""O"", ""O"", ""O"", ""O"", ""O"", ""O""]",[],synthetic_negative
train-02126,A documentary crew filmed near Broad Peak.,"[""A"", ""documentary"", ""crew"", ""filmed"", ""near"", ""Broad"", ""Peak"", "".""]","[""O"", ""O"", ""O"", ""O"", ""O"", ""B-MOUNTAIN"", ""I-MOUNTAIN"", ""O""]","[{""start"": 31, ""end"": 41, ""label"": ""MOUNTAIN"", ""text"": ""Broad Peak""}]",synthetic_positive_single
train-02127,The climbing club checked the product range during the meeting.,"[""The"", ""climbing"", ""club"", ""checked"", ""the"", ""product"", ""range"", ""during"", ""the"", ""meeting"", "".""]","[""O"", ""O"", ""O"", ""O"", ""O"", ""O"", ""O"", ""O"", ""O"", ""O"", ""O""]",[],synthetic_negative
train-02128,She hopes to climb Makalu next year.,"[""She"", ""hopes"", ""to"", ""climb"", ""Makalu"", ""next"", ""year"", "".""]","[""O"", ""O"", ""O"", ""O"", ""B-MOUNTAIN"", ""O"", ""O"", ""O""]","[{""start"": 19, ""end"": 25, ""label"": ""MOUNTAIN"", ""text"": ""Makalu""}]",synthetic_positive_single
train-02129,The map labels both Mount Assiniboine and Alpamayo.,"[""The"", ""map"", ""labels"", ""both"", ""Mount"", ""Assiniboine"", ""and"", ""Alpamayo"", "".""]","[""O"", ""O"", ""O"", ""O"", ""B-MOUNTAIN"", ""I-MOUNTAIN"", ""O"", ""B-MOUNTAIN"", ""O""]","[{""start"": 20, ""end"": 37, ""label"": ""MOUNTAIN"", ""text"": ""Mount Assiniboine""}, {""start"": 42, ""end"": 50, ""label"": ""MOUNTAIN"", ""text"": ""Alpamayo""}]",synthetic_positive_multi
train-02130,Local guides described conditions on Mount Bona as difficult.,"[""Local"", ""guides"", ""described"", ""conditions"", ""on"", ""Mount"", ""Bona"", ""as"", ""difficult"", "".""]","[""O"", ""O"", ""O"", ""O"", ""O"", ""B-MOUNTAIN"", ""I-MOUNTAIN"", ""O"", ""O"", ""O""]","[{""start"": 37, ""end"": 47, ""label"": ""MOUNTAIN"", ""text"": ""Mount Bona""}]",synthetic_positive_single
train-02131,Photos of Mount Hicks were displayed in the museum.,"[""Photos"", ""of"", ""Mount"", ""Hicks"", ""were"", ""displayed"", ""in"", ""the"", ""museum"", "".""]","[""O"", ""O"", ""B-MOUNTAIN"", ""I-MOUNTAIN"", ""O"", ""O"", ""O"", ""O"", ""O"", ""O""]","[{""start"": 10, ""end"": 21, ""label"": ""MOUNTAIN"", ""text"": ""Mount Hicks""}]",synthetic_positive_single
train-02132,Snow remained on the upper slopes of Mount Washington.,"[""Snow"", ""remained"", ""on"", ""the"", ""upper"", ""slopes"", ""of"", ""Mount"", ""Washington"", "".""]","[""O"", ""O"", ""O"", ""O"", ""O"", ""O"", ""O"", ""B-MOUNTAIN"", ""I-MOUNTAIN"", ""O""]","[{""start"": 37, ""end"": 53, ""label"": ""MOUNTAIN"", ""text"": ""Mount Washington""}]",synthetic_positive_single
train-02133,The article compares climbing conditions on Mount Shasta with those on Table Mountain.,"[""The"", ""article"", ""compares"", ""climbing"", ""conditions"", ""on"", ""Mount"", ""Shasta"", ""with"", ""those"", ""on"", ""Table"", ""Mountain"", "".""]","[""O"", ""O"", ""O"", ""O"", ""O"", ""O"", ""B-MOUNTAIN"", ""I-MOUNTAIN"", ""O"", ""O"", ""O"", ""B-MOUNTAIN"", ""I-MOUNTAIN"", ""O""]","[{""start"": 44, ""end"": 56, ""label"": ""MOUNTAIN"", ""text"": ""Mount Shasta""}, {""start"": 71, ""end"": 85, ""label"": ""MOUNTAIN"", ""text"": ""Table Mountain""}]",synthetic_positive_multi
train-02134,The expedition leader published the ridge map during the meeting.,"[""The"", ""expedition"", ""leader"", ""published"", ""the"", ""ridge"", ""map"", ""during"", ""the"", ""meeting"", "".""]","[""O"", ""O"", ""O"", ""O"", ""O"", ""O"", ""O"", ""O"", ""O"", ""O"", ""O""]",[],synthetic_negative
train-02135,The museum curator archived the camera during the conference.,"[""The"", ""museum"", ""curator"", ""archived"", ""the"", ""camera"", ""during"", ""the"", ""conference"", "".""]","[""O"", ""O"", ""O"", ""O"", ""O"", ""O"", ""O"", ""O"", ""O"", ""O""]",[],synthetic_negative
train-02136,The research team approved the sales peak before lunch.,"[""The"", ""research"", ""team"", ""approved"", ""the"", ""sales"", ""peak"", ""before"", ""lunch"", "".""]","[""O"", ""O"", ""O"", ""O"", ""O"", ""O"", ""O"", ""O"", ""O"", ""O""]",[],synthetic_negative
train-02137,The team measured snow depth on Puncak Jaya.,"[""The"", ""team"", ""measured"", ""snow"", ""depth"", ""on"", ""Puncak"", ""Jaya"", "".""]","[""O"", ""O"", ""O"", ""O"", ""O"", ""O"", ""B-MOUNTAIN"", ""I-MOUNTAIN"", ""O""]","[{""start"": 32, ""end"": 43, ""label"": ""MOUNTAIN"", ""text"": ""Puncak Jaya""}]",synthetic_positive_single
train-02138,The research team discussed the satellite image after the presentation.,"[""The"", ""research"", ""team"", ""discussed"", ""the"", ""satellite"", ""image"", ""after"", ""the"", ""presentation"", "".""]","[""O"", ""O"", ""O"", ""O"", ""O"", ""O"", ""O"", ""O"", ""O"", ""O"", ""O""]",[],synthetic_negative
train-02139,The expedition leader checked the research report during the meeting.,"[""The"", ""expedition"", ""leader"", ""checked"", ""the"", ""research"", ""report"", ""during"", ""the"", ""meeting"", "".""]","[""O"", ""O"", ""O"", ""O"", ""O"", ""O"", ""O"", ""O"", ""O"", ""O"", ""O""]",[],synthetic_negative
train-02140,The lecture included a case study about Mount Vesuvius.,"[""The"", ""lecture"", ""included"", ""a"", ""case"", ""study"", ""about"", ""Mount"", ""Vesuvius"", "".""]","[""O"", ""O"", ""O"", ""O"", ""O"", ""O"", ""O"", ""B-MOUNTAIN"", ""I-MOUNTAIN"", ""O""]","[{""start"": 40, ""end"": 54, ""label"": ""MOUNTAIN"", ""text"": ""Mount Vesuvius""}]",synthetic_positive_single
train-02141,The rescue team returned safely from Mount Bona.,"[""The"", ""rescue"", ""team"", ""returned"", ""safely"", ""from"", ""Mount"", ""Bona"", "".""]","[""O"", ""O"", ""O"", ""O"", ""O"", ""O"", ""B-MOUNTAIN"", ""I-MOUNTAIN"", ""O""]","[{""start"": 37, ""end"": 47, ""label"": ""MOUNTAIN"", ""text"": ""Mount Bona""}]",synthetic_positive_single
train-02142,The weather service printed the training notebook on Monday.,"[""The"", ""weather"", ""service"", ""printed"", ""the"", ""training"", ""notebook"", ""on"", ""Monday"", "".""]","[""O"", ""O"", ""O"", ""O"", ""O"", ""O"", ""O"", ""O"", ""O"", ""O""]",[],synthetic_negative
train-02143,The base camp below Mount Fuji was moved to safer ground.,"[""The"", ""base"", ""camp"", ""below"", ""Mount"", ""Fuji"", ""was"", ""moved"", ""to"", ""safer"", ""ground"", "".""]","[""O"", ""O"", ""O"", ""O"", ""B-MOUNTAIN"", ""I-MOUNTAIN"", ""O"", ""O"", ""O"", ""O"", ""O"", ""O""]","[{""start"": 20, ""end"": 30, ""label"": ""MOUNTAIN"", ""text"": ""Mount Fuji""}]",synthetic_positive_single
train-02144,The photograph shows Mount Blackburn at sunrise.,"[""The"", ""photograph"", ""shows"", ""Mount"", ""Blackburn"", ""at"", ""sunrise"", "".""]","[""O"", ""O"", ""O"", ""B-MOUNTAIN"", ""I-MOUNTAIN"", ""O"", ""O"", ""O""]","[{""start"": 21, ""end"": 36, ""label"": ""MOUNTAIN"", ""text"": ""Mount Blackburn""}]",synthetic_positive_single
train-02145,The weather service translated the ridge map on Monday.,"[""The"", ""weather"", ""service"", ""translated"", ""the"", ""ridge"", ""map"", ""on"", ""Monday"", "".""]","[""O"", ""O"", ""O"", ""O"", ""O"", ""O"", ""O"", ""O"", ""O"", ""O""]",[],synthetic_negative
train-02146,"After weeks of preparation, the group departed for Mount Tate.","[""After"", ""weeks"", ""of"", ""preparation"", "","", ""the"", ""group"", ""departed"", ""for"", ""Mount"", ""Tate"", "".""]","[""O"", ""O"", ""O"", ""O"", ""O"", ""O"", ""O"", ""O"", ""O"", ""B-MOUNTAIN"", ""I-MOUNTAIN"", ""O""]","[{""start"": 51, ""end"": 61, ""label"": ""MOUNTAIN"", ""text"": ""Mount Tate""}]",synthetic_positive_single
train-02147,The travel company approved the weather forecast at the airport.,"[""The"", ""travel"", ""company"", ""approved"", ""the"", ""weather"", ""forecast"", ""at"", ""the"", ""airport"", "".""]","[""O"", ""O"", ""O"", ""O"", ""O"", ""O"", ""O"", ""O"", ""O"", ""O"", ""O""]",[],synthetic_negative
train-02148,The mapping agency checked the route during the meeting.,"[""The"", ""mapping"", ""agency"", ""checked"", ""the"", ""route"", ""during"", ""the"", ""meeting"", "".""]","[""O"", ""O"", ""O"", ""O"", ""O"", ""O"", ""O"", ""O"", ""O"", ""O""]",[],synthetic_negative
train-02149,The mapping agency approved the research report after the presentation.,"[""The"", ""mapping"", ""agency"", ""approved"", ""the"", ""research"", ""report"", ""after"", ""the"", ""presentation"", "".""]","[""O"", ""O"", ""O"", ""O"", ""O"", ""O"", ""O"", ""O"", ""O"", ""O"", ""O""]",[],synthetic_negative
train-02150,An avalanche warning was issued for the area around Mount Kosciuszko.,"[""An"", ""avalanche"", ""warning"", ""was"", ""issued"", ""for"", ""the"", ""area"", ""around"", ""Mount"", ""Kosciuszko"", "".""]","[""O"", ""O"", ""O"", ""O"", ""O"", ""O"", ""O"", ""O"", ""O"", ""B-MOUNTAIN"", ""I-MOUNTAIN"", ""O""]","[{""start"": 52, ""end"": 68, ""label"": ""MOUNTAIN"", ""text"": ""Mount Kosciuszko""}]",synthetic_positive_single
train-02151,Heavy clouds covered Jebel Toubkal throughout the morning.,"[""Heavy"", ""clouds"", ""covered"", ""Jebel"", ""Toubkal"", ""throughout"", ""the"", ""morning"", "".""]","[""O"", ""O"", ""O"", ""B-MOUNTAIN"", ""I-MOUNTAIN"", ""O"", ""O"", ""O"", ""O""]","[{""start"": 21, ""end"": 34, ""label"": ""MOUNTAIN"", ""text"": ""Jebel Toubkal""}]",synthetic_positive_single
train-02152,"Despite the forecast, the climbers continued toward Mount Augusta.","[""Despite"", ""the"", ""forecast"", "","", ""the"", ""climbers"", ""continued"", ""toward"", ""Mount"", ""Augusta"", "".""]","[""O"", ""O"", ""O"", ""O"", ""O"", ""O"", ""O"", ""O"", ""B-MOUNTAIN"", ""I-MOUNTAIN"", ""O""]","[{""start"": 52, ""end"": 65, ""label"": ""MOUNTAIN"", ""text"": ""Mount Augusta""}]",synthetic_positive_single
train-02153,The rescue team returned safely from Mount Kinabalu.,"[""The"", ""rescue"", ""team"", ""returned"", ""safely"", ""from"", ""Mount"", ""Kinabalu"", "".""]","[""O"", ""O"", ""O"", ""O"", ""O"", ""O"", ""B-MOUNTAIN"", ""I-MOUNTAIN"", ""O""]","[{""start"": 37, ""end"": 51, ""label"": ""MOUNTAIN"", ""text"": ""Mount Kinabalu""}]",synthetic_positive_single
train-02154,Have you ever seen Mount Ararat in winter?,"[""Have"", ""you"", ""ever"", ""seen"", ""Mount"", ""Ararat"", ""in"", ""winter"", ""?""]","[""O"", ""O"", ""O"", ""O"", ""B-MOUNTAIN"", ""I-MOUNTAIN"", ""O"", ""O"", ""O""]","[{""start"": 19, ""end"": 31, ""label"": ""MOUNTAIN"", ""text"": ""Mount Ararat""}]",synthetic_positive_single
train-02155,The local council shared the budget before the deadline.,"[""The"", ""local"", ""council"", ""shared"", ""the"", ""budget"", ""before"", ""the"", ""deadline"", "".""]","[""O"", ""O"", ""O"", ""O"", ""O"", ""O"", ""O"", ""O"", ""O"", ""O""]",[],synthetic_negative
train-02156,The museum curator printed the schedule during the meeting.,"[""The"", ""museum"", ""curator"", ""printed"", ""the"", ""schedule"", ""during"", ""the"", ""meeting"", "".""]","[""O"", ""O"", ""O"", ""O"", ""O"", ""O"", ""O"", ""O"", ""O"", ""O""]",[],synthetic_negative
train-02157,The local council published the research report after the presentation.,"[""The"", ""local"", ""council"", ""published"", ""the"", ""research"", ""report"", ""after"", ""the"", ""presentation"", "".""]","[""O"", ""O"", ""O"", ""O"", ""O"", ""O"", ""O"", ""O"", ""O"", ""O"", ""O""]",[],synthetic_negative
train-02158,The mapping agency reviewed the sensor reading during the conference.,"[""The"", ""mapping"", ""agency"", ""reviewed"", ""the"", ""sensor"", ""reading"", ""during"", ""the"", ""conference"", "".""]","[""O"", ""O"", ""O"", ""O"", ""O"", ""O"", ""O"", ""O"", ""O"", ""O"", ""O""]",[],synthetic_negative
train-02159,The travel company printed the camera before lunch.,"[""The"", ""travel"", ""company"", ""printed"", ""the"", ""camera"", ""before"", ""lunch"", "".""]","[""O"", ""O"", ""O"", ""O"", ""O"", ""O"", ""O"", ""O"", ""O""]",[],synthetic_negative
train-02160,Heavy clouds covered Mount Adams throughout the morning.,"[""Heavy"", ""clouds"", ""covered"", ""Mount"", ""Adams"", ""throughout"", ""the"", ""morning"", "".""]","[""O"", ""O"", ""O"", ""B-MOUNTAIN"", ""I-MOUNTAIN"", ""O"", ""O"", ""O"", ""O""]","[{""start"": 21, ""end"": 32, ""label"": ""MOUNTAIN"", ""text"": ""Mount Adams""}]",synthetic_positive_single
train-02161,The guide warned us not to underestimate Mount Hicks.,"[""The"", ""guide"", ""warned"", ""us"", ""not"", ""to"", ""underestimate"", ""Mount"", ""Hicks"", "".""]","[""O"", ""O"", ""O"", ""O"", ""O"", ""O"", ""O"", ""B-MOUNTAIN"", ""I-MOUNTAIN"", ""O""]","[{""start"": 41, ""end"": 52, ""label"": ""MOUNTAIN"", ""text"": ""Mount Hicks""}]",synthetic_positive_single
train-02162,Researchers installed weather sensors on Mount Cameroon.,"[""Researchers"", ""installed"", ""weather"", ""sensors"", ""on"", ""Mount"", ""Cameroon"", "".""]","[""O"", ""O"", ""O"", ""O"", ""O"", ""B-MOUNTAIN"", ""I-MOUNTAIN"", ""O""]","[{""start"": 41, ""end"": 55, ""label"": ""MOUNTAIN"", ""text"": ""Mount Cameroon""}]",synthetic_positive_single
train-02163,"In the final chapter, the author describes an ascent of Petros.","[""In"", ""the"", ""final"", ""chapter"", "","", ""the"", ""author"", ""describes"", ""an"", ""ascent"", ""of"", ""Petros"", "".""]","[""O"", ""O"", ""O"", ""O"", ""O"", ""O"", ""O"", ""O"", ""O"", ""O"", ""O"", ""B-MOUNTAIN"", ""O""]","[{""start"": 56, ""end"": 62, ""label"": ""MOUNTAIN"", ""text"": ""Petros""}]",synthetic_positive_single
train-02164,Weather stations near Mount Semeru and Mount Ngauruhoe recorded strong winds.,"[""Weather"", ""stations"", ""near"", ""Mount"", ""Semeru"", ""and"", ""Mount"", ""Ngauruhoe"", ""recorded"", ""strong"", ""winds"", "".""]","[""O"", ""O"", ""O"", ""B-MOUNTAIN"", ""I-MOUNTAIN"", ""O"", ""B-MOUNTAIN"", ""I-MOUNTAIN"", ""O"", ""O"", ""O"", ""O""]","[{""start"": 22, ""end"": 34, ""label"": ""MOUNTAIN"", ""text"": ""Mount Semeru""}, {""start"": 39, ""end"": 54, ""label"": ""MOUNTAIN"", ""text"": ""Mount Ngauruhoe""}]",synthetic_positive_multi
train-02165,The university department updated the sales peak in the final report.,"[""The"", ""university"", ""department"", ""updated"", ""the"", ""sales"", ""peak"", ""in"", ""the"", ""final"", ""report"", "".""]","[""O"", ""O"", ""O"", ""O"", ""O"", ""O"", ""O"", ""O"", ""O"", ""O"", ""O"", ""O""]",[],synthetic_negative
train-02166,The lecture included a case study about Mount Baker.,"[""The"", ""lecture"", ""included"", ""a"", ""case"", ""study"", ""about"", ""Mount"", ""Baker"", "".""]","[""O"", ""O"", ""O"", ""O"", ""O"", ""O"", ""O"", ""B-MOUNTAIN"", ""I-MOUNTAIN"", ""O""]","[{""start"": 40, ""end"": 51, ""label"": ""MOUNTAIN"", ""text"": ""Mount Baker""}]",synthetic_positive_single
train-02167,The tourist group archived the glacier report before lunch.,"[""The"", ""tourist"", ""group"", ""archived"", ""the"", ""glacier"", ""report"", ""before"", ""lunch"", "".""]","[""O"", ""O"", ""O"", ""O"", ""O"", ""O"", ""O"", ""O"", ""O"", ""O""]",[],synthetic_negative
train-02168,Weather stations near Monte Rosa and Cotopaxi recorded strong winds.,"[""Weather"", ""stations"", ""near"", ""Monte"", ""Rosa"", ""and"", ""Cotopaxi"", ""recorded"", ""strong"", ""winds"", "".""]","[""O"", ""O"", ""O"", ""B-MOUNTAIN"", ""I-MOUNTAIN"", ""O"", ""B-MOUNTAIN"", ""O"", ""O"", ""O"", ""O""]","[{""start"": 22, ""end"": 32, ""label"": ""MOUNTAIN"", ""text"": ""Monte Rosa""}, {""start"": 37, ""end"": 45, ""label"": ""MOUNTAIN"", ""text"": ""Cotopaxi""}]",synthetic_positive_multi
train-02169,The climber bought a new North Face jacket.,"[""The"", ""climber"", ""bought"", ""a"", ""new"", ""North"", ""Face"", ""jacket"", "".""]","[""O"", ""O"", ""O"", ""O"", ""O"", ""O"", ""O"", ""O"", ""O""]",[],synthetic_hard_negative
train-02170,Local guides described conditions on Sajama as difficult.,"[""Local"", ""guides"", ""described"", ""conditions"", ""on"", ""Sajama"", ""as"", ""difficult"", "".""]","[""O"", ""O"", ""O"", ""O"", ""O"", ""B-MOUNTAIN"", ""O"", ""O"", ""O""]","[{""start"": 37, ""end"": 43, ""label"": ""MOUNTAIN"", ""text"": ""Sajama""}]",synthetic_positive_single
train-02171,"After weeks of preparation, the group departed for Mount Nyiragongo.","[""After"", ""weeks"", ""of"", ""preparation"", "","", ""the"", ""group"", ""departed"", ""for"", ""Mount"", ""Nyiragongo"", "".""]","[""O"", ""O"", ""O"", ""O"", ""O"", ""O"", ""O"", ""O"", ""O"", ""B-MOUNTAIN"", ""I-MOUNTAIN"", ""O""]","[{""start"": 51, ""end"": 67, ""label"": ""MOUNTAIN"", ""text"": ""Mount Nyiragongo""}]",synthetic_positive_single
train-02172,Researchers installed weather sensors on Cotopaxi.,"[""Researchers"", ""installed"", ""weather"", ""sensors"", ""on"", ""Cotopaxi"", "".""]","[""O"", ""O"", ""O"", ""O"", ""O"", ""B-MOUNTAIN"", ""O""]","[{""start"": 41, ""end"": 49, ""label"": ""MOUNTAIN"", ""text"": ""Cotopaxi""}]",synthetic_positive_single
train-02173,The tourist group printed the conference program at the airport.,"[""The"", ""tourist"", ""group"", ""printed"", ""the"", ""conference"", ""program"", ""at"", ""the"", ""airport"", "".""]","[""O"", ""O"", ""O"", ""O"", ""O"", ""O"", ""O"", ""O"", ""O"", ""O"", ""O""]",[],synthetic_negative
train-02174,Photos of Mount Elbrus were displayed in the museum.,"[""Photos"", ""of"", ""Mount"", ""Elbrus"", ""were"", ""displayed"", ""in"", ""the"", ""museum"", "".""]","[""O"", ""O"", ""B-MOUNTAIN"", ""I-MOUNTAIN"", ""O"", ""O"", ""O"", ""O"", ""O"", ""O""]","[{""start"": 10, ""end"": 22, ""label"": ""MOUNTAIN"", ""text"": ""Mount Elbrus""}]",synthetic_positive_single
train-02175,The travel company discussed the weather forecast before lunch.,"[""The"", ""travel"", ""company"", ""discussed"", ""the"", ""weather"", ""forecast"", ""before"", ""lunch"", "".""]","[""O"", ""O"", ""O"", ""O"", ""O"", ""O"", ""O"", ""O"", ""O"", ""O""]",[],synthetic_negative
train-02176,A small village lies below Mount Saint Elias.,"[""A"", ""small"", ""village"", ""lies"", ""below"", ""Mount"", ""Saint"", ""Elias"", "".""]","[""O"", ""O"", ""O"", ""O"", ""O"", ""B-MOUNTAIN"", ""I-MOUNTAIN"", ""I-MOUNTAIN"", ""O""]","[{""start"": 27, ""end"": 44, ""label"": ""MOUNTAIN"", ""text"": ""Mount Saint Elias""}]",synthetic_positive_single
train-02177,"Despite the forecast, the climbers continued toward Mount Hubbard.","[""Despite"", ""the"", ""forecast"", "","", ""the"", ""climbers"", ""continued"", ""toward"", ""Mount"", ""Hubbard"", "".""]","[""O"", ""O"", ""O"", ""O"", ""O"", ""O"", ""O"", ""O"", ""B-MOUNTAIN"", ""I-MOUNTAIN"", ""O""]","[{""start"": 52, ""end"": 65, ""label"": ""MOUNTAIN"", ""text"": ""Mount Hubbard""}]",synthetic_positive_single
train-02178,He plans to study glaciers on Cotopaxi and Mount Bona.,"[""He"", ""plans"", ""to"", ""study"", ""glaciers"", ""on"", ""Cotopaxi"", ""and"", ""Mount"", ""Bona"", "".""]","[""O"", ""O"", ""O"", ""O"", ""O"", ""O"", ""B-MOUNTAIN"", ""O"", ""B-MOUNTAIN"", ""I-MOUNTAIN"", ""O""]","[{""start"": 30, ""end"": 38, ""label"": ""MOUNTAIN"", ""text"": ""Cotopaxi""}, {""start"": 43, ""end"": 53, ""label"": ""MOUNTAIN"", ""text"": ""Mount Bona""}]",synthetic_positive_multi
train-02179,She hopes to climb Dhaulagiri next year.,"[""She"", ""hopes"", ""to"", ""climb"", ""Dhaulagiri"", ""next"", ""year"", "".""]","[""O"", ""O"", ""O"", ""O"", ""B-MOUNTAIN"", ""O"", ""O"", ""O""]","[{""start"": 19, ""end"": 29, ""label"": ""MOUNTAIN"", ""text"": ""Dhaulagiri""}]",synthetic_positive_single
train-02180,"From the eastern ridge, we watched the sun rise behind Mount Erebus.","[""From"", ""the"", ""eastern"", ""ridge"", "","", ""we"", ""watched"", ""the"", ""sun"", ""rise"", ""behind"", ""Mount"", ""Erebus"", "".""]","[""O"", ""O"", ""O"", ""O"", ""O"", ""O"", ""O"", ""O"", ""O"", ""O"", ""O"", ""B-MOUNTAIN"", ""I-MOUNTAIN"", ""O""]","[{""start"": 55, ""end"": 67, ""label"": ""MOUNTAIN"", ""text"": ""Mount Erebus""}]",synthetic_positive_single
train-02181,The climbers postponed their attempt on Makalu.,"[""The"", ""climbers"", ""postponed"", ""their"", ""attempt"", ""on"", ""Makalu"", "".""]","[""O"", ""O"", ""O"", ""O"", ""O"", ""O"", ""B-MOUNTAIN"", ""O""]","[{""start"": 40, ""end"": 46, ""label"": ""MOUNTAIN"", ""text"": ""Makalu""}]",synthetic_positive_single
train-02182,Wind speeds increased rapidly around Sajama.,"[""Wind"", ""speeds"", ""increased"", ""rapidly"", ""around"", ""Sajama"", "".""]","[""O"", ""O"", ""O"", ""O"", ""O"", ""B-MOUNTAIN"", ""O""]","[{""start"": 37, ""end"": 43, ""label"": ""MOUNTAIN"", ""text"": ""Sajama""}]",synthetic_positive_single
train-02183,The documentary follows expeditions to Mount Nyiragongo and later to Shishapangma.,"[""The"", ""documentary"", ""follows"", ""expeditions"", ""to"", ""Mount"", ""Nyiragongo"", ""and"", ""later"", ""to"", ""Shishapangma"", "".""]","[""O"", ""O"", ""O"", ""O"", ""O"", ""B-MOUNTAIN"", ""I-MOUNTAIN"", ""O"", ""O"", ""O"", ""B-MOUNTAIN"", ""O""]","[{""start"": 39, ""end"": 55, ""label"": ""MOUNTAIN"", ""text"": ""Mount Nyiragongo""}, {""start"": 69, ""end"": 81, ""label"": ""MOUNTAIN"", ""text"": ""Shishapangma""}]",synthetic_positive_multi
train-02184,An avalanche warning was issued for the area around Denali.,"[""An"", ""avalanche"", ""warning"", ""was"", ""issued"", ""for"", ""the"", ""area"", ""around"", ""Denali"", "".""]","[""O"", ""O"", ""O"", ""O"", ""O"", ""O"", ""O"", ""O"", ""O"", ""B-MOUNTAIN"", ""O""]","[{""start"": 52, ""end"": 58, ""label"": ""MOUNTAIN"", ""text"": ""Denali""}]",synthetic_positive_single
train-02185,The museum curator archived the ridge map at the airport.,"[""The"", ""museum"", ""curator"", ""archived"", ""the"", ""ridge"", ""map"", ""at"", ""the"", ""airport"", "".""]","[""O"", ""O"", ""O"", ""O"", ""O"", ""O"", ""O"", ""O"", ""O"", ""O"", ""O""]",[],synthetic_negative
train-02186,They began their ascent of Mount Haidinger at dawn.,"[""They"", ""began"", ""their"", ""ascent"", ""of"", ""Mount"", ""Haidinger"", ""at"", ""dawn"", "".""]","[""O"", ""O"", ""O"", ""O"", ""O"", ""B-MOUNTAIN"", ""I-MOUNTAIN"", ""O"", ""O"", ""O""]","[{""start"": 27, ""end"": 42, ""label"": ""MOUNTAIN"", ""text"": ""Mount Haidinger""}]",synthetic_positive_single
train-02187,The local council checked the training notebook before lunch.,"[""The"", ""local"", ""council"", ""checked"", ""the"", ""training"", ""notebook"", ""before"", ""lunch"", "".""]","[""O"", ""O"", ""O"", ""O"", ""O"", ""O"", ""O"", ""O"", ""O"", ""O""]",[],synthetic_negative
train-02188,Researchers installed weather sensors on Pikes Peak.,"[""Researchers"", ""installed"", ""weather"", ""sensors"", ""on"", ""Pikes"", ""Peak"", "".""]","[""O"", ""O"", ""O"", ""O"", ""O"", ""B-MOUNTAIN"", ""I-MOUNTAIN"", ""O""]","[{""start"": 41, ""end"": 51, ""label"": ""MOUNTAIN"", ""text"": ""Pikes Peak""}]",synthetic_positive_single
train-02189,We could clearly see Ben Nevis from the valley.,"[""We"", ""could"", ""clearly"", ""see"", ""Ben"", ""Nevis"", ""from"", ""the"", ""valley"", "".""]","[""O"", ""O"", ""O"", ""O"", ""B-MOUNTAIN"", ""I-MOUNTAIN"", ""O"", ""O"", ""O"", ""O""]","[{""start"": 21, ""end"": 30, ""label"": ""MOUNTAIN"", ""text"": ""Ben Nevis""}]",synthetic_positive_single
train-02190,The photograph shows Huascaran at sunrise.,"[""The"", ""photograph"", ""shows"", ""Huascaran"", ""at"", ""sunrise"", "".""]","[""O"", ""O"", ""O"", ""B-MOUNTAIN"", ""O"", ""O"", ""O""]","[{""start"": 21, ""end"": 30, ""label"": ""MOUNTAIN"", ""text"": ""Huascaran""}]",synthetic_positive_single
train-02191,The local council shared the weather forecast before lunch.,"[""The"", ""local"", ""council"", ""shared"", ""the"", ""weather"", ""forecast"", ""before"", ""lunch"", "".""]","[""O"", ""O"", ""O"", ""O"", ""O"", ""O"", ""O"", ""O"", ""O"", ""O""]",[],synthetic_negative
train-02192,"Unlike Mount Cameroon, Mount Aso was hidden by clouds.","[""Unlike"", ""Mount"", ""Cameroon"", "","", ""Mount"", ""Aso"", ""was"", ""hidden"", ""by"", ""clouds"", "".""]","[""O"", ""B-MOUNTAIN"", ""I-MOUNTAIN"", ""O"", ""B-MOUNTAIN"", ""I-MOUNTAIN"", ""O"", ""O"", ""O"", ""O"", ""O""]","[{""start"": 7, ""end"": 21, ""label"": ""MOUNTAIN"", ""text"": ""Mount Cameroon""}, {""start"": 23, ""end"": 32, ""label"": ""MOUNTAIN"", ""text"": ""Mount Aso""}]",synthetic_positive_multi
train-02193,A new trail provides access to Chimborazo.,"[""A"", ""new"", ""trail"", ""provides"", ""access"", ""to"", ""Chimborazo"", "".""]","[""O"", ""O"", ""O"", ""O"", ""O"", ""O"", ""B-MOUNTAIN"", ""O""]","[{""start"": 31, ""end"": 41, ""label"": ""MOUNTAIN"", ""text"": ""Chimborazo""}]",synthetic_positive_single
train-02194,"During the spring survey, scientists visited Mount Robson.","[""During"", ""the"", ""spring"", ""survey"", "","", ""scientists"", ""visited"", ""Mount"", ""Robson"", "".""]","[""O"", ""O"", ""O"", ""O"", ""O"", ""O"", ""O"", ""B-MOUNTAIN"", ""I-MOUNTAIN"", ""O""]","[{""start"": 45, ""end"": 57, ""label"": ""MOUNTAIN"", ""text"": ""Mount Robson""}]",synthetic_positive_single
train-02195,They began their ascent of Mount Columbia at dawn.,"[""They"", ""began"", ""their"", ""ascent"", ""of"", ""Mount"", ""Columbia"", ""at"", ""dawn"", "".""]","[""O"", ""O"", ""O"", ""O"", ""O"", ""B-MOUNTAIN"", ""I-MOUNTAIN"", ""O"", ""O"", ""O""]","[{""start"": 27, ""end"": 41, ""label"": ""MOUNTAIN"", ""text"": ""Mount Columbia""}]",synthetic_positive_single
train-02196,"According to the itinerary, Makalu is the main destination.","[""According"", ""to"", ""the"", ""itinerary"", "","", ""Makalu"", ""is"", ""the"", ""main"", ""destination"", "".""]","[""O"", ""O"", ""O"", ""O"", ""O"", ""B-MOUNTAIN"", ""O"", ""O"", ""O"", ""O"", ""O""]","[{""start"": 28, ""end"": 34, ""label"": ""MOUNTAIN"", ""text"": ""Makalu""}]",synthetic_positive_single
train-02197,"According to the itinerary, Mount Robson is the main destination.","[""According"", ""to"", ""the"", ""itinerary"", "","", ""Mount"", ""Robson"", ""is"", ""the"", ""main"", ""destination"", "".""]","[""O"", ""O"", ""O"", ""O"", ""O"", ""B-MOUNTAIN"", ""I-MOUNTAIN"", ""O"", ""O"", ""O"", ""O"", ""O""]","[{""start"": 28, ""end"": 40, ""label"": ""MOUNTAIN"", ""text"": ""Mount Robson""}]",synthetic_positive_single
train-02198,The map labels both Mount Haidinger and Mount Bear.,"[""The"", ""map"", ""labels"", ""both"", ""Mount"", ""Haidinger"", ""and"", ""Mount"", ""Bear"", "".""]","[""O"", ""O"", ""O"", ""O"", ""B-MOUNTAIN"", ""I-MOUNTAIN"", ""O"", ""B-MOUNTAIN"", ""I-MOUNTAIN"", ""O""]","[{""start"": 20, ""end"": 35, ""label"": ""MOUNTAIN"", ""text"": ""Mount Haidinger""}, {""start"": 40, ""end"": 50, ""label"": ""MOUNTAIN"", ""text"": ""Mount Bear""}]",synthetic_positive_multi
train-02199,"For safety reasons, access to Mount Logan was temporarily restricted.","[""For"", ""safety"", ""reasons"", "","", ""access"", ""to"", ""Mount"", ""Logan"", ""was"", ""temporarily"", ""restricted"", "".""]","[""O"", ""O"", ""O"", ""O"", ""O"", ""O"", ""B-MOUNTAIN"", ""I-MOUNTAIN"", ""O"", ""O"", ""O"", ""O""]","[{""start"": 30, ""end"": 41, ""label"": ""MOUNTAIN"", ""text"": ""Mount Logan""}]",synthetic_positive_single
train-02200,The museum curator translated the hotel booking in the final report.,"[""The"", ""museum"", ""curator"", ""translated"", ""the"", ""hotel"", ""booking"", ""in"", ""the"", ""final"", ""report"", "".""]","[""O"", ""O"", ""O"", ""O"", ""O"", ""O"", ""O"", ""O"", ""O"", ""O"", ""O"", ""O""]",[],synthetic_negative
train-02201,A documentary crew filmed near Mount Steele.,"[""A"", ""documentary"", ""crew"", ""filmed"", ""near"", ""Mount"", ""Steele"", "".""]","[""O"", ""O"", ""O"", ""O"", ""O"", ""B-MOUNTAIN"", ""I-MOUNTAIN"", ""O""]","[{""start"": 31, ""end"": 43, ""label"": ""MOUNTAIN"", ""text"": ""Mount Steele""}]",synthetic_positive_single
train-02202,"Unlike Mount Saint Elias, Mount Etna was hidden by clouds.","[""Unlike"", ""Mount"", ""Saint"", ""Elias"", "","", ""Mount"", ""Etna"", ""was"", ""hidden"", ""by"", ""clouds"", "".""]","[""O"", ""B-MOUNTAIN"", ""I-MOUNTAIN"", ""I-MOUNTAIN"", ""O"", ""B-MOUNTAIN"", ""I-MOUNTAIN"", ""O"", ""O"", ""O"", ""O"", ""O""]","[{""start"": 7, ""end"": 24, ""label"": ""MOUNTAIN"", ""text"": ""Mount Saint Elias""}, {""start"": 26, ""end"": 36, ""label"": ""MOUNTAIN"", ""text"": ""Mount Etna""}]",synthetic_positive_multi
train-02203,"From the eastern ridge, we watched the sun rise behind Gasherbrum II.","[""From"", ""the"", ""eastern"", ""ridge"", "","", ""we"", ""watched"", ""the"", ""sun"", ""rise"", ""behind"", ""Gasherbrum"", ""II"", "".""]","[""O"", ""O"", ""O"", ""O"", ""O"", ""O"", ""O"", ""O"", ""O"", ""O"", ""O"", ""B-MOUNTAIN"", ""I-MOUNTAIN"", ""O""]","[{""start"": 55, ""end"": 68, ""label"": ""MOUNTAIN"", ""text"": ""Gasherbrum II""}]",synthetic_positive_single
train-02204,The team discussed whether to attempt Mount Silverthrone or Mount Stanley.,"[""The"", ""team"", ""discussed"", ""whether"", ""to"", ""attempt"", ""Mount"", ""Silverthrone"", ""or"", ""Mount"", ""Stanley"", "".""]","[""O"", ""O"", ""O"", ""O"", ""O"", ""O"", ""B-MOUNTAIN"", ""I-MOUNTAIN"", ""O"", ""B-MOUNTAIN"", ""I-MOUNTAIN"", ""O""]","[{""start"": 38, ""end"": 56, ""label"": ""MOUNTAIN"", ""text"": ""Mount Silverthrone""}, {""start"": 60, ""end"": 73, ""label"": ""MOUNTAIN"", ""text"": ""Mount Stanley""}]",synthetic_positive_multi
train-02205,The map labels both Mount Bona and Eiger.,"[""The"", ""map"", ""labels"", ""both"", ""Mount"", ""Bona"", ""and"", ""Eiger"", "".""]","[""O"", ""O"", ""O"", ""O"", ""B-MOUNTAIN"", ""I-MOUNTAIN"", ""O"", ""B-MOUNTAIN"", ""O""]","[{""start"": 20, ""end"": 30, ""label"": ""MOUNTAIN"", ""text"": ""Mount Bona""}, {""start"": 35, ""end"": 40, ""label"": ""MOUNTAIN"", ""text"": ""Eiger""}]",synthetic_positive_multi
train-02206,The guide warned us not to underestimate Mount Sidley.,"[""The"", ""guide"", ""warned"", ""us"", ""not"", ""to"", ""underestimate"", ""Mount"", ""Sidley"", "".""]","[""O"", ""O"", ""O"", ""O"", ""O"", ""O"", ""O"", ""B-MOUNTAIN"", ""I-MOUNTAIN"", ""O""]","[{""start"": 41, ""end"": 53, ""label"": ""MOUNTAIN"", ""text"": ""Mount Sidley""}]",synthetic_positive_single
train-02207,The climbing club discussed the schedule in the final report.,"[""The"", ""climbing"", ""club"", ""discussed"", ""the"", ""schedule"", ""in"", ""the"", ""final"", ""report"", "".""]","[""O"", ""O"", ""O"", ""O"", ""O"", ""O"", ""O"", ""O"", ""O"", ""O"", ""O""]",[],synthetic_negative
train-02208,He plans to study glaciers on Sajama and Ama Dablam.,"[""He"", ""plans"", ""to"", ""study"", ""glaciers"", ""on"", ""Sajama"", ""and"", ""Ama"", ""Dablam"", "".""]","[""O"", ""O"", ""O"", ""O"", ""O"", ""O"", ""B-MOUNTAIN"", ""O"", ""B-MOUNTAIN"", ""I-MOUNTAIN"", ""O""]","[{""start"": 30, ""end"": 36, ""label"": ""MOUNTAIN"", ""text"": ""Sajama""}, {""start"": 41, ""end"": 51, ""label"": ""MOUNTAIN"", ""text"": ""Ama Dablam""}]",synthetic_positive_multi
train-02209,A documentary crew filmed near Manaslu.,"[""A"", ""documentary"", ""crew"", ""filmed"", ""near"", ""Manaslu"", "".""]","[""O"", ""O"", ""O"", ""O"", ""O"", ""B-MOUNTAIN"", ""O""]","[{""start"": 31, ""end"": 38, ""label"": ""MOUNTAIN"", ""text"": ""Manaslu""}]",synthetic_positive_single
train-02210,The expedition leader discussed the cliff photograph at the airport.,"[""The"", ""expedition"", ""leader"", ""discussed"", ""the"", ""cliff"", ""photograph"", ""at"", ""the"", ""airport"", "".""]","[""O"", ""O"", ""O"", ""O"", ""O"", ""O"", ""O"", ""O"", ""O"", ""O"", ""O""]",[],synthetic_negative
train-02211,"Despite the forecast, the climbers continued toward Ben Nevis.","[""Despite"", ""the"", ""forecast"", "","", ""the"", ""climbers"", ""continued"", ""toward"", ""Ben"", ""Nevis"", "".""]","[""O"", ""O"", ""O"", ""O"", ""O"", ""O"", ""O"", ""O"", ""B-MOUNTAIN"", ""I-MOUNTAIN"", ""O""]","[{""start"": 52, ""end"": 61, ""label"": ""MOUNTAIN"", ""text"": ""Ben Nevis""}]",synthetic_positive_single
train-02212,A new trail provides access to Mauna Kea.,"[""A"", ""new"", ""trail"", ""provides"", ""access"", ""to"", ""Mauna"", ""Kea"", "".""]","[""O"", ""O"", ""O"", ""O"", ""O"", ""O"", ""B-MOUNTAIN"", ""I-MOUNTAIN"", ""O""]","[{""start"": 31, ""end"": 40, ""label"": ""MOUNTAIN"", ""text"": ""Mauna Kea""}]",synthetic_positive_single
train-02213,"Despite the forecast, the climbers continued toward Pikes Peak.","[""Despite"", ""the"", ""forecast"", "","", ""the"", ""climbers"", ""continued"", ""toward"", ""Pikes"", ""Peak"", "".""]","[""O"", ""O"", ""O"", ""O"", ""O"", ""O"", ""O"", ""O"", ""B-MOUNTAIN"", ""I-MOUNTAIN"", ""O""]","[{""start"": 52, ""end"": 62, ""label"": ""MOUNTAIN"", ""text"": ""Pikes Peak""}]",synthetic_positive_single
train-02214,The film crew published the hotel booking on Monday.,"[""The"", ""film"", ""crew"", ""published"", ""the"", ""hotel"", ""booking"", ""on"", ""Monday"", "".""]","[""O"", ""O"", ""O"", ""O"", ""O"", ""O"", ""O"", ""O"", ""O"", ""O""]",[],synthetic_negative
train-02215,The weather changed quickly as they approached Mount Stanley.,"[""The"", ""weather"", ""changed"", ""quickly"", ""as"", ""they"", ""approached"", ""Mount"", ""Stanley"", "".""]","[""O"", ""O"", ""O"", ""O"", ""O"", ""O"", ""O"", ""B-MOUNTAIN"", ""I-MOUNTAIN"", ""O""]","[{""start"": 47, ""end"": 60, ""label"": ""MOUNTAIN"", ""text"": ""Mount Stanley""}]",synthetic_positive_single
train-02216,Researchers installed weather sensors on Mount Logan.,"[""Researchers"", ""installed"", ""weather"", ""sensors"", ""on"", ""Mount"", ""Logan"", "".""]","[""O"", ""O"", ""O"", ""O"", ""O"", ""B-MOUNTAIN"", ""I-MOUNTAIN"", ""O""]","[{""start"": 41, ""end"": 52, ""label"": ""MOUNTAIN"", ""text"": ""Mount Logan""}]",synthetic_positive_single
train-02217,Wind speeds increased rapidly around Mount Vancouver.,"[""Wind"", ""speeds"", ""increased"", ""rapidly"", ""around"", ""Mount"", ""Vancouver"", "".""]","[""O"", ""O"", ""O"", ""O"", ""O"", ""B-MOUNTAIN"", ""I-MOUNTAIN"", ""O""]","[{""start"": 37, ""end"": 52, ""label"": ""MOUNTAIN"", ""text"": ""Mount Vancouver""}]",synthetic_positive_single
train-02218,Snow remained on the upper slopes of Mount Fairweather.,"[""Snow"", ""remained"", ""on"", ""the"", ""upper"", ""slopes"", ""of"", ""Mount"", ""Fairweather"", "".""]","[""O"", ""O"", ""O"", ""O"", ""O"", ""O"", ""O"", ""B-MOUNTAIN"", ""I-MOUNTAIN"", ""O""]","[{""start"": 37, ""end"": 54, ""label"": ""MOUNTAIN"", ""text"": ""Mount Fairweather""}]",synthetic_positive_single
train-02219,Several routes lead toward the summit of Gasherbrum I.,"[""Several"", ""routes"", ""lead"", ""toward"", ""the"", ""summit"", ""of"", ""Gasherbrum"", ""I"", "".""]","[""O"", ""O"", ""O"", ""O"", ""O"", ""O"", ""O"", ""B-MOUNTAIN"", ""I-MOUNTAIN"", ""O""]","[{""start"": 41, ""end"": 53, ""label"": ""MOUNTAIN"", ""text"": ""Gasherbrum I""}]",synthetic_positive_single
train-02220,He plans to study glaciers on Mount Hunter and Huascaran.,"[""He"", ""plans"", ""to"", ""study"", ""glaciers"", ""on"", ""Mount"", ""Hunter"", ""and"", ""Huascaran"", "".""]","[""O"", ""O"", ""O"", ""O"", ""O"", ""O"", ""B-MOUNTAIN"", ""I-MOUNTAIN"", ""O"", ""B-MOUNTAIN"", ""O""]","[{""start"": 30, ""end"": 42, ""label"": ""MOUNTAIN"", ""text"": ""Mount Hunter""}, {""start"": 47, ""end"": 56, ""label"": ""MOUNTAIN"", ""text"": ""Huascaran""}]",synthetic_positive_multi
train-02221,The film crew shared the satellite image at the airport.,"[""The"", ""film"", ""crew"", ""shared"", ""the"", ""satellite"", ""image"", ""at"", ""the"", ""airport"", "".""]","[""O"", ""O"", ""O"", ""O"", ""O"", ""O"", ""O"", ""O"", ""O"", ""O"", ""O""]",[],synthetic_negative
train-02222,The museum curator translated the forest trail at the office.,"[""The"", ""museum"", ""curator"", ""translated"", ""the"", ""forest"", ""trail"", ""at"", ""the"", ""office"", "".""]","[""O"", ""O"", ""O"", ""O"", ""O"", ""O"", ""O"", ""O"", ""O"", ""O"", ""O""]",[],synthetic_negative
train-02223,The base camp below Haleakala was moved to safer ground.,"[""The"", ""base"", ""camp"", ""below"", ""Haleakala"", ""was"", ""moved"", ""to"", ""safer"", ""ground"", "".""]","[""O"", ""O"", ""O"", ""O"", ""B-MOUNTAIN"", ""O"", ""O"", ""O"", ""O"", ""O"", ""O""]","[{""start"": 20, ""end"": 29, ""label"": ""MOUNTAIN"", ""text"": ""Haleakala""}]",synthetic_positive_single
train-02224,"By late afternoon, shadows had covered the slopes of Mount Meru.","[""By"", ""late"", ""afternoon"", "","", ""shadows"", ""had"", ""covered"", ""the"", ""slopes"", ""of"", ""Mount"", ""Meru"", "".""]","[""O"", ""O"", ""O"", ""O"", ""O"", ""O"", ""O"", ""O"", ""O"", ""O"", ""B-MOUNTAIN"", ""I-MOUNTAIN"", ""O""]","[{""start"": 53, ""end"": 63, ""label"": ""MOUNTAIN"", ""text"": ""Mount Meru""}]",synthetic_positive_single
train-02225,Snow remained on the upper slopes of Mount Aspiring.,"[""Snow"", ""remained"", ""on"", ""the"", ""upper"", ""slopes"", ""of"", ""Mount"", ""Aspiring"", "".""]","[""O"", ""O"", ""O"", ""O"", ""O"", ""O"", ""O"", ""B-MOUNTAIN"", ""I-MOUNTAIN"", ""O""]","[{""start"": 37, ""end"": 51, ""label"": ""MOUNTAIN"", ""text"": ""Mount Aspiring""}]",synthetic_positive_single
train-02226,The mapping agency printed the valley in the final report.,"[""The"", ""mapping"", ""agency"", ""printed"", ""the"", ""valley"", ""in"", ""the"", ""final"", ""report"", "".""]","[""O"", ""O"", ""O"", ""O"", ""O"", ""O"", ""O"", ""O"", ""O"", ""O"", ""O""]",[],synthetic_negative
train-02227,The rescue team returned safely from Ojos del Salado.,"[""The"", ""rescue"", ""team"", ""returned"", ""safely"", ""from"", ""Ojos"", ""del"", ""Salado"", "".""]","[""O"", ""O"", ""O"", ""O"", ""O"", ""O"", ""B-MOUNTAIN"", ""I-MOUNTAIN"", ""I-MOUNTAIN"", ""O""]","[{""start"": 37, ""end"": 52, ""label"": ""MOUNTAIN"", ""text"": ""Ojos del Salado""}]",synthetic_positive_single
train-02228,Images of Mount Hicks were placed beside photographs of Cerro Torre.,"[""Images"", ""of"", ""Mount"", ""Hicks"", ""were"", ""placed"", ""beside"", ""photographs"", ""of"", ""Cerro"", ""Torre"", "".""]","[""O"", ""O"", ""B-MOUNTAIN"", ""I-MOUNTAIN"", ""O"", ""O"", ""O"", ""O"", ""O"", ""B-MOUNTAIN"", ""I-MOUNTAIN"", ""O""]","[{""start"": 10, ""end"": 21, ""label"": ""MOUNTAIN"", ""text"": ""Mount Hicks""}, {""start"": 56, ""end"": 67, ""label"": ""MOUNTAIN"", ""text"": ""Cerro Torre""}]",synthetic_positive_multi
train-02229,The documentary follows expeditions to Mauna Loa and later to Mount Churchill.,"[""The"", ""documentary"", ""follows"", ""expeditions"", ""to"", ""Mauna"", ""Loa"", ""and"", ""later"", ""to"", ""Mount"", ""Churchill"", "".""]","[""O"", ""O"", ""O"", ""O"", ""O"", ""B-MOUNTAIN"", ""I-MOUNTAIN"", ""O"", ""O"", ""O"", ""B-MOUNTAIN"", ""I-MOUNTAIN"", ""O""]","[{""start"": 39, ""end"": 48, ""label"": ""MOUNTAIN"", ""text"": ""Mauna Loa""}, {""start"": 62, ""end"": 77, ""label"": ""MOUNTAIN"", ""text"": ""Mount Churchill""}]",synthetic_positive_multi
train-02230,The climbing club translated the validation result before the deadline.,"[""The"", ""climbing"", ""club"", ""translated"", ""the"", ""validation"", ""result"", ""before"", ""the"", ""deadline"", "".""]","[""O"", ""O"", ""O"", ""O"", ""O"", ""O"", ""O"", ""O"", ""O"", ""O"", ""O""]",[],synthetic_negative
train-02231,"Yesterday, Scafell Pike was barely visible through the mist.","[""Yesterday"", "","", ""Scafell"", ""Pike"", ""was"", ""barely"", ""visible"", ""through"", ""the"", ""mist"", "".""]","[""O"", ""O"", ""B-MOUNTAIN"", ""I-MOUNTAIN"", ""O"", ""O"", ""O"", ""O"", ""O"", ""O"", ""O""]","[{""start"": 11, ""end"": 23, ""label"": ""MOUNTAIN"", ""text"": ""Scafell Pike""}]",synthetic_positive_single
train-02232,Local guides described conditions on Mount Tongariro as difficult.,"[""Local"", ""guides"", ""described"", ""conditions"", ""on"", ""Mount"", ""Tongariro"", ""as"", ""difficult"", "".""]","[""O"", ""O"", ""O"", ""O"", ""O"", ""B-MOUNTAIN"", ""I-MOUNTAIN"", ""O"", ""O"", ""O""]","[{""start"": 37, ""end"": 52, ""label"": ""MOUNTAIN"", ""text"": ""Mount Tongariro""}]",synthetic_positive_single
train-02233,The film crew compared the aircraft in the final report.,"[""The"", ""film"", ""crew"", ""compared"", ""the"", ""aircraft"", ""in"", ""the"", ""final"", ""report"", "".""]","[""O"", ""O"", ""O"", ""O"", ""O"", ""O"", ""O"", ""O"", ""O"", ""O"", ""O""]",[],synthetic_negative
train-02234,A helicopter circled above Kongur Tagh during the rescue.,"[""A"", ""helicopter"", ""circled"", ""above"", ""Kongur"", ""Tagh"", ""during"", ""the"", ""rescue"", "".""]","[""O"", ""O"", ""O"", ""O"", ""B-MOUNTAIN"", ""I-MOUNTAIN"", ""O"", ""O"", ""O"", ""O""]","[{""start"": 27, ""end"": 38, ""label"": ""MOUNTAIN"", ""text"": ""Kongur Tagh""}]",synthetic_positive_single
train-02235,The expedition leader updated the hotel booking before lunch.,"[""The"", ""expedition"", ""leader"", ""updated"", ""the"", ""hotel"", ""booking"", ""before"", ""lunch"", "".""]","[""O"", ""O"", ""O"", ""O"", ""O"", ""O"", ""O"", ""O"", ""O"", ""O""]",[],synthetic_negative
train-02236,Our map marks Mount Sefton with a red triangle.,"[""Our"", ""map"", ""marks"", ""Mount"", ""Sefton"", ""with"", ""a"", ""red"", ""triangle"", "".""]","[""O"", ""O"", ""O"", ""B-MOUNTAIN"", ""I-MOUNTAIN"", ""O"", ""O"", ""O"", ""O"", ""O""]","[{""start"": 14, ""end"": 26, ""label"": ""MOUNTAIN"", ""text"": ""Mount Sefton""}]",synthetic_positive_single
train-02237,"By late afternoon, shadows had covered the slopes of Mount Kilimanjaro.","[""By"", ""late"", ""afternoon"", "","", ""shadows"", ""had"", ""covered"", ""the"", ""slopes"", ""of"", ""Mount"", ""Kilimanjaro"", "".""]","[""O"", ""O"", ""O"", ""O"", ""O"", ""O"", ""O"", ""O"", ""O"", ""O"", ""B-MOUNTAIN"", ""I-MOUNTAIN"", ""O""]","[{""start"": 53, ""end"": 70, ""label"": ""MOUNTAIN"", ""text"": ""Mount Kilimanjaro""}]",synthetic_positive_single
train-02238,Broad Peak and Ras Dashen were both visible from the aircraft.,"[""Broad"", ""Peak"", ""and"", ""Ras"", ""Dashen"", ""were"", ""both"", ""visible"", ""from"", ""the"", ""aircraft"", "".""]","[""B-MOUNTAIN"", ""I-MOUNTAIN"", ""O"", ""B-MOUNTAIN"", ""I-MOUNTAIN"", ""O"", ""O"", ""O"", ""O"", ""O"", ""O"", ""O""]","[{""start"": 0, ""end"": 10, ""label"": ""MOUNTAIN"", ""text"": ""Broad Peak""}, {""start"": 15, ""end"": 25, ""label"": ""MOUNTAIN"", ""text"": ""Ras Dashen""}]",synthetic_positive_multi
train-02239,Expeditions to Mount Elie de Beaumont and Mount Kinabalu were delayed by bad weather.,"[""Expeditions"", ""to"", ""Mount"", ""Elie"", ""de"", ""Beaumont"", ""and"", ""Mount"", ""Kinabalu"", ""were"", ""delayed"", ""by"", ""bad"", ""weather"", "".""]","[""O"", ""O"", ""B-MOUNTAIN"", ""I-MOUNTAIN"", ""I-MOUNTAIN"", ""I-MOUNTAIN"", ""O"", ""B-MOUNTAIN"", ""I-MOUNTAIN"", ""O"", ""O"", ""O"", ""O"", ""O"", ""O""]","[{""start"": 15, ""end"": 37, ""label"": ""MOUNTAIN"", ""text"": ""Mount Elie de Beaumont""}, {""start"": 42, ""end"": 56, ""label"": ""MOUNTAIN"", ""text"": ""Mount Kinabalu""}]",synthetic_positive_multi
train-02240,The base camp below Nanga Parbat was moved to safer ground.,"[""The"", ""base"", ""camp"", ""below"", ""Nanga"", ""Parbat"", ""was"", ""moved"", ""to"", ""safer"", ""ground"", "".""]","[""O"", ""O"", ""O"", ""O"", ""B-MOUNTAIN"", ""I-MOUNTAIN"", ""O"", ""O"", ""O"", ""O"", ""O"", ""O""]","[{""start"": 20, ""end"": 32, ""label"": ""MOUNTAIN"", ""text"": ""Nanga Parbat""}]",synthetic_positive_single
train-02241,Mount Bear attracts climbers from around the world.,"[""Mount"", ""Bear"", ""attracts"", ""climbers"", ""from"", ""around"", ""the"", ""world"", "".""]","[""B-MOUNTAIN"", ""I-MOUNTAIN"", ""O"", ""O"", ""O"", ""O"", ""O"", ""O"", ""O""]","[{""start"": 0, ""end"": 10, ""label"": ""MOUNTAIN"", ""text"": ""Mount Bear""}]",synthetic_positive_single
train-02242,A new trail provides access to Mount Tasman.,"[""A"", ""new"", ""trail"", ""provides"", ""access"", ""to"", ""Mount"", ""Tasman"", "".""]","[""O"", ""O"", ""O"", ""O"", ""O"", ""O"", ""B-MOUNTAIN"", ""I-MOUNTAIN"", ""O""]","[{""start"": 31, ""end"": 43, ""label"": ""MOUNTAIN"", ""text"": ""Mount Tasman""}]",synthetic_positive_single
train-02243,Our route passes near Mount Damavand before turning toward Mount Sanford.,"[""Our"", ""route"", ""passes"", ""near"", ""Mount"", ""Damavand"", ""before"", ""turning"", ""toward"", ""Mount"", ""Sanford"", "".""]","[""O"", ""O"", ""O"", ""O"", ""B-MOUNTAIN"", ""I-MOUNTAIN"", ""O"", ""O"", ""O"", ""B-MOUNTAIN"", ""I-MOUNTAIN"", ""O""]","[{""start"": 22, ""end"": 36, ""label"": ""MOUNTAIN"", ""text"": ""Mount Damavand""}, {""start"": 59, ""end"": 72, ""label"": ""MOUNTAIN"", ""text"": ""Mount Sanford""}]",synthetic_positive_multi
train-02244,"For safety reasons, access to Gasherbrum I was temporarily restricted.","[""For"", ""safety"", ""reasons"", "","", ""access"", ""to"", ""Gasherbrum"", ""I"", ""was"", ""temporarily"", ""restricted"", "".""]","[""O"", ""O"", ""O"", ""O"", ""O"", ""O"", ""B-MOUNTAIN"", ""I-MOUNTAIN"", ""O"", ""O"", ""O"", ""O""]","[{""start"": 30, ""end"": 42, ""label"": ""MOUNTAIN"", ""text"": ""Gasherbrum I""}]",synthetic_positive_single
train-02245,A small village lies below Mount Columbia.,"[""A"", ""small"", ""village"", ""lies"", ""below"", ""Mount"", ""Columbia"", "".""]","[""O"", ""O"", ""O"", ""O"", ""O"", ""B-MOUNTAIN"", ""I-MOUNTAIN"", ""O""]","[{""start"": 27, ""end"": 41, ""label"": ""MOUNTAIN"", ""text"": ""Mount Columbia""}]",synthetic_positive_single
train-02246,The base camp below Ama Dablam was moved to safer ground.,"[""The"", ""base"", ""camp"", ""below"", ""Ama"", ""Dablam"", ""was"", ""moved"", ""to"", ""safer"", ""ground"", "".""]","[""O"", ""O"", ""O"", ""O"", ""B-MOUNTAIN"", ""I-MOUNTAIN"", ""O"", ""O"", ""O"", ""O"", ""O"", ""O""]","[{""start"": 20, ""end"": 30, ""label"": ""MOUNTAIN"", ""text"": ""Ama Dablam""}]",synthetic_positive_single
train-02247,A documentary crew filmed near Mount Kilimanjaro.,"[""A"", ""documentary"", ""crew"", ""filmed"", ""near"", ""Mount"", ""Kilimanjaro"", "".""]","[""O"", ""O"", ""O"", ""O"", ""O"", ""B-MOUNTAIN"", ""I-MOUNTAIN"", ""O""]","[{""start"": 31, ""end"": 48, ""label"": ""MOUNTAIN"", ""text"": ""Mount Kilimanjaro""}]",synthetic_positive_single
train-02248,Heavy clouds covered Mount Erebus throughout the morning.,"[""Heavy"", ""clouds"", ""covered"", ""Mount"", ""Erebus"", ""throughout"", ""the"", ""morning"", "".""]","[""O"", ""O"", ""O"", ""B-MOUNTAIN"", ""I-MOUNTAIN"", ""O"", ""O"", ""O"", ""O""]","[{""start"": 21, ""end"": 33, ""label"": ""MOUNTAIN"", ""text"": ""Mount Erebus""}]",synthetic_positive_single
train-02249,Several routes lead toward the summit of Mount Agung.,"[""Several"", ""routes"", ""lead"", ""toward"", ""the"", ""summit"", ""of"", ""Mount"", ""Agung"", "".""]","[""O"", ""O"", ""O"", ""O"", ""O"", ""O"", ""O"", ""B-MOUNTAIN"", ""I-MOUNTAIN"", ""O""]","[{""start"": 41, ""end"": 52, ""label"": ""MOUNTAIN"", ""text"": ""Mount Agung""}]",synthetic_positive_single
train-02250,A helicopter circled above Mount Elie de Beaumont during the rescue.,"[""A"", ""helicopter"", ""circled"", ""above"", ""Mount"", ""Elie"", ""de"", ""Beaumont"", ""during"", ""the"", ""rescue"", "".""]","[""O"", ""O"", ""O"", ""O"", ""B-MOUNTAIN"", ""I-MOUNTAIN"", ""I-MOUNTAIN"", ""I-MOUNTAIN"", ""O"", ""O"", ""O"", ""O""]","[{""start"": 27, ""end"": 49, ""label"": ""MOUNTAIN"", ""text"": ""Mount Elie de Beaumont""}]",synthetic_positive_single
train-02251,Have you ever seen Mount Kazbek in winter?,"[""Have"", ""you"", ""ever"", ""seen"", ""Mount"", ""Kazbek"", ""in"", ""winter"", ""?""]","[""O"", ""O"", ""O"", ""O"", ""B-MOUNTAIN"", ""I-MOUNTAIN"", ""O"", ""O"", ""O""]","[{""start"": 19, ""end"": 31, ""label"": ""MOUNTAIN"", ""text"": ""Mount Kazbek""}]",synthetic_positive_single
train-02252,The northern face of Mount Haidinger looked almost vertical.,"[""The"", ""northern"", ""face"", ""of"", ""Mount"", ""Haidinger"", ""looked"", ""almost"", ""vertical"", "".""]","[""O"", ""O"", ""O"", ""O"", ""B-MOUNTAIN"", ""I-MOUNTAIN"", ""O"", ""O"", ""O"", ""O""]","[{""start"": 21, ""end"": 36, ""label"": ""MOUNTAIN"", ""text"": ""Mount Haidinger""}]",synthetic_positive_single
train-02253,The weather changed quickly as they approached Mount Robson.,"[""The"", ""weather"", ""changed"", ""quickly"", ""as"", ""they"", ""approached"", ""Mount"", ""Robson"", "".""]","[""O"", ""O"", ""O"", ""O"", ""O"", ""O"", ""O"", ""B-MOUNTAIN"", ""I-MOUNTAIN"", ""O""]","[{""start"": 47, ""end"": 59, ""label"": ""MOUNTAIN"", ""text"": ""Mount Robson""}]",synthetic_positive_single
train-02254,The tourist group discussed the hotel booking in the laboratory.,"[""The"", ""tourist"", ""group"", ""discussed"", ""the"", ""hotel"", ""booking"", ""in"", ""the"", ""laboratory"", "".""]","[""O"", ""O"", ""O"", ""O"", ""O"", ""O"", ""O"", ""O"", ""O"", ""O"", ""O""]",[],synthetic_negative
train-02255,The expedition leader shared the satellite image after the presentation.,"[""The"", ""expedition"", ""leader"", ""shared"", ""the"", ""satellite"", ""image"", ""after"", ""the"", ""presentation"", "".""]","[""O"", ""O"", ""O"", ""O"", ""O"", ""O"", ""O"", ""O"", ""O"", ""O"", ""O""]",[],synthetic_negative
train-02256,The photograph shows Mount Logan at sunrise.,"[""The"", ""photograph"", ""shows"", ""Mount"", ""Logan"", ""at"", ""sunrise"", "".""]","[""O"", ""O"", ""O"", ""B-MOUNTAIN"", ""I-MOUNTAIN"", ""O"", ""O"", ""O""]","[{""start"": 21, ""end"": 32, ""label"": ""MOUNTAIN"", ""text"": ""Mount Logan""}]",synthetic_positive_single
train-02257,The photograph shows Mount Hubbard at sunrise.,"[""The"", ""photograph"", ""shows"", ""Mount"", ""Hubbard"", ""at"", ""sunrise"", "".""]","[""O"", ""O"", ""O"", ""B-MOUNTAIN"", ""I-MOUNTAIN"", ""O"", ""O"", ""O""]","[{""start"": 21, ""end"": 34, ""label"": ""MOUNTAIN"", ""text"": ""Mount Hubbard""}]",synthetic_positive_single
train-02258,The weather changed quickly as they approached Shishapangma.,"[""The"", ""weather"", ""changed"", ""quickly"", ""as"", ""they"", ""approached"", ""Shishapangma"", "".""]","[""O"", ""O"", ""O"", ""O"", ""O"", ""O"", ""O"", ""B-MOUNTAIN"", ""O""]","[{""start"": 47, ""end"": 59, ""label"": ""MOUNTAIN"", ""text"": ""Shishapangma""}]",synthetic_positive_single
train-02259,She hopes to climb Mont Blanc next year.,"[""She"", ""hopes"", ""to"", ""climb"", ""Mont"", ""Blanc"", ""next"", ""year"", "".""]","[""O"", ""O"", ""O"", ""O"", ""B-MOUNTAIN"", ""I-MOUNTAIN"", ""O"", ""O"", ""O""]","[{""start"": 19, ""end"": 29, ""label"": ""MOUNTAIN"", ""text"": ""Mont Blanc""}]",synthetic_positive_single
train-02260,She hopes to climb Fansipan next year.,"[""She"", ""hopes"", ""to"", ""climb"", ""Fansipan"", ""next"", ""year"", "".""]","[""O"", ""O"", ""O"", ""O"", ""B-MOUNTAIN"", ""O"", ""O"", ""O""]","[{""start"": 19, ""end"": 27, ""label"": ""MOUNTAIN"", ""text"": ""Fansipan""}]",synthetic_positive_single
train-02261,The museum curator discussed the research report at the office.,"[""The"", ""museum"", ""curator"", ""discussed"", ""the"", ""research"", ""report"", ""at"", ""the"", ""office"", "".""]","[""O"", ""O"", ""O"", ""O"", ""O"", ""O"", ""O"", ""O"", ""O"", ""O"", ""O""]",[],synthetic_negative
train-02262,The photograph shows Mauna Loa at sunrise.,"[""The"", ""photograph"", ""shows"", ""Mauna"", ""Loa"", ""at"", ""sunrise"", "".""]","[""O"", ""O"", ""O"", ""B-MOUNTAIN"", ""I-MOUNTAIN"", ""O"", ""O"", ""O""]","[{""start"": 21, ""end"": 30, ""label"": ""MOUNTAIN"", ""text"": ""Mauna Loa""}]",synthetic_positive_single
train-02263,"Yesterday, Mount Tongariro was barely visible through the mist.","[""Yesterday"", "","", ""Mount"", ""Tongariro"", ""was"", ""barely"", ""visible"", ""through"", ""the"", ""mist"", "".""]","[""O"", ""O"", ""B-MOUNTAIN"", ""I-MOUNTAIN"", ""O"", ""O"", ""O"", ""O"", ""O"", ""O"", ""O""]","[{""start"": 11, ""end"": 26, ""label"": ""MOUNTAIN"", ""text"": ""Mount Tongariro""}]",synthetic_positive_single
train-02264,"For safety reasons, access to Mount Damavand was temporarily restricted.","[""For"", ""safety"", ""reasons"", "","", ""access"", ""to"", ""Mount"", ""Damavand"", ""was"", ""temporarily"", ""restricted"", "".""]","[""O"", ""O"", ""O"", ""O"", ""O"", ""O"", ""B-MOUNTAIN"", ""I-MOUNTAIN"", ""O"", ""O"", ""O"", ""O""]","[{""start"": 30, ""end"": 44, ""label"": ""MOUNTAIN"", ""text"": ""Mount Damavand""}]",synthetic_positive_single
train-02265,The map labels both Mount Assiniboine and Mount Churchill.,"[""The"", ""map"", ""labels"", ""both"", ""Mount"", ""Assiniboine"", ""and"", ""Mount"", ""Churchill"", "".""]","[""O"", ""O"", ""O"", ""O"", ""B-MOUNTAIN"", ""I-MOUNTAIN"", ""O"", ""B-MOUNTAIN"", ""I-MOUNTAIN"", ""O""]","[{""start"": 20, ""end"": 37, ""label"": ""MOUNTAIN"", ""text"": ""Mount Assiniboine""}, {""start"": 42, ""end"": 57, ""label"": ""MOUNTAIN"", ""text"": ""Mount Churchill""}]",synthetic_positive_multi
train-02266,The local council compared the training notebook before the deadline.,"[""The"", ""local"", ""council"", ""compared"", ""the"", ""training"", ""notebook"", ""before"", ""the"", ""deadline"", "".""]","[""O"", ""O"", ""O"", ""O"", ""O"", ""O"", ""O"", ""O"", ""O"", ""O"", ""O""]",[],synthetic_negative
train-02267,The photograph shows Mount Kenya at sunrise.,"[""The"", ""photograph"", ""shows"", ""Mount"", ""Kenya"", ""at"", ""sunrise"", "".""]","[""O"", ""O"", ""O"", ""B-MOUNTAIN"", ""I-MOUNTAIN"", ""O"", ""O"", ""O""]","[{""start"": 21, ""end"": 32, ""label"": ""MOUNTAIN"", ""text"": ""Mount Kenya""}]",synthetic_positive_single
train-02268,"During the spring survey, scientists visited Mount Vesuvius.","[""During"", ""the"", ""spring"", ""survey"", "","", ""scientists"", ""visited"", ""Mount"", ""Vesuvius"", "".""]","[""O"", ""O"", ""O"", ""O"", ""O"", ""O"", ""O"", ""B-MOUNTAIN"", ""I-MOUNTAIN"", ""O""]","[{""start"": 45, ""end"": 59, ""label"": ""MOUNTAIN"", ""text"": ""Mount Vesuvius""}]",synthetic_positive_single
train-02269,Photos of Mount Kilimanjaro were displayed in the museum.,"[""Photos"", ""of"", ""Mount"", ""Kilimanjaro"", ""were"", ""displayed"", ""in"", ""the"", ""museum"", "".""]","[""O"", ""O"", ""B-MOUNTAIN"", ""I-MOUNTAIN"", ""O"", ""O"", ""O"", ""O"", ""O"", ""O""]","[{""start"": 10, ""end"": 27, ""label"": ""MOUNTAIN"", ""text"": ""Mount Kilimanjaro""}]",synthetic_positive_single
train-02270,Heavy clouds covered Pip Ivan throughout the morning.,"[""Heavy"", ""clouds"", ""covered"", ""Pip"", ""Ivan"", ""throughout"", ""the"", ""morning"", "".""]","[""O"", ""O"", ""O"", ""B-MOUNTAIN"", ""I-MOUNTAIN"", ""O"", ""O"", ""O"", ""O""]","[{""start"": 21, ""end"": 29, ""label"": ""MOUNTAIN"", ""text"": ""Pip Ivan""}]",synthetic_positive_single
train-02271,Snow remained on the upper slopes of Mount Murchison.,"[""Snow"", ""remained"", ""on"", ""the"", ""upper"", ""slopes"", ""of"", ""Mount"", ""Murchison"", "".""]","[""O"", ""O"", ""O"", ""O"", ""O"", ""O"", ""O"", ""B-MOUNTAIN"", ""I-MOUNTAIN"", ""O""]","[{""start"": 37, ""end"": 52, ""label"": ""MOUNTAIN"", ""text"": ""Mount Murchison""}]",synthetic_positive_single
train-02272,The museum curator printed the budget in the laboratory.,"[""The"", ""museum"", ""curator"", ""printed"", ""the"", ""budget"", ""in"", ""the"", ""laboratory"", "".""]","[""O"", ""O"", ""O"", ""O"", ""O"", ""O"", ""O"", ""O"", ""O"", ""O""]",[],synthetic_negative
train-02273,The mapping agency rejected the sensor reading on Monday.,"[""The"", ""mapping"", ""agency"", ""rejected"", ""the"", ""sensor"", ""reading"", ""on"", ""Monday"", "".""]","[""O"", ""O"", ""O"", ""O"", ""O"", ""O"", ""O"", ""O"", ""O"", ""O""]",[],synthetic_negative
train-02274,"According to the itinerary, Mount Bear is the main destination.","[""According"", ""to"", ""the"", ""itinerary"", "","", ""Mount"", ""Bear"", ""is"", ""the"", ""main"", ""destination"", "".""]","[""O"", ""O"", ""O"", ""O"", ""O"", ""B-MOUNTAIN"", ""I-MOUNTAIN"", ""O"", ""O"", ""O"", ""O"", ""O""]","[{""start"": 28, ""end"": 38, ""label"": ""MOUNTAIN"", ""text"": ""Mount Bear""}]",synthetic_positive_single
train-02275,The travel company approved the camera before lunch.,"[""The"", ""travel"", ""company"", ""approved"", ""the"", ""camera"", ""before"", ""lunch"", "".""]","[""O"", ""O"", ""O"", ""O"", ""O"", ""O"", ""O"", ""O"", ""O""]",[],synthetic_negative
train-02276,Expeditions to Nanga Parbat and Illimani were delayed by bad weather.,"[""Expeditions"", ""to"", ""Nanga"", ""Parbat"", ""and"", ""Illimani"", ""were"", ""delayed"", ""by"", ""bad"", ""weather"", "".""]","[""O"", ""O"", ""B-MOUNTAIN"", ""I-MOUNTAIN"", ""O"", ""B-MOUNTAIN"", ""O"", ""O"", ""O"", ""O"", ""O"", ""O""]","[{""start"": 15, ""end"": 27, ""label"": ""MOUNTAIN"", ""text"": ""Nanga Parbat""}, {""start"": 32, ""end"": 40, ""label"": ""MOUNTAIN"", ""text"": ""Illimani""}]",synthetic_positive_multi
train-02277,The article compares climbing conditions on Mount Tasman with those on Mount Bona.,"[""The"", ""article"", ""compares"", ""climbing"", ""conditions"", ""on"", ""Mount"", ""Tasman"", ""with"", ""those"", ""on"", ""Mount"", ""Bona"", "".""]","[""O"", ""O"", ""O"", ""O"", ""O"", ""O"", ""B-MOUNTAIN"", ""I-MOUNTAIN"", ""O"", ""O"", ""O"", ""B-MOUNTAIN"", ""I-MOUNTAIN"", ""O""]","[{""start"": 44, ""end"": 56, ""label"": ""MOUNTAIN"", ""text"": ""Mount Tasman""}, {""start"": 71, ""end"": 81, ""label"": ""MOUNTAIN"", ""text"": ""Mount Bona""}]",synthetic_positive_multi
train-02278,Expeditions to Fitz Roy and Pikes Peak were delayed by bad weather.,"[""Expeditions"", ""to"", ""Fitz"", ""Roy"", ""and"", ""Pikes"", ""Peak"", ""were"", ""delayed"", ""by"", ""bad"", ""weather"", "".""]","[""O"", ""O"", ""B-MOUNTAIN"", ""I-MOUNTAIN"", ""O"", ""B-MOUNTAIN"", ""I-MOUNTAIN"", ""O"", ""O"", ""O"", ""O"", ""O"", ""O""]","[{""start"": 15, ""end"": 23, ""label"": ""MOUNTAIN"", ""text"": ""Fitz Roy""}, {""start"": 28, ""end"": 38, ""label"": ""MOUNTAIN"", ""text"": ""Pikes Peak""}]",synthetic_positive_multi
train-02279,Several routes lead toward the summit of Mount Haku.,"[""Several"", ""routes"", ""lead"", ""toward"", ""the"", ""summit"", ""of"", ""Mount"", ""Haku"", "".""]","[""O"", ""O"", ""O"", ""O"", ""O"", ""O"", ""O"", ""B-MOUNTAIN"", ""I-MOUNTAIN"", ""O""]","[{""start"": 41, ""end"": 51, ""label"": ""MOUNTAIN"", ""text"": ""Mount Haku""}]",synthetic_positive_single
train-02280,The travel company compared the aircraft during the meeting.,"[""The"", ""travel"", ""company"", ""compared"", ""the"", ""aircraft"", ""during"", ""the"", ""meeting"", "".""]","[""O"", ""O"", ""O"", ""O"", ""O"", ""O"", ""O"", ""O"", ""O"", ""O""]",[],synthetic_negative
train-02281,The climbing club printed the hotel booking at the office.,"[""The"", ""climbing"", ""club"", ""printed"", ""the"", ""hotel"", ""booking"", ""at"", ""the"", ""office"", "".""]","[""O"", ""O"", ""O"", ""O"", ""O"", ""O"", ""O"", ""O"", ""O"", ""O"", ""O""]",[],synthetic_negative
train-02282,Wind speeds increased rapidly around Aoraki Mount Cook.,"[""Wind"", ""speeds"", ""increased"", ""rapidly"", ""around"", ""Aoraki"", ""Mount"", ""Cook"", "".""]","[""O"", ""O"", ""O"", ""O"", ""O"", ""B-MOUNTAIN"", ""I-MOUNTAIN"", ""I-MOUNTAIN"", ""O""]","[{""start"": 37, ""end"": 54, ""label"": ""MOUNTAIN"", ""text"": ""Aoraki Mount Cook""}]",synthetic_positive_single
train-02283,Tourists gathered at a viewpoint facing Gasherbrum II.,"[""Tourists"", ""gathered"", ""at"", ""a"", ""viewpoint"", ""facing"", ""Gasherbrum"", ""II"", "".""]","[""O"", ""O"", ""O"", ""O"", ""O"", ""O"", ""B-MOUNTAIN"", ""I-MOUNTAIN"", ""O""]","[{""start"": 40, ""end"": 53, ""label"": ""MOUNTAIN"", ""text"": ""Gasherbrum II""}]",synthetic_positive_single
train-02284,The expedition reached the summit of Mount Shasta before noon.,"[""The"", ""expedition"", ""reached"", ""the"", ""summit"", ""of"", ""Mount"", ""Shasta"", ""before"", ""noon"", "".""]","[""O"", ""O"", ""O"", ""O"", ""O"", ""O"", ""B-MOUNTAIN"", ""I-MOUNTAIN"", ""O"", ""O"", ""O""]","[{""start"": 37, ""end"": 49, ""label"": ""MOUNTAIN"", ""text"": ""Mount Shasta""}]",synthetic_positive_single
train-02285,Heavy clouds covered Kongur Tagh throughout the morning.,"[""Heavy"", ""clouds"", ""covered"", ""Kongur"", ""Tagh"", ""throughout"", ""the"", ""morning"", "".""]","[""O"", ""O"", ""O"", ""B-MOUNTAIN"", ""I-MOUNTAIN"", ""O"", ""O"", ""O"", ""O""]","[{""start"": 21, ""end"": 32, ""label"": ""MOUNTAIN"", ""text"": ""Kongur Tagh""}]",synthetic_positive_single
train-02286,Images of Cerro Torre were placed beside photographs of Denali.,"[""Images"", ""of"", ""Cerro"", ""Torre"", ""were"", ""placed"", ""beside"", ""photographs"", ""of"", ""Denali"", "".""]","[""O"", ""O"", ""B-MOUNTAIN"", ""I-MOUNTAIN"", ""O"", ""O"", ""O"", ""O"", ""O"", ""B-MOUNTAIN"", ""O""]","[{""start"": 10, ""end"": 21, ""label"": ""MOUNTAIN"", ""text"": ""Cerro Torre""}, {""start"": 56, ""end"": 62, ""label"": ""MOUNTAIN"", ""text"": ""Denali""}]",synthetic_positive_multi
train-02287,Several routes lead toward the summit of Mount Wilhelm.,"[""Several"", ""routes"", ""lead"", ""toward"", ""the"", ""summit"", ""of"", ""Mount"", ""Wilhelm"", "".""]","[""O"", ""O"", ""O"", ""O"", ""O"", ""O"", ""O"", ""B-MOUNTAIN"", ""I-MOUNTAIN"", ""O""]","[{""start"": 41, ""end"": 54, ""label"": ""MOUNTAIN"", ""text"": ""Mount Wilhelm""}]",synthetic_positive_single
train-02288,The university department discussed the forest trail during the meeting.,"[""The"", ""university"", ""department"", ""discussed"", ""the"", ""forest"", ""trail"", ""during"", ""the"", ""meeting"", "".""]","[""O"", ""O"", ""O"", ""O"", ""O"", ""O"", ""O"", ""O"", ""O"", ""O"", ""O""]",[],synthetic_negative
train-02289,Wind speeds increased rapidly around Denali.,"[""Wind"", ""speeds"", ""increased"", ""rapidly"", ""around"", ""Denali"", "".""]","[""O"", ""O"", ""O"", ""O"", ""O"", ""B-MOUNTAIN"", ""O""]","[{""start"": 37, ""end"": 43, ""label"": ""MOUNTAIN"", ""text"": ""Denali""}]",synthetic_positive_single
train-02290,The local council rejected the expedition permit on Monday.,"[""The"", ""local"", ""council"", ""rejected"", ""the"", ""expedition"", ""permit"", ""on"", ""Monday"", "".""]","[""O"", ""O"", ""O"", ""O"", ""O"", ""O"", ""O"", ""O"", ""O"", ""O""]",[],synthetic_negative
train-02291,The local council checked the sales peak at the office.,"[""The"", ""local"", ""council"", ""checked"", ""the"", ""sales"", ""peak"", ""at"", ""the"", ""office"", "".""]","[""O"", ""O"", ""O"", ""O"", ""O"", ""O"", ""O"", ""O"", ""O"", ""O"", ""O""]",[],synthetic_negative
train-02292,The university department translated the sensor reading at the office.,"[""The"", ""university"", ""department"", ""translated"", ""the"", ""sensor"", ""reading"", ""at"", ""the"", ""office"", "".""]","[""O"", ""O"", ""O"", ""O"", ""O"", ""O"", ""O"", ""O"", ""O"", ""O"", ""O""]",[],synthetic_negative
train-02293,The base camp below Mount Erebus was moved to safer ground.,"[""The"", ""base"", ""camp"", ""below"", ""Mount"", ""Erebus"", ""was"", ""moved"", ""to"", ""safer"", ""ground"", "".""]","[""O"", ""O"", ""O"", ""O"", ""B-MOUNTAIN"", ""I-MOUNTAIN"", ""O"", ""O"", ""O"", ""O"", ""O"", ""O""]","[{""start"": 20, ""end"": 32, ""label"": ""MOUNTAIN"", ""text"": ""Mount Erebus""}]",synthetic_positive_single
train-02294,The glacier on Mount Cameroon has retreated in recent decades.,"[""The"", ""glacier"", ""on"", ""Mount"", ""Cameroon"", ""has"", ""retreated"", ""in"", ""recent"", ""decades"", "".""]","[""O"", ""O"", ""O"", ""B-MOUNTAIN"", ""I-MOUNTAIN"", ""O"", ""O"", ""O"", ""O"", ""O"", ""O""]","[{""start"": 15, ""end"": 29, ""label"": ""MOUNTAIN"", ""text"": ""Mount Cameroon""}]",synthetic_positive_single
train-02295,The expedition reached the summit of Aoraki Mount Cook before noon.,"[""The"", ""expedition"", ""reached"", ""the"", ""summit"", ""of"", ""Aoraki"", ""Mount"", ""Cook"", ""before"", ""noon"", "".""]","[""O"", ""O"", ""O"", ""O"", ""O"", ""O"", ""B-MOUNTAIN"", ""I-MOUNTAIN"", ""I-MOUNTAIN"", ""O"", ""O"", ""O""]","[{""start"": 37, ""end"": 54, ""label"": ""MOUNTAIN"", ""text"": ""Aoraki Mount Cook""}]",synthetic_positive_single
train-02296,The article compares climbing conditions on Mount Baker with those on Mount Churchill.,"[""The"", ""article"", ""compares"", ""climbing"", ""conditions"", ""on"", ""Mount"", ""Baker"", ""with"", ""those"", ""on"", ""Mount"", ""Churchill"", "".""]","[""O"", ""O"", ""O"", ""O"", ""O"", ""O"", ""B-MOUNTAIN"", ""I-MOUNTAIN"", ""O"", ""O"", ""O"", ""B-MOUNTAIN"", ""I-MOUNTAIN"", ""O""]","[{""start"": 44, ""end"": 55, ""label"": ""MOUNTAIN"", ""text"": ""Mount Baker""}, {""start"": 70, ""end"": 85, ""label"": ""MOUNTAIN"", ""text"": ""Mount Churchill""}]",synthetic_positive_multi
train-02297,"In the final chapter, the author describes an ascent of Mount Blackburn.","[""In"", ""the"", ""final"", ""chapter"", "","", ""the"", ""author"", ""describes"", ""an"", ""ascent"", ""of"", ""Mount"", ""Blackburn"", "".""]","[""O"", ""O"", ""O"", ""O"", ""O"", ""O"", ""O"", ""O"", ""O"", ""O"", ""O"", ""B-MOUNTAIN"", ""I-MOUNTAIN"", ""O""]","[{""start"": 56, ""end"": 71, ""label"": ""MOUNTAIN"", ""text"": ""Mount Blackburn""}]",synthetic_positive_single
train-02298,The climbers postponed their attempt on Petros.,"[""The"", ""climbers"", ""postponed"", ""their"", ""attempt"", ""on"", ""Petros"", "".""]","[""O"", ""O"", ""O"", ""O"", ""O"", ""O"", ""B-MOUNTAIN"", ""O""]","[{""start"": 40, ""end"": 46, ""label"": ""MOUNTAIN"", ""text"": ""Petros""}]",synthetic_positive_single
train-02299,The rescue unit archived the schedule at the office.,"[""The"", ""rescue"", ""unit"", ""archived"", ""the"", ""schedule"", ""at"", ""the"", ""office"", "".""]","[""O"", ""O"", ""O"", ""O"", ""O"", ""O"", ""O"", ""O"", ""O"", ""O""]",[],synthetic_negative
train-02300,"From the eastern ridge, we watched the sun rise behind Scafell Pike.","[""From"", ""the"", ""eastern"", ""ridge"", "","", ""we"", ""watched"", ""the"", ""sun"", ""rise"", ""behind"", ""Scafell"", ""Pike"", "".""]","[""O"", ""O"", ""O"", ""O"", ""O"", ""O"", ""O"", ""O"", ""O"", ""O"", ""O"", ""B-MOUNTAIN"", ""I-MOUNTAIN"", ""O""]","[{""start"": 55, ""end"": 67, ""label"": ""MOUNTAIN"", ""text"": ""Scafell Pike""}]",synthetic_positive_single
train-02301,The rescue unit printed the conference program after the presentation.,"[""The"", ""rescue"", ""unit"", ""printed"", ""the"", ""conference"", ""program"", ""after"", ""the"", ""presentation"", "".""]","[""O"", ""O"", ""O"", ""O"", ""O"", ""O"", ""O"", ""O"", ""O"", ""O"", ""O""]",[],synthetic_negative
train-02302,The climbing club printed the expedition permit before the deadline.,"[""The"", ""climbing"", ""club"", ""printed"", ""the"", ""expedition"", ""permit"", ""before"", ""the"", ""deadline"", "".""]","[""O"", ""O"", ""O"", ""O"", ""O"", ""O"", ""O"", ""O"", ""O"", ""O"", ""O""]",[],synthetic_negative
train-02303,The university department rejected the budget before the deadline.,"[""The"", ""university"", ""department"", ""rejected"", ""the"", ""budget"", ""before"", ""the"", ""deadline"", "".""]","[""O"", ""O"", ""O"", ""O"", ""O"", ""O"", ""O"", ""O"", ""O"", ""O""]",[],synthetic_negative
train-02304,The team discussed whether to attempt Pikes Peak or Cerro Torre.,"[""The"", ""team"", ""discussed"", ""whether"", ""to"", ""attempt"", ""Pikes"", ""Peak"", ""or"", ""Cerro"", ""Torre"", "".""]","[""O"", ""O"", ""O"", ""O"", ""O"", ""O"", ""B-MOUNTAIN"", ""I-MOUNTAIN"", ""O"", ""B-MOUNTAIN"", ""I-MOUNTAIN"", ""O""]","[{""start"": 38, ""end"": 48, ""label"": ""MOUNTAIN"", ""text"": ""Pikes Peak""}, {""start"": 52, ""end"": 63, ""label"": ""MOUNTAIN"", ""text"": ""Cerro Torre""}]",synthetic_positive_multi
train-02305,The museum curator shared the cliff photograph on Monday.,"[""The"", ""museum"", ""curator"", ""shared"", ""the"", ""cliff"", ""photograph"", ""on"", ""Monday"", "".""]","[""O"", ""O"", ""O"", ""O"", ""O"", ""O"", ""O"", ""O"", ""O"", ""O""]",[],synthetic_negative
train-02306,We could clearly see Mount Vesuvius from the valley.,"[""We"", ""could"", ""clearly"", ""see"", ""Mount"", ""Vesuvius"", ""from"", ""the"", ""valley"", "".""]","[""O"", ""O"", ""O"", ""O"", ""B-MOUNTAIN"", ""I-MOUNTAIN"", ""O"", ""O"", ""O"", ""O""]","[{""start"": 21, ""end"": 35, ""label"": ""MOUNTAIN"", ""text"": ""Mount Vesuvius""}]",synthetic_positive_single
train-02307,Have you ever seen Mount Fuji in winter?,"[""Have"", ""you"", ""ever"", ""seen"", ""Mount"", ""Fuji"", ""in"", ""winter"", ""?""]","[""O"", ""O"", ""O"", ""O"", ""B-MOUNTAIN"", ""I-MOUNTAIN"", ""O"", ""O"", ""O""]","[{""start"": 19, ""end"": 29, ""label"": ""MOUNTAIN"", ""text"": ""Mount Fuji""}]",synthetic_positive_single
train-02308,The team measured snow depth on Sajama.,"[""The"", ""team"", ""measured"", ""snow"", ""depth"", ""on"", ""Sajama"", "".""]","[""O"", ""O"", ""O"", ""O"", ""O"", ""O"", ""B-MOUNTAIN"", ""O""]","[{""start"": 32, ""end"": 38, ""label"": ""MOUNTAIN"", ""text"": ""Sajama""}]",synthetic_positive_single
train-02309,The tourist group published the route before the deadline.,"[""The"", ""tourist"", ""group"", ""published"", ""the"", ""route"", ""before"", ""the"", ""deadline"", "".""]","[""O"", ""O"", ""O"", ""O"", ""O"", ""O"", ""O"", ""O"", ""O"", ""O""]",[],synthetic_negative
train-02310,The university department shared the budget before the deadline.,"[""The"", ""university"", ""department"", ""shared"", ""the"", ""budget"", ""before"", ""the"", ""deadline"", "".""]","[""O"", ""O"", ""O"", ""O"", ""O"", ""O"", ""O"", ""O"", ""O"", ""O""]",[],synthetic_negative
train-02311,Photos of Mount Vesuvius were displayed in the museum.,"[""Photos"", ""of"", ""Mount"", ""Vesuvius"", ""were"", ""displayed"", ""in"", ""the"", ""museum"", "".""]","[""O"", ""O"", ""B-MOUNTAIN"", ""I-MOUNTAIN"", ""O"", ""O"", ""O"", ""O"", ""O"", ""O""]","[{""start"": 10, ""end"": 24, ""label"": ""MOUNTAIN"", ""text"": ""Mount Vesuvius""}]",synthetic_positive_single
train-02312,A helicopter circled above Illimani during the rescue.,"[""A"", ""helicopter"", ""circled"", ""above"", ""Illimani"", ""during"", ""the"", ""rescue"", "".""]","[""O"", ""O"", ""O"", ""O"", ""B-MOUNTAIN"", ""O"", ""O"", ""O"", ""O""]","[{""start"": 27, ""end"": 35, ""label"": ""MOUNTAIN"", ""text"": ""Illimani""}]",synthetic_positive_single
train-02313,A new trail provides access to Mount Ngauruhoe.,"[""A"", ""new"", ""trail"", ""provides"", ""access"", ""to"", ""Mount"", ""Ngauruhoe"", "".""]","[""O"", ""O"", ""O"", ""O"", ""O"", ""O"", ""B-MOUNTAIN"", ""I-MOUNTAIN"", ""O""]","[{""start"": 31, ""end"": 46, ""label"": ""MOUNTAIN"", ""text"": ""Mount Ngauruhoe""}]",synthetic_positive_single
train-02314,The documentary follows expeditions to Mount Cook and later to Mount Lendenfeld.,"[""The"", ""documentary"", ""follows"", ""expeditions"", ""to"", ""Mount"", ""Cook"", ""and"", ""later"", ""to"", ""Mount"", ""Lendenfeld"", "".""]","[""O"", ""O"", ""O"", ""O"", ""O"", ""B-MOUNTAIN"", ""I-MOUNTAIN"", ""O"", ""O"", ""O"", ""B-MOUNTAIN"", ""I-MOUNTAIN"", ""O""]","[{""start"": 39, ""end"": 49, ""label"": ""MOUNTAIN"", ""text"": ""Mount Cook""}, {""start"": 63, ""end"": 79, ""label"": ""MOUNTAIN"", ""text"": ""Mount Lendenfeld""}]",synthetic_positive_multi
train-02315,The local council rejected the forest trail during the meeting.,"[""The"", ""local"", ""council"", ""rejected"", ""the"", ""forest"", ""trail"", ""during"", ""the"", ""meeting"", "".""]","[""O"", ""O"", ""O"", ""O"", ""O"", ""O"", ""O"", ""O"", ""O"", ""O"", ""O""]",[],synthetic_negative
train-02316,The guide warned us not to underestimate Ras Dashen.,"[""The"", ""guide"", ""warned"", ""us"", ""not"", ""to"", ""underestimate"", ""Ras"", ""Dashen"", "".""]","[""O"", ""O"", ""O"", ""O"", ""O"", ""O"", ""O"", ""B-MOUNTAIN"", ""I-MOUNTAIN"", ""O""]","[{""start"": 41, ""end"": 51, ""label"": ""MOUNTAIN"", ""text"": ""Ras Dashen""}]",synthetic_positive_single
train-02317,The travel company discussed the training notebook in the final report.,"[""The"", ""travel"", ""company"", ""discussed"", ""the"", ""training"", ""notebook"", ""in"", ""the"", ""final"", ""report"", "".""]","[""O"", ""O"", ""O"", ""O"", ""O"", ""O"", ""O"", ""O"", ""O"", ""O"", ""O"", ""O""]",[],synthetic_negative
train-02318,The film crew checked the satellite image in the laboratory.,"[""The"", ""film"", ""crew"", ""checked"", ""the"", ""satellite"", ""image"", ""in"", ""the"", ""laboratory"", "".""]","[""O"", ""O"", ""O"", ""O"", ""O"", ""O"", ""O"", ""O"", ""O"", ""O"", ""O""]",[],synthetic_negative
train-02319,The climbing club archived the budget at the airport.,"[""The"", ""climbing"", ""club"", ""archived"", ""the"", ""budget"", ""at"", ""the"", ""airport"", "".""]","[""O"", ""O"", ""O"", ""O"", ""O"", ""O"", ""O"", ""O"", ""O"", ""O""]",[],synthetic_negative
train-02320,"Unlike Mount Assiniboine, Mount Shasta was hidden by clouds.","[""Unlike"", ""Mount"", ""Assiniboine"", "","", ""Mount"", ""Shasta"", ""was"", ""hidden"", ""by"", ""clouds"", "".""]","[""O"", ""B-MOUNTAIN"", ""I-MOUNTAIN"", ""O"", ""B-MOUNTAIN"", ""I-MOUNTAIN"", ""O"", ""O"", ""O"", ""O"", ""O""]","[{""start"": 7, ""end"": 24, ""label"": ""MOUNTAIN"", ""text"": ""Mount Assiniboine""}, {""start"": 26, ""end"": 38, ""label"": ""MOUNTAIN"", ""text"": ""Mount Shasta""}]",synthetic_positive_multi
train-02321,The documentary follows expeditions to Mount Tongariro and later to Mount Ngauruhoe.,"[""The"", ""documentary"", ""follows"", ""expeditions"", ""to"", ""Mount"", ""Tongariro"", ""and"", ""later"", ""to"", ""Mount"", ""Ngauruhoe"", "".""]","[""O"", ""O"", ""O"", ""O"", ""O"", ""B-MOUNTAIN"", ""I-MOUNTAIN"", ""O"", ""O"", ""O"", ""B-MOUNTAIN"", ""I-MOUNTAIN"", ""O""]","[{""start"": 39, ""end"": 54, ""label"": ""MOUNTAIN"", ""text"": ""Mount Tongariro""}, {""start"": 68, ""end"": 83, ""label"": ""MOUNTAIN"", ""text"": ""Mount Ngauruhoe""}]",synthetic_positive_multi
train-02322,A small village lies below Mount Augusta.,"[""A"", ""small"", ""village"", ""lies"", ""below"", ""Mount"", ""Augusta"", "".""]","[""O"", ""O"", ""O"", ""O"", ""O"", ""B-MOUNTAIN"", ""I-MOUNTAIN"", ""O""]","[{""start"": 27, ""end"": 40, ""label"": ""MOUNTAIN"", ""text"": ""Mount Augusta""}]",synthetic_positive_single
train-02323,"During the spring survey, scientists visited Muztagh Ata.","[""During"", ""the"", ""spring"", ""survey"", "","", ""scientists"", ""visited"", ""Muztagh"", ""Ata"", "".""]","[""O"", ""O"", ""O"", ""O"", ""O"", ""O"", ""O"", ""B-MOUNTAIN"", ""I-MOUNTAIN"", ""O""]","[{""start"": 45, ""end"": 56, ""label"": ""MOUNTAIN"", ""text"": ""Muztagh Ata""}]",synthetic_positive_single
train-02324,The documentary follows expeditions to Ben Nevis and later to Mount Fairweather.,"[""The"", ""documentary"", ""follows"", ""expeditions"", ""to"", ""Ben"", ""Nevis"", ""and"", ""later"", ""to"", ""Mount"", ""Fairweather"", "".""]","[""O"", ""O"", ""O"", ""O"", ""O"", ""B-MOUNTAIN"", ""I-MOUNTAIN"", ""O"", ""O"", ""O"", ""B-MOUNTAIN"", ""I-MOUNTAIN"", ""O""]","[{""start"": 39, ""end"": 48, ""label"": ""MOUNTAIN"", ""text"": ""Ben Nevis""}, {""start"": 62, ""end"": 79, ""label"": ""MOUNTAIN"", ""text"": ""Mount Fairweather""}]",synthetic_positive_multi
train-02325,"After weeks of preparation, the group departed for Machapuchare.","[""After"", ""weeks"", ""of"", ""preparation"", "","", ""the"", ""group"", ""departed"", ""for"", ""Machapuchare"", "".""]","[""O"", ""O"", ""O"", ""O"", ""O"", ""O"", ""O"", ""O"", ""O"", ""B-MOUNTAIN"", ""O""]","[{""start"": 51, ""end"": 63, ""label"": ""MOUNTAIN"", ""text"": ""Machapuchare""}]",synthetic_positive_single
train-02326,The museum curator updated the valley during the conference.,"[""The"", ""museum"", ""curator"", ""updated"", ""the"", ""valley"", ""during"", ""the"", ""conference"", "".""]","[""O"", ""O"", ""O"", ""O"", ""O"", ""O"", ""O"", ""O"", ""O"", ""O""]",[],synthetic_negative
train-02327,The team measured snow depth on Mount Ngauruhoe.,"[""The"", ""team"", ""measured"", ""snow"", ""depth"", ""on"", ""Mount"", ""Ngauruhoe"", "".""]","[""O"", ""O"", ""O"", ""O"", ""O"", ""O"", ""B-MOUNTAIN"", ""I-MOUNTAIN"", ""O""]","[{""start"": 32, ""end"": 47, ""label"": ""MOUNTAIN"", ""text"": ""Mount Ngauruhoe""}]",synthetic_positive_single
train-02328,Tourists gathered at a viewpoint facing Huayna Potosi.,"[""Tourists"", ""gathered"", ""at"", ""a"", ""viewpoint"", ""facing"", ""Huayna"", ""Potosi"", "".""]","[""O"", ""O"", ""O"", ""O"", ""O"", ""O"", ""B-MOUNTAIN"", ""I-MOUNTAIN"", ""O""]","[{""start"": 40, ""end"": 53, ""label"": ""MOUNTAIN"", ""text"": ""Huayna Potosi""}]",synthetic_positive_single
train-02329,A documentary crew filmed near Annapurna.,"[""A"", ""documentary"", ""crew"", ""filmed"", ""near"", ""Annapurna"", "".""]","[""O"", ""O"", ""O"", ""O"", ""O"", ""B-MOUNTAIN"", ""O""]","[{""start"": 31, ""end"": 40, ""label"": ""MOUNTAIN"", ""text"": ""Annapurna""}]",synthetic_positive_single
train-02330,The rescue unit archived the training notebook at the airport.,"[""The"", ""rescue"", ""unit"", ""archived"", ""the"", ""training"", ""notebook"", ""at"", ""the"", ""airport"", "".""]","[""O"", ""O"", ""O"", ""O"", ""O"", ""O"", ""O"", ""O"", ""O"", ""O"", ""O""]",[],synthetic_negative
train-02331,Our route passes near Mount Fuji before turning toward Chimborazo.,"[""Our"", ""route"", ""passes"", ""near"", ""Mount"", ""Fuji"", ""before"", ""turning"", ""toward"", ""Chimborazo"", "".""]","[""O"", ""O"", ""O"", ""O"", ""B-MOUNTAIN"", ""I-MOUNTAIN"", ""O"", ""O"", ""O"", ""B-MOUNTAIN"", ""O""]","[{""start"": 22, ""end"": 32, ""label"": ""MOUNTAIN"", ""text"": ""Mount Fuji""}, {""start"": 55, ""end"": 65, ""label"": ""MOUNTAIN"", ""text"": ""Chimborazo""}]",synthetic_positive_multi
train-02332,"Yesterday, Mount Ruapehu was barely visible through the mist.","[""Yesterday"", "","", ""Mount"", ""Ruapehu"", ""was"", ""barely"", ""visible"", ""through"", ""the"", ""mist"", "".""]","[""O"", ""O"", ""B-MOUNTAIN"", ""I-MOUNTAIN"", ""O"", ""O"", ""O"", ""O"", ""O"", ""O"", ""O""]","[{""start"": 11, ""end"": 24, ""label"": ""MOUNTAIN"", ""text"": ""Mount Ruapehu""}]",synthetic_positive_single
train-02333,The tourist group printed the validation result during the conference.,"[""The"", ""tourist"", ""group"", ""printed"", ""the"", ""validation"", ""result"", ""during"", ""the"", ""conference"", "".""]","[""O"", ""O"", ""O"", ""O"", ""O"", ""O"", ""O"", ""O"", ""O"", ""O"", ""O""]",[],synthetic_negative
train-02334,An avalanche warning was issued for the area around Mount Bromo.,"[""An"", ""avalanche"", ""warning"", ""was"", ""issued"", ""for"", ""the"", ""area"", ""around"", ""Mount"", ""Bromo"", "".""]","[""O"", ""O"", ""O"", ""O"", ""O"", ""O"", ""O"", ""O"", ""O"", ""B-MOUNTAIN"", ""I-MOUNTAIN"", ""O""]","[{""start"": 52, ""end"": 63, ""label"": ""MOUNTAIN"", ""text"": ""Mount Bromo""}]",synthetic_positive_single
train-02335,The route to Fitz Roy was closed after the storm.,"[""The"", ""route"", ""to"", ""Fitz"", ""Roy"", ""was"", ""closed"", ""after"", ""the"", ""storm"", "".""]","[""O"", ""O"", ""O"", ""B-MOUNTAIN"", ""I-MOUNTAIN"", ""O"", ""O"", ""O"", ""O"", ""O"", ""O""]","[{""start"": 13, ""end"": 21, ""label"": ""MOUNTAIN"", ""text"": ""Fitz Roy""}]",synthetic_positive_single
train-02336,A helicopter circled above Mount Hunter during the rescue.,"[""A"", ""helicopter"", ""circled"", ""above"", ""Mount"", ""Hunter"", ""during"", ""the"", ""rescue"", "".""]","[""O"", ""O"", ""O"", ""O"", ""B-MOUNTAIN"", ""I-MOUNTAIN"", ""O"", ""O"", ""O"", ""O""]","[{""start"": 27, ""end"": 39, ""label"": ""MOUNTAIN"", ""text"": ""Mount Hunter""}]",synthetic_positive_single
train-02337,The research team printed the forest trail during the meeting.,"[""The"", ""research"", ""team"", ""printed"", ""the"", ""forest"", ""trail"", ""during"", ""the"", ""meeting"", "".""]","[""O"", ""O"", ""O"", ""O"", ""O"", ""O"", ""O"", ""O"", ""O"", ""O"", ""O""]",[],synthetic_negative
train-02338,The route to Mount Wilhelm was closed after the storm.,"[""The"", ""route"", ""to"", ""Mount"", ""Wilhelm"", ""was"", ""closed"", ""after"", ""the"", ""storm"", "".""]","[""O"", ""O"", ""O"", ""B-MOUNTAIN"", ""I-MOUNTAIN"", ""O"", ""O"", ""O"", ""O"", ""O"", ""O""]","[{""start"": 13, ""end"": 26, ""label"": ""MOUNTAIN"", ""text"": ""Mount Wilhelm""}]",synthetic_positive_single
train-02339,The climbers postponed their attempt on Mount Etna.,"[""The"", ""climbers"", ""postponed"", ""their"", ""attempt"", ""on"", ""Mount"", ""Etna"", "".""]","[""O"", ""O"", ""O"", ""O"", ""O"", ""O"", ""B-MOUNTAIN"", ""I-MOUNTAIN"", ""O""]","[{""start"": 40, ""end"": 50, ""label"": ""MOUNTAIN"", ""text"": ""Mount Etna""}]",synthetic_positive_single
train-02340,Expeditions to Mount Vancouver and Sajama were delayed by bad weather.,"[""Expeditions"", ""to"", ""Mount"", ""Vancouver"", ""and"", ""Sajama"", ""were"", ""delayed"", ""by"", ""bad"", ""weather"", "".""]","[""O"", ""O"", ""B-MOUNTAIN"", ""I-MOUNTAIN"", ""O"", ""B-MOUNTAIN"", ""O"", ""O"", ""O"", ""O"", ""O"", ""O""]","[{""start"": 15, ""end"": 30, ""label"": ""MOUNTAIN"", ""text"": ""Mount Vancouver""}, {""start"": 35, ""end"": 41, ""label"": ""MOUNTAIN"", ""text"": ""Sajama""}]",synthetic_positive_multi
train-02341,The base camp below Mount Assiniboine was moved to safer ground.,"[""The"", ""base"", ""camp"", ""below"", ""Mount"", ""Assiniboine"", ""was"", ""moved"", ""to"", ""safer"", ""ground"", "".""]","[""O"", ""O"", ""O"", ""O"", ""B-MOUNTAIN"", ""I-MOUNTAIN"", ""O"", ""O"", ""O"", ""O"", ""O"", ""O""]","[{""start"": 20, ""end"": 37, ""label"": ""MOUNTAIN"", ""text"": ""Mount Assiniboine""}]",synthetic_positive_single
train-02342,Images of Mount Baker were placed beside photographs of Kangchenjunga.,"[""Images"", ""of"", ""Mount"", ""Baker"", ""were"", ""placed"", ""beside"", ""photographs"", ""of"", ""Kangchenjunga"", "".""]","[""O"", ""O"", ""B-MOUNTAIN"", ""I-MOUNTAIN"", ""O"", ""O"", ""O"", ""O"", ""O"", ""B-MOUNTAIN"", ""O""]","[{""start"": 10, ""end"": 21, ""label"": ""MOUNTAIN"", ""text"": ""Mount Baker""}, {""start"": 56, ""end"": 69, ""label"": ""MOUNTAIN"", ""text"": ""Kangchenjunga""}]",synthetic_positive_multi
train-02343,The travel company checked the validation result during the conference.,"[""The"", ""travel"", ""company"", ""checked"", ""the"", ""validation"", ""result"", ""during"", ""the"", ""conference"", "".""]","[""O"", ""O"", ""O"", ""O"", ""O"", ""O"", ""O"", ""O"", ""O"", ""O"", ""O""]",[],synthetic_negative
train-02344,The tourist group shared the summit plan before the deadline.,"[""The"", ""tourist"", ""group"", ""shared"", ""the"", ""summit"", ""plan"", ""before"", ""the"", ""deadline"", "".""]","[""O"", ""O"", ""O"", ""O"", ""O"", ""O"", ""O"", ""O"", ""O"", ""O"", ""O""]",[],synthetic_negative
train-02345,The rescue team returned safely from Kongur Tagh.,"[""The"", ""rescue"", ""team"", ""returned"", ""safely"", ""from"", ""Kongur"", ""Tagh"", "".""]","[""O"", ""O"", ""O"", ""O"", ""O"", ""O"", ""B-MOUNTAIN"", ""I-MOUNTAIN"", ""O""]","[{""start"": 37, ""end"": 48, ""label"": ""MOUNTAIN"", ""text"": ""Kongur Tagh""}]",synthetic_positive_single
train-02346,An avalanche warning was issued for the area around Mount Damavand.,"[""An"", ""avalanche"", ""warning"", ""was"", ""issued"", ""for"", ""the"", ""area"", ""around"", ""Mount"", ""Damavand"", "".""]","[""O"", ""O"", ""O"", ""O"", ""O"", ""O"", ""O"", ""O"", ""O"", ""B-MOUNTAIN"", ""I-MOUNTAIN"", ""O""]","[{""start"": 52, ""end"": 66, ""label"": ""MOUNTAIN"", ""text"": ""Mount Damavand""}]",synthetic_positive_single
train-02347,Tourists gathered at a viewpoint facing Mount Churchill.,"[""Tourists"", ""gathered"", ""at"", ""a"", ""viewpoint"", ""facing"", ""Mount"", ""Churchill"", "".""]","[""O"", ""O"", ""O"", ""O"", ""O"", ""O"", ""B-MOUNTAIN"", ""I-MOUNTAIN"", ""O""]","[{""start"": 40, ""end"": 55, ""label"": ""MOUNTAIN"", ""text"": ""Mount Churchill""}]",synthetic_positive_single
train-02348,The local council translated the ridge map at the airport.,"[""The"", ""local"", ""council"", ""translated"", ""the"", ""ridge"", ""map"", ""at"", ""the"", ""airport"", "".""]","[""O"", ""O"", ""O"", ""O"", ""O"", ""O"", ""O"", ""O"", ""O"", ""O"", ""O""]",[],synthetic_negative
train-02349,The guide warned us not to underestimate Jungfrau.,"[""The"", ""guide"", ""warned"", ""us"", ""not"", ""to"", ""underestimate"", ""Jungfrau"", "".""]","[""O"", ""O"", ""O"", ""O"", ""O"", ""O"", ""O"", ""B-MOUNTAIN"", ""O""]","[{""start"": 41, ""end"": 49, ""label"": ""MOUNTAIN"", ""text"": ""Jungfrau""}]",synthetic_positive_single
train-02350,"In the final chapter, the author describes an ascent of Mount Tongariro.","[""In"", ""the"", ""final"", ""chapter"", "","", ""the"", ""author"", ""describes"", ""an"", ""ascent"", ""of"", ""Mount"", ""Tongariro"", "".""]","[""O"", ""O"", ""O"", ""O"", ""O"", ""O"", ""O"", ""O"", ""O"", ""O"", ""O"", ""B-MOUNTAIN"", ""I-MOUNTAIN"", ""O""]","[{""start"": 56, ""end"": 71, ""label"": ""MOUNTAIN"", ""text"": ""Mount Tongariro""}]",synthetic_positive_single
train-02351,Researchers installed weather sensors on Aconcagua.,"[""Researchers"", ""installed"", ""weather"", ""sensors"", ""on"", ""Aconcagua"", "".""]","[""O"", ""O"", ""O"", ""O"", ""O"", ""B-MOUNTAIN"", ""O""]","[{""start"": 41, ""end"": 50, ""label"": ""MOUNTAIN"", ""text"": ""Aconcagua""}]",synthetic_positive_single
train-02352,The mapping agency compared the conference program during the meeting.,"[""The"", ""mapping"", ""agency"", ""compared"", ""the"", ""conference"", ""program"", ""during"", ""the"", ""meeting"", "".""]","[""O"", ""O"", ""O"", ""O"", ""O"", ""O"", ""O"", ""O"", ""O"", ""O"", ""O""]",[],synthetic_negative
train-02353,The route to Cho Oyu was closed after the storm.,"[""The"", ""route"", ""to"", ""Cho"", ""Oyu"", ""was"", ""closed"", ""after"", ""the"", ""storm"", "".""]","[""O"", ""O"", ""O"", ""B-MOUNTAIN"", ""I-MOUNTAIN"", ""O"", ""O"", ""O"", ""O"", ""O"", ""O""]","[{""start"": 13, ""end"": 20, ""label"": ""MOUNTAIN"", ""text"": ""Cho Oyu""}]",synthetic_positive_single
train-02354,The article compares climbing conditions on Mount Sanford with those on Mount Shasta.,"[""The"", ""article"", ""compares"", ""climbing"", ""conditions"", ""on"", ""Mount"", ""Sanford"", ""with"", ""those"", ""on"", ""Mount"", ""Shasta"", "".""]","[""O"", ""O"", ""O"", ""O"", ""O"", ""O"", ""B-MOUNTAIN"", ""I-MOUNTAIN"", ""O"", ""O"", ""O"", ""B-MOUNTAIN"", ""I-MOUNTAIN"", ""O""]","[{""start"": 44, ""end"": 57, ""label"": ""MOUNTAIN"", ""text"": ""Mount Sanford""}, {""start"": 72, ""end"": 84, ""label"": ""MOUNTAIN"", ""text"": ""Mount Shasta""}]",synthetic_positive_multi
train-02355,Wind speeds increased rapidly around Muztagh Ata.,"[""Wind"", ""speeds"", ""increased"", ""rapidly"", ""around"", ""Muztagh"", ""Ata"", "".""]","[""O"", ""O"", ""O"", ""O"", ""O"", ""B-MOUNTAIN"", ""I-MOUNTAIN"", ""O""]","[{""start"": 37, ""end"": 48, ""label"": ""MOUNTAIN"", ""text"": ""Muztagh Ata""}]",synthetic_positive_single
train-02356,"She has photographed Mount Churchill, Mount Whitney, and several nearby peaks.","[""She"", ""has"", ""photographed"", ""Mount"", ""Churchill"", "","", ""Mount"", ""Whitney"", "","", ""and"", ""several"", ""nearby"", ""peaks"", "".""]","[""O"", ""O"", ""O"", ""B-MOUNTAIN"", ""I-MOUNTAIN"", ""O"", ""B-MOUNTAIN"", ""I-MOUNTAIN"", ""O"", ""O"", ""O"", ""O"", ""O"", ""O""]","[{""start"": 21, ""end"": 36, ""label"": ""MOUNTAIN"", ""text"": ""Mount Churchill""}, {""start"": 38, ""end"": 51, ""label"": ""MOUNTAIN"", ""text"": ""Mount Whitney""}]",synthetic_positive_multi
train-02357,The climbers postponed their attempt on Mount Columbia.,"[""The"", ""climbers"", ""postponed"", ""their"", ""attempt"", ""on"", ""Mount"", ""Columbia"", "".""]","[""O"", ""O"", ""O"", ""O"", ""O"", ""O"", ""B-MOUNTAIN"", ""I-MOUNTAIN"", ""O""]","[{""start"": 40, ""end"": 54, ""label"": ""MOUNTAIN"", ""text"": ""Mount Columbia""}]",synthetic_positive_single
train-02358,The film crew published the research report after the presentation.,"[""The"", ""film"", ""crew"", ""published"", ""the"", ""research"", ""report"", ""after"", ""the"", ""presentation"", "".""]","[""O"", ""O"", ""O"", ""O"", ""O"", ""O"", ""O"", ""O"", ""O"", ""O"", ""O""]",[],synthetic_negative
train-02359,The travel company translated the sensor reading before the deadline.,"[""The"", ""travel"", ""company"", ""translated"", ""the"", ""sensor"", ""reading"", ""before"", ""the"", ""deadline"", "".""]","[""O"", ""O"", ""O"", ""O"", ""O"", ""O"", ""O"", ""O"", ""O"", ""O"", ""O""]",[],synthetic_negative
train-02360,Have you ever seen Mount Rinjani in winter?,"[""Have"", ""you"", ""ever"", ""seen"", ""Mount"", ""Rinjani"", ""in"", ""winter"", ""?""]","[""O"", ""O"", ""O"", ""O"", ""B-MOUNTAIN"", ""I-MOUNTAIN"", ""O"", ""O"", ""O""]","[{""start"": 19, ""end"": 32, ""label"": ""MOUNTAIN"", ""text"": ""Mount Rinjani""}]",synthetic_positive_single
train-02361,The weather service compared the product range during the meeting.,"[""The"", ""weather"", ""service"", ""compared"", ""the"", ""product"", ""range"", ""during"", ""the"", ""meeting"", "".""]","[""O"", ""O"", ""O"", ""O"", ""O"", ""O"", ""O"", ""O"", ""O"", ""O"", ""O""]",[],synthetic_negative
train-02362,The rescue unit reviewed the summit plan at the office.,"[""The"", ""rescue"", ""unit"", ""reviewed"", ""the"", ""summit"", ""plan"", ""at"", ""the"", ""office"", "".""]","[""O"", ""O"", ""O"", ""O"", ""O"", ""O"", ""O"", ""O"", ""O"", ""O"", ""O""]",[],synthetic_negative
train-02363,"Yesterday, Ras Dashen was barely visible through the mist.","[""Yesterday"", "","", ""Ras"", ""Dashen"", ""was"", ""barely"", ""visible"", ""through"", ""the"", ""mist"", "".""]","[""O"", ""O"", ""B-MOUNTAIN"", ""I-MOUNTAIN"", ""O"", ""O"", ""O"", ""O"", ""O"", ""O"", ""O""]","[{""start"": 11, ""end"": 21, ""label"": ""MOUNTAIN"", ""text"": ""Ras Dashen""}]",synthetic_positive_single
train-02364,The map labels both Mount Kenya and Mount Ararat.,"[""The"", ""map"", ""labels"", ""both"", ""Mount"", ""Kenya"", ""and"", ""Mount"", ""Ararat"", "".""]","[""O"", ""O"", ""O"", ""O"", ""B-MOUNTAIN"", ""I-MOUNTAIN"", ""O"", ""B-MOUNTAIN"", ""I-MOUNTAIN"", ""O""]","[{""start"": 20, ""end"": 31, ""label"": ""MOUNTAIN"", ""text"": ""Mount Kenya""}, {""start"": 36, ""end"": 48, ""label"": ""MOUNTAIN"", ""text"": ""Mount Ararat""}]",synthetic_positive_multi
train-02365,Our route passes near Manaslu before turning toward Mount Mitchell.,"[""Our"", ""route"", ""passes"", ""near"", ""Manaslu"", ""before"", ""turning"", ""toward"", ""Mount"", ""Mitchell"", "".""]","[""O"", ""O"", ""O"", ""O"", ""B-MOUNTAIN"", ""O"", ""O"", ""O"", ""B-MOUNTAIN"", ""I-MOUNTAIN"", ""O""]","[{""start"": 22, ""end"": 29, ""label"": ""MOUNTAIN"", ""text"": ""Manaslu""}, {""start"": 52, ""end"": 66, ""label"": ""MOUNTAIN"", ""text"": ""Mount Mitchell""}]",synthetic_positive_multi
train-02366,The expedition leader published the expedition permit before lunch.,"[""The"", ""expedition"", ""leader"", ""published"", ""the"", ""expedition"", ""permit"", ""before"", ""lunch"", "".""]","[""O"", ""O"", ""O"", ""O"", ""O"", ""O"", ""O"", ""O"", ""O"", ""O""]",[],synthetic_negative
train-02367,The base camp below Mount Mitchell was moved to safer ground.,"[""The"", ""base"", ""camp"", ""below"", ""Mount"", ""Mitchell"", ""was"", ""moved"", ""to"", ""safer"", ""ground"", "".""]","[""O"", ""O"", ""O"", ""O"", ""B-MOUNTAIN"", ""I-MOUNTAIN"", ""O"", ""O"", ""O"", ""O"", ""O"", ""O""]","[{""start"": 20, ""end"": 34, ""label"": ""MOUNTAIN"", ""text"": ""Mount Mitchell""}]",synthetic_positive_single
train-02368,Expeditions to Eiger and Mount Adams were delayed by bad weather.,"[""Expeditions"", ""to"", ""Eiger"", ""and"", ""Mount"", ""Adams"", ""were"", ""delayed"", ""by"", ""bad"", ""weather"", "".""]","[""O"", ""O"", ""B-MOUNTAIN"", ""O"", ""B-MOUNTAIN"", ""I-MOUNTAIN"", ""O"", ""O"", ""O"", ""O"", ""O"", ""O""]","[{""start"": 15, ""end"": 20, ""label"": ""MOUNTAIN"", ""text"": ""Eiger""}, {""start"": 25, ""end"": 36, ""label"": ""MOUNTAIN"", ""text"": ""Mount Adams""}]",synthetic_positive_multi
train-02369,The rescue unit rejected the camera after the presentation.,"[""The"", ""rescue"", ""unit"", ""rejected"", ""the"", ""camera"", ""after"", ""the"", ""presentation"", "".""]","[""O"", ""O"", ""O"", ""O"", ""O"", ""O"", ""O"", ""O"", ""O"", ""O""]",[],synthetic_negative
train-02370,The local council approved the summit plan after the presentation.,"[""The"", ""local"", ""council"", ""approved"", ""the"", ""summit"", ""plan"", ""after"", ""the"", ""presentation"", "".""]","[""O"", ""O"", ""O"", ""O"", ""O"", ""O"", ""O"", ""O"", ""O"", ""O"", ""O""]",[],synthetic_negative
train-02371,"During the spring survey, scientists visited Mount Mitchell.","[""During"", ""the"", ""spring"", ""survey"", "","", ""scientists"", ""visited"", ""Mount"", ""Mitchell"", "".""]","[""O"", ""O"", ""O"", ""O"", ""O"", ""O"", ""O"", ""B-MOUNTAIN"", ""I-MOUNTAIN"", ""O""]","[{""start"": 45, ""end"": 59, ""label"": ""MOUNTAIN"", ""text"": ""Mount Mitchell""}]",synthetic_positive_single
train-02372,The rescue team returned safely from Broad Peak.,"[""The"", ""rescue"", ""team"", ""returned"", ""safely"", ""from"", ""Broad"", ""Peak"", "".""]","[""O"", ""O"", ""O"", ""O"", ""O"", ""O"", ""B-MOUNTAIN"", ""I-MOUNTAIN"", ""O""]","[{""start"": 37, ""end"": 47, ""label"": ""MOUNTAIN"", ""text"": ""Broad Peak""}]",synthetic_positive_single
train-02373,A documentary crew filmed near Mount Bona.,"[""A"", ""documentary"", ""crew"", ""filmed"", ""near"", ""Mount"", ""Bona"", "".""]","[""O"", ""O"", ""O"", ""O"", ""O"", ""B-MOUNTAIN"", ""I-MOUNTAIN"", ""O""]","[{""start"": 31, ""end"": 41, ""label"": ""MOUNTAIN"", ""text"": ""Mount Bona""}]",synthetic_positive_single
train-02374,The expedition leader printed the satellite image in the final report.,"[""The"", ""expedition"", ""leader"", ""printed"", ""the"", ""satellite"", ""image"", ""in"", ""the"", ""final"", ""report"", "".""]","[""O"", ""O"", ""O"", ""O"", ""O"", ""O"", ""O"", ""O"", ""O"", ""O"", ""O"", ""O""]",[],synthetic_negative
train-02375,"For safety reasons, access to Kangchenjunga was temporarily restricted.","[""For"", ""safety"", ""reasons"", "","", ""access"", ""to"", ""Kangchenjunga"", ""was"", ""temporarily"", ""restricted"", "".""]","[""O"", ""O"", ""O"", ""O"", ""O"", ""O"", ""B-MOUNTAIN"", ""O"", ""O"", ""O"", ""O""]","[{""start"": 30, ""end"": 43, ""label"": ""MOUNTAIN"", ""text"": ""Kangchenjunga""}]",synthetic_positive_single
train-02376,The weather service archived the valley before lunch.,"[""The"", ""weather"", ""service"", ""archived"", ""the"", ""valley"", ""before"", ""lunch"", "".""]","[""O"", ""O"", ""O"", ""O"", ""O"", ""O"", ""O"", ""O"", ""O""]",[],synthetic_negative
train-02377,Mount Lucania attracts climbers from around the world.,"[""Mount"", ""Lucania"", ""attracts"", ""climbers"", ""from"", ""around"", ""the"", ""world"", "".""]","[""B-MOUNTAIN"", ""I-MOUNTAIN"", ""O"", ""O"", ""O"", ""O"", ""O"", ""O"", ""O""]","[{""start"": 0, ""end"": 13, ""label"": ""MOUNTAIN"", ""text"": ""Mount Lucania""}]",synthetic_positive_single
train-02378,The travel company shared the expedition permit at the office.,"[""The"", ""travel"", ""company"", ""shared"", ""the"", ""expedition"", ""permit"", ""at"", ""the"", ""office"", "".""]","[""O"", ""O"", ""O"", ""O"", ""O"", ""O"", ""O"", ""O"", ""O"", ""O"", ""O""]",[],synthetic_negative
train-02379,The northern face of Aconcagua looked almost vertical.,"[""The"", ""northern"", ""face"", ""of"", ""Aconcagua"", ""looked"", ""almost"", ""vertical"", "".""]","[""O"", ""O"", ""O"", ""O"", ""B-MOUNTAIN"", ""O"", ""O"", ""O"", ""O""]","[{""start"": 21, ""end"": 30, ""label"": ""MOUNTAIN"", ""text"": ""Aconcagua""}]",synthetic_positive_single
train-02380,She hopes to climb Mauna Loa next year.,"[""She"", ""hopes"", ""to"", ""climb"", ""Mauna"", ""Loa"", ""next"", ""year"", "".""]","[""O"", ""O"", ""O"", ""O"", ""B-MOUNTAIN"", ""I-MOUNTAIN"", ""O"", ""O"", ""O""]","[{""start"": 19, ""end"": 28, ""label"": ""MOUNTAIN"", ""text"": ""Mauna Loa""}]",synthetic_positive_single
train-02381,"Unlike Mount Ararat, Mount Kosciuszko was hidden by clouds.","[""Unlike"", ""Mount"", ""Ararat"", "","", ""Mount"", ""Kosciuszko"", ""was"", ""hidden"", ""by"", ""clouds"", "".""]","[""O"", ""B-MOUNTAIN"", ""I-MOUNTAIN"", ""O"", ""B-MOUNTAIN"", ""I-MOUNTAIN"", ""O"", ""O"", ""O"", ""O"", ""O""]","[{""start"": 7, ""end"": 19, ""label"": ""MOUNTAIN"", ""text"": ""Mount Ararat""}, {""start"": 21, ""end"": 37, ""label"": ""MOUNTAIN"", ""text"": ""Mount Kosciuszko""}]",synthetic_positive_multi
train-02382,The photograph shows Table Mountain at sunrise.,"[""The"", ""photograph"", ""shows"", ""Table"", ""Mountain"", ""at"", ""sunrise"", "".""]","[""O"", ""O"", ""O"", ""B-MOUNTAIN"", ""I-MOUNTAIN"", ""O"", ""O"", ""O""]","[{""start"": 21, ""end"": 35, ""label"": ""MOUNTAIN"", ""text"": ""Table Mountain""}]",synthetic_positive_single
train-02383,Several routes lead toward the summit of Makalu.,"[""Several"", ""routes"", ""lead"", ""toward"", ""the"", ""summit"", ""of"", ""Makalu"", "".""]","[""O"", ""O"", ""O"", ""O"", ""O"", ""O"", ""O"", ""B-MOUNTAIN"", ""O""]","[{""start"": 41, ""end"": 47, ""label"": ""MOUNTAIN"", ""text"": ""Makalu""}]",synthetic_positive_single
train-02384,Snow remained on the upper slopes of Mount Rainier.,"[""Snow"", ""remained"", ""on"", ""the"", ""upper"", ""slopes"", ""of"", ""Mount"", ""Rainier"", "".""]","[""O"", ""O"", ""O"", ""O"", ""O"", ""O"", ""O"", ""B-MOUNTAIN"", ""I-MOUNTAIN"", ""O""]","[{""start"": 37, ""end"": 50, ""label"": ""MOUNTAIN"", ""text"": ""Mount Rainier""}]",synthetic_positive_single
train-02385,The tourist group discussed the camera in the final report.,"[""The"", ""tourist"", ""group"", ""discussed"", ""the"", ""camera"", ""in"", ""the"", ""final"", ""report"", "".""]","[""O"", ""O"", ""O"", ""O"", ""O"", ""O"", ""O"", ""O"", ""O"", ""O"", ""O""]",[],synthetic_negative
train-02386,The team discussed whether to attempt Muztagh Ata or Mount Jefferson.,"[""The"", ""team"", ""discussed"", ""whether"", ""to"", ""attempt"", ""Muztagh"", ""Ata"", ""or"", ""Mount"", ""Jefferson"", "".""]","[""O"", ""O"", ""O"", ""O"", ""O"", ""O"", ""B-MOUNTAIN"", ""I-MOUNTAIN"", ""O"", ""B-MOUNTAIN"", ""I-MOUNTAIN"", ""O""]","[{""start"": 38, ""end"": 49, ""label"": ""MOUNTAIN"", ""text"": ""Muztagh Ata""}, {""start"": 53, ""end"": 68, ""label"": ""MOUNTAIN"", ""text"": ""Mount Jefferson""}]",synthetic_positive_multi
train-02387,"Unlike Mount Tongariro, Mount Hunter was hidden by clouds.","[""Unlike"", ""Mount"", ""Tongariro"", "","", ""Mount"", ""Hunter"", ""was"", ""hidden"", ""by"", ""clouds"", "".""]","[""O"", ""B-MOUNTAIN"", ""I-MOUNTAIN"", ""O"", ""B-MOUNTAIN"", ""I-MOUNTAIN"", ""O"", ""O"", ""O"", ""O"", ""O""]","[{""start"": 7, ""end"": 22, ""label"": ""MOUNTAIN"", ""text"": ""Mount Tongariro""}, {""start"": 24, ""end"": 36, ""label"": ""MOUNTAIN"", ""text"": ""Mount Hunter""}]",synthetic_positive_multi
train-02388,The climbing club checked the aircraft before the deadline.,"[""The"", ""climbing"", ""club"", ""checked"", ""the"", ""aircraft"", ""before"", ""the"", ""deadline"", "".""]","[""O"", ""O"", ""O"", ""O"", ""O"", ""O"", ""O"", ""O"", ""O"", ""O""]",[],synthetic_negative
train-02389,"According to the itinerary, K2 is the main destination.","[""According"", ""to"", ""the"", ""itinerary"", "","", ""K2"", ""is"", ""the"", ""main"", ""destination"", "".""]","[""O"", ""O"", ""O"", ""O"", ""O"", ""B-MOUNTAIN"", ""O"", ""O"", ""O"", ""O"", ""O""]","[{""start"": 28, ""end"": 30, ""label"": ""MOUNTAIN"", ""text"": ""K2""}]",synthetic_positive_single
train-02390,He plans to study glaciers on Eiger and Shishapangma.,"[""He"", ""plans"", ""to"", ""study"", ""glaciers"", ""on"", ""Eiger"", ""and"", ""Shishapangma"", "".""]","[""O"", ""O"", ""O"", ""O"", ""O"", ""O"", ""B-MOUNTAIN"", ""O"", ""B-MOUNTAIN"", ""O""]","[{""start"": 30, ""end"": 35, ""label"": ""MOUNTAIN"", ""text"": ""Eiger""}, {""start"": 40, ""end"": 52, ""label"": ""MOUNTAIN"", ""text"": ""Shishapangma""}]",synthetic_positive_multi
train-02391,"By late afternoon, shadows had covered the slopes of Mount Haku.","[""By"", ""late"", ""afternoon"", "","", ""shadows"", ""had"", ""covered"", ""the"", ""slopes"", ""of"", ""Mount"", ""Haku"", "".""]","[""O"", ""O"", ""O"", ""O"", ""O"", ""O"", ""O"", ""O"", ""O"", ""O"", ""B-MOUNTAIN"", ""I-MOUNTAIN"", ""O""]","[{""start"": 53, ""end"": 63, ""label"": ""MOUNTAIN"", ""text"": ""Mount Haku""}]",synthetic_positive_single
train-02392,"Unlike Pikes Peak, Kongur Tagh was hidden by clouds.","[""Unlike"", ""Pikes"", ""Peak"", "","", ""Kongur"", ""Tagh"", ""was"", ""hidden"", ""by"", ""clouds"", "".""]","[""O"", ""B-MOUNTAIN"", ""I-MOUNTAIN"", ""O"", ""B-MOUNTAIN"", ""I-MOUNTAIN"", ""O"", ""O"", ""O"", ""O"", ""O""]","[{""start"": 7, ""end"": 17, ""label"": ""MOUNTAIN"", ""text"": ""Pikes Peak""}, {""start"": 19, ""end"": 30, ""label"": ""MOUNTAIN"", ""text"": ""Kongur Tagh""}]",synthetic_positive_multi
train-02393,The travel company archived the expedition permit during the meeting.,"[""The"", ""travel"", ""company"", ""archived"", ""the"", ""expedition"", ""permit"", ""during"", ""the"", ""meeting"", "".""]","[""O"", ""O"", ""O"", ""O"", ""O"", ""O"", ""O"", ""O"", ""O"", ""O"", ""O""]",[],synthetic_negative
train-02394,He plans to study glaciers on Mount Whitney and Mount Ngauruhoe.,"[""He"", ""plans"", ""to"", ""study"", ""glaciers"", ""on"", ""Mount"", ""Whitney"", ""and"", ""Mount"", ""Ngauruhoe"", "".""]","[""O"", ""O"", ""O"", ""O"", ""O"", ""O"", ""B-MOUNTAIN"", ""I-MOUNTAIN"", ""O"", ""B-MOUNTAIN"", ""I-MOUNTAIN"", ""O""]","[{""start"": 30, ""end"": 43, ""label"": ""MOUNTAIN"", ""text"": ""Mount Whitney""}, {""start"": 48, ""end"": 63, ""label"": ""MOUNTAIN"", ""text"": ""Mount Ngauruhoe""}]",synthetic_positive_multi
train-02395,Images of Mount Kenya were placed beside photographs of Alpamayo.,"[""Images"", ""of"", ""Mount"", ""Kenya"", ""were"", ""placed"", ""beside"", ""photographs"", ""of"", ""Alpamayo"", "".""]","[""O"", ""O"", ""B-MOUNTAIN"", ""I-MOUNTAIN"", ""O"", ""O"", ""O"", ""O"", ""O"", ""B-MOUNTAIN"", ""O""]","[{""start"": 10, ""end"": 21, ""label"": ""MOUNTAIN"", ""text"": ""Mount Kenya""}, {""start"": 56, ""end"": 64, ""label"": ""MOUNTAIN"", ""text"": ""Alpamayo""}]",synthetic_positive_multi
train-02396,The map labels both Table Mountain and Mount Baker.,"[""The"", ""map"", ""labels"", ""both"", ""Table"", ""Mountain"", ""and"", ""Mount"", ""Baker"", "".""]","[""O"", ""O"", ""O"", ""O"", ""B-MOUNTAIN"", ""I-MOUNTAIN"", ""O"", ""B-MOUNTAIN"", ""I-MOUNTAIN"", ""O""]","[{""start"": 20, ""end"": 34, ""label"": ""MOUNTAIN"", ""text"": ""Table Mountain""}, {""start"": 39, ""end"": 50, ""label"": ""MOUNTAIN"", ""text"": ""Mount Baker""}]",synthetic_positive_multi
train-02397,Our route passes near Mount Tasman before turning toward Mount Agung.,"[""Our"", ""route"", ""passes"", ""near"", ""Mount"", ""Tasman"", ""before"", ""turning"", ""toward"", ""Mount"", ""Agung"", "".""]","[""O"", ""O"", ""O"", ""O"", ""B-MOUNTAIN"", ""I-MOUNTAIN"", ""O"", ""O"", ""O"", ""B-MOUNTAIN"", ""I-MOUNTAIN"", ""O""]","[{""start"": 22, ""end"": 34, ""label"": ""MOUNTAIN"", ""text"": ""Mount Tasman""}, {""start"": 57, ""end"": 68, ""label"": ""MOUNTAIN"", ""text"": ""Mount Agung""}]",synthetic_positive_multi
train-02398,Snow remained on the upper slopes of Mount Adams.,"[""Snow"", ""remained"", ""on"", ""the"", ""upper"", ""slopes"", ""of"", ""Mount"", ""Adams"", "".""]","[""O"", ""O"", ""O"", ""O"", ""O"", ""O"", ""O"", ""B-MOUNTAIN"", ""I-MOUNTAIN"", ""O""]","[{""start"": 37, ""end"": 48, ""label"": ""MOUNTAIN"", ""text"": ""Mount Adams""}]",synthetic_positive_single
train-02399,The weather changed quickly as they approached Mount Etna.,"[""The"", ""weather"", ""changed"", ""quickly"", ""as"", ""they"", ""approached"", ""Mount"", ""Etna"", "".""]","[""O"", ""O"", ""O"", ""O"", ""O"", ""O"", ""O"", ""B-MOUNTAIN"", ""I-MOUNTAIN"", ""O""]","[{""start"": 47, ""end"": 57, ""label"": ""MOUNTAIN"", ""text"": ""Mount Etna""}]",synthetic_positive_single
